2025-05-13 12:23:18,708 [main] ERROR StackTrace  - Full Stack Trace:
Condition not satisfied:

tekEvent.toString() == 'Grovy One, San Francisco'
|        |          |
|        |          false
|        |          1 difference (96% similarity)
|        |          Gro(o)vy One, San Francisco
|        |          Gro(-)vy One, San Francisco
|        Groovy One, San Francisco
Groovy One, San Francisco

	at com.tekdays.TekEventSpec.test toString(TekEventSpec.groovy:24)
2025-05-13 12:23:18,716 [main] ERROR StackTrace  - Full Stack Trace:
Condition not satisfied:

tekEvent.toString() == 'Grovy One, San Francisco'
|        |          |
|        |          false
|        |          1 difference (96% similarity)
|        |          Gro(o)vy One, San Francisco
|        |          Gro(-)vy One, San Francisco
|        Groovy One, San Francisco
Groovy One, San Francisco

	at com.tekdays.TekEventSpec.test toString(TekEventSpec.groovy:24)
2025-05-13 12:23:18,717 [main] ERROR StackTrace  - Full Stack Trace:
junit.framework.AssertionFailedError: Condition not satisfied:

tekEvent.toString() == 'Grovy One, San Francisco'
|        |          |
|        |          false
|        |          1 difference (96% similarity)
|        |          Gro(o)vy One, San Francisco
|        |          Gro(-)vy One, San Francisco
|        Groovy One, San Francisco
Groovy One, San Francisco

	at com.tekdays.TekEventSpec.test toString(TekEventSpec.groovy:24)
2025-05-13 12:23:18,718 [main] ERROR StackTrace  - Full Stack Trace:
junit.framework.AssertionFailedError: Condition not satisfied:

tekEvent.toString() == 'Grovy One, San Francisco'
|        |          |
|        |          false
|        |          1 difference (96% similarity)
|        |          Gro(o)vy One, San Francisco
|        |          Gro(-)vy One, San Francisco
|        Groovy One, San Francisco
Groovy One, San Francisco

	at com.tekdays.TekEventSpec.test toString(TekEventSpec.groovy:24)
2025-05-13 12:23:18,724 [main] ERROR StackTrace  - Full Stack Trace:
junit.framework.AssertionFailedError: Condition not satisfied:

tekEvent.toString() == 'Grovy One, San Francisco'
|        |          |
|        |          false
|        |          1 difference (96% similarity)
|        |          Gro(o)vy One, San Francisco
|        |          Gro(-)vy One, San Francisco
|        Groovy One, San Francisco
Groovy One, San Francisco

	at com.tekdays.TekEventSpec.test toString(TekEventSpec.groovy:24)
2025-05-13 12:23:18,724 [main] ERROR StackTrace  - Full Stack Trace:
junit.framework.AssertionFailedError: Condition not satisfied:

tekEvent.toString() == 'Grovy One, San Francisco'
|        |          |
|        |          false
|        |          1 difference (96% similarity)
|        |          Gro(o)vy One, San Francisco
|        |          Gro(-)vy One, San Francisco
|        Groovy One, San Francisco
Groovy One, San Francisco

	at com.tekdays.TekEventSpec.test toString(TekEventSpec.groovy:24)
2025-05-13 12:58:46,526 [main] ERROR StackTrace  - Full Stack Trace:
Condition not satisfied:

tekEvent.toString() == 'Grovy One, San Francisco'
|        |          |
|        |          false
|        |          1 difference (96% similarity)
|        |          Gro(o)vy One, San Francisco
|        |          Gro(-)vy One, San Francisco
|        Groovy One, San Francisco
Groovy One, San Francisco

	at com.tekdays.TekEventSpec.test toString(TekEventSpec.groovy:24)
2025-05-13 12:58:46,530 [main] ERROR StackTrace  - Full Stack Trace:
Condition not satisfied:

tekEvent.toString() == 'Grovy One, San Francisco'
|        |          |
|        |          false
|        |          1 difference (96% similarity)
|        |          Gro(o)vy One, San Francisco
|        |          Gro(-)vy One, San Francisco
|        Groovy One, San Francisco
Groovy One, San Francisco

	at com.tekdays.TekEventSpec.test toString(TekEventSpec.groovy:24)
2025-05-13 12:58:46,531 [main] ERROR StackTrace  - Full Stack Trace:
junit.framework.AssertionFailedError: Condition not satisfied:

tekEvent.toString() == 'Grovy One, San Francisco'
|        |          |
|        |          false
|        |          1 difference (96% similarity)
|        |          Gro(o)vy One, San Francisco
|        |          Gro(-)vy One, San Francisco
|        Groovy One, San Francisco
Groovy One, San Francisco

	at com.tekdays.TekEventSpec.test toString(TekEventSpec.groovy:24)
2025-05-13 12:58:46,531 [main] ERROR StackTrace  - Full Stack Trace:
junit.framework.AssertionFailedError: Condition not satisfied:

tekEvent.toString() == 'Grovy One, San Francisco'
|        |          |
|        |          false
|        |          1 difference (96% similarity)
|        |          Gro(o)vy One, San Francisco
|        |          Gro(-)vy One, San Francisco
|        Groovy One, San Francisco
Groovy One, San Francisco

	at com.tekdays.TekEventSpec.test toString(TekEventSpec.groovy:24)
2025-05-13 12:58:46,535 [main] ERROR StackTrace  - Full Stack Trace:
junit.framework.AssertionFailedError: Condition not satisfied:

tekEvent.toString() == 'Grovy One, San Francisco'
|        |          |
|        |          false
|        |          1 difference (96% similarity)
|        |          Gro(o)vy One, San Francisco
|        |          Gro(-)vy One, San Francisco
|        Groovy One, San Francisco
Groovy One, San Francisco

	at com.tekdays.TekEventSpec.test toString(TekEventSpec.groovy:24)
2025-05-13 12:58:46,535 [main] ERROR StackTrace  - Full Stack Trace:
junit.framework.AssertionFailedError: Condition not satisfied:

tekEvent.toString() == 'Grovy One, San Francisco'
|        |          |
|        |          false
|        |          1 difference (96% similarity)
|        |          Gro(o)vy One, San Francisco
|        |          Gro(-)vy One, San Francisco
|        Groovy One, San Francisco
Groovy One, San Francisco

	at com.tekdays.TekEventSpec.test toString(TekEventSpec.groovy:24)
2025-05-13 16:45:09,235 [http-bio-8080-exec-2] ERROR StackTrace  - Full Stack Trace:
java.lang.NullPointerException
	at com.opensymphony.module.sitemesh.filter.HttpContentType.<init>(HttpContentType.java:15)
	at com.opensymphony.sitemesh.compatability.PageParser2ContentProcessor.build(PageParser2ContentProcessor.java:49)
	at org.codehaus.groovy.grails.web.sitemesh.GrailsContentBufferingResponse.getContent(GrailsContentBufferingResponse.java:89)
	at org.codehaus.groovy.grails.web.sitemesh.GrailsLayoutView.obtainContent(GrailsLayoutView.java:101)
	at org.codehaus.groovy.grails.web.sitemesh.GrailsLayoutView.renderTemplate(GrailsLayoutView.java:55)
	at org.codehaus.groovy.grails.web.servlet.view.AbstractGrailsView.renderWithinGrailsWebRequest(AbstractGrailsView.java:49)
	at org.codehaus.groovy.grails.web.servlet.view.AbstractGrailsView.renderMergedOutputModel(AbstractGrailsView.java:33)
	at org.springframework.web.servlet.view.AbstractView.render(AbstractView.java:303)
	at org.springframework.web.servlet.DispatcherServlet.render(DispatcherServlet.java:1243)
	at org.codehaus.groovy.grails.web.servlet.GrailsDispatcherServlet.doDispatch(GrailsDispatcherServlet.java:388)
	at org.springframework.web.servlet.DispatcherServlet.doService(DispatcherServlet.java:893)
	at org.springframework.web.servlet.FrameworkServlet.processRequest(FrameworkServlet.java:965)
	at org.springframework.web.servlet.FrameworkServlet.doGet(FrameworkServlet.java:856)
	at javax.servlet.http.HttpServlet.service(HttpServlet.java:624)
	at org.springframework.web.servlet.FrameworkServlet.service(FrameworkServlet.java:841)
	at javax.servlet.http.HttpServlet.service(HttpServlet.java:731)
	at org.apache.catalina.core.ApplicationFilterChain.internalDoFilter(ApplicationFilterChain.java:303)
	at org.apache.catalina.core.ApplicationFilterChain.doFilter(ApplicationFilterChain.java:208)
	at org.apache.tomcat.websocket.server.WsFilter.doFilter(WsFilter.java:52)
	at org.apache.catalina.core.ApplicationFilterChain.internalDoFilter(ApplicationFilterChain.java:241)
	at org.apache.catalina.core.ApplicationFilterChain.doFilter(ApplicationFilterChain.java:208)
	at grails.plugin.cache.web.filter.PageFragmentCachingFilter.doFilter(PageFragmentCachingFilter.java:198)
	at grails.plugin.cache.web.filter.AbstractFilter.doFilter(AbstractFilter.java:63)
	at org.springframework.web.filter.DelegatingFilterProxy.invokeDelegate(DelegatingFilterProxy.java:344)
	at org.springframework.web.filter.DelegatingFilterProxy.doFilter(DelegatingFilterProxy.java:261)
	at org.apache.catalina.core.ApplicationFilterChain.internalDoFilter(ApplicationFilterChain.java:241)
	at org.apache.catalina.core.ApplicationFilterChain.doFilter(ApplicationFilterChain.java:208)
	at org.springframework.web.filter.OncePerRequestFilter.doFilter(OncePerRequestFilter.java:101)
	at org.apache.catalina.core.ApplicationFilterChain.internalDoFilter(ApplicationFilterChain.java:241)
	at org.apache.catalina.core.ApplicationFilterChain.doFilter(ApplicationFilterChain.java:208)
	at org.springframework.web.filter.OncePerRequestFilter.doFilter(OncePerRequestFilter.java:101)
	at org.apache.catalina.core.ApplicationFilterChain.internalDoFilter(ApplicationFilterChain.java:241)
	at org.apache.catalina.core.ApplicationFilterChain.doFilter(ApplicationFilterChain.java:208)
	at org.springframework.web.filter.OncePerRequestFilter.doFilter(OncePerRequestFilter.java:101)
	at org.apache.catalina.core.ApplicationFilterChain.internalDoFilter(ApplicationFilterChain.java:241)
	at org.apache.catalina.core.ApplicationFilterChain.doFilter(ApplicationFilterChain.java:208)
	at org.apache.catalina.core.ApplicationDispatcher.invoke(ApplicationDispatcher.java:747)
	at org.apache.catalina.core.ApplicationDispatcher.processRequest(ApplicationDispatcher.java:485)
	at org.apache.catalina.core.ApplicationDispatcher.doForward(ApplicationDispatcher.java:410)
	at org.apache.catalina.core.ApplicationDispatcher.forward(ApplicationDispatcher.java:337)
	at org.codehaus.groovy.grails.web.mapping.UrlMappingUtils.forwardRequestForUrlMappingInfo(UrlMappingUtils.java:178)
	at org.codehaus.groovy.grails.web.mapping.UrlMappingUtils.forwardRequestForUrlMappingInfo(UrlMappingUtils.java:144)
	at org.codehaus.groovy.grails.web.mapping.UrlMappingUtils.forwardRequestForUrlMappingInfo(UrlMappingUtils.java:135)
	at org.codehaus.groovy.grails.web.mapping.filter.UrlMappingsFilter.doFilterInternal(UrlMappingsFilter.java:216)
	at org.springframework.web.filter.OncePerRequestFilter.doFilter(OncePerRequestFilter.java:107)
	at org.apache.catalina.core.ApplicationFilterChain.internalDoFilter(ApplicationFilterChain.java:241)
	at org.apache.catalina.core.ApplicationFilterChain.doFilter(ApplicationFilterChain.java:208)
	at org.codehaus.groovy.grails.web.servlet.mvc.GrailsWebRequestFilter.doFilterInternal(GrailsWebRequestFilter.java:69)
	at org.springframework.web.filter.OncePerRequestFilter.doFilter(OncePerRequestFilter.java:107)
	at org.apache.catalina.core.ApplicationFilterChain.internalDoFilter(ApplicationFilterChain.java:241)
	at org.apache.catalina.core.ApplicationFilterChain.doFilter(ApplicationFilterChain.java:208)
	at org.codehaus.groovy.grails.web.filters.HiddenHttpMethodFilter.doFilterInternal(HiddenHttpMethodFilter.java:67)
	at org.springframework.web.filter.OncePerRequestFilter.doFilter(OncePerRequestFilter.java:107)
	at org.apache.catalina.core.ApplicationFilterChain.internalDoFilter(ApplicationFilterChain.java:241)
	at org.apache.catalina.core.ApplicationFilterChain.doFilter(ApplicationFilterChain.java:208)
	at org.springframework.web.filter.CharacterEncodingFilter.doFilterInternal(CharacterEncodingFilter.java:85)
	at org.springframework.web.filter.OncePerRequestFilter.doFilter(OncePerRequestFilter.java:107)
	at org.springframework.web.filter.DelegatingFilterProxy.invokeDelegate(DelegatingFilterProxy.java:344)
	at org.springframework.web.filter.DelegatingFilterProxy.doFilter(DelegatingFilterProxy.java:261)
	at org.apache.catalina.core.ApplicationFilterChain.internalDoFilter(ApplicationFilterChain.java:241)
	at org.apache.catalina.core.ApplicationFilterChain.doFilter(ApplicationFilterChain.java:208)
	at org.apache.catalina.core.StandardWrapperValve.invoke(StandardWrapperValve.java:218)
	at org.apache.catalina.core.StandardContextValve.invoke(StandardContextValve.java:122)
	at org.apache.catalina.core.StandardHostValve.invoke(StandardHostValve.java:169)
	at org.apache.catalina.valves.ErrorReportValve.invoke(ErrorReportValve.java:103)
	at org.apache.catalina.core.StandardEngineValve.invoke(StandardEngineValve.java:116)
	at org.apache.catalina.connector.CoyoteAdapter.service(CoyoteAdapter.java:442)
	at org.apache.coyote.http11.AbstractHttp11Processor.process(AbstractHttp11Processor.java:1082)
	at org.apache.coyote.AbstractProtocol$AbstractConnectionHandler.process(AbstractProtocol.java:623)
	at org.apache.tomcat.util.net.JIoEndpoint$SocketProcessor.run(JIoEndpoint.java:318)
	at java.util.concurrent.ThreadPoolExecutor.runWorker(ThreadPoolExecutor.java:1149)
	at java.util.concurrent.ThreadPoolExecutor$Worker.run(ThreadPoolExecutor.java:624)
	at org.apache.tomcat.util.threads.TaskThread$WrappingRunnable.run(TaskThread.java:61)
	at java.lang.Thread.run(Thread.java:748)
2025-05-13 16:45:09,236 [http-bio-8080-exec-2] ERROR StackTrace  - Full Stack Trace:
java.lang.NullPointerException
	at grails.plugin.cache.web.filter.PageFragmentCachingFilter.doFilter(PageFragmentCachingFilter.java:198)
	at grails.plugin.cache.web.filter.AbstractFilter.doFilter(AbstractFilter.java:63)
	at java.util.concurrent.ThreadPoolExecutor.runWorker(ThreadPoolExecutor.java:1149)
	at java.util.concurrent.ThreadPoolExecutor$Worker.run(ThreadPoolExecutor.java:624)
	at java.lang.Thread.run(Thread.java:748)
2025-05-13 16:45:09,240 [http-bio-8080-exec-2] ERROR StackTrace  - Full Stack Trace:
java.lang.NullPointerException
	at grails.plugin.cache.web.filter.PageFragmentCachingFilter.doFilter(PageFragmentCachingFilter.java:198)
	at grails.plugin.cache.web.filter.AbstractFilter.doFilter(AbstractFilter.java:63)
	at java.util.concurrent.ThreadPoolExecutor.runWorker(ThreadPoolExecutor.java:1149)
	at java.util.concurrent.ThreadPoolExecutor$Worker.run(ThreadPoolExecutor.java:624)
	at java.lang.Thread.run(Thread.java:748)
2025-05-13 16:45:09,240 [http-bio-8080-exec-2] ERROR StackTrace  - Full Stack Trace:
java.lang.NullPointerException
	at grails.plugin.cache.web.filter.PageFragmentCachingFilter.doFilter(PageFragmentCachingFilter.java:198)
	at grails.plugin.cache.web.filter.AbstractFilter.doFilter(AbstractFilter.java:63)
	at java.util.concurrent.ThreadPoolExecutor.runWorker(ThreadPoolExecutor.java:1149)
	at java.util.concurrent.ThreadPoolExecutor$Worker.run(ThreadPoolExecutor.java:624)
	at java.lang.Thread.run(Thread.java:748)
2025-05-13 16:45:09,240 [http-bio-8080-exec-2] ERROR StackTrace  - Full Stack Trace:
java.lang.NullPointerException
	at grails.plugin.cache.web.filter.PageFragmentCachingFilter.doFilter(PageFragmentCachingFilter.java:198)
	at grails.plugin.cache.web.filter.AbstractFilter.doFilter(AbstractFilter.java:63)
	at java.util.concurrent.ThreadPoolExecutor.runWorker(ThreadPoolExecutor.java:1149)
	at java.util.concurrent.ThreadPoolExecutor$Worker.run(ThreadPoolExecutor.java:624)
	at java.lang.Thread.run(Thread.java:748)
2025-05-13 16:45:09,240 [http-bio-8080-exec-2] ERROR StackTrace  - Full Stack Trace:
java.lang.NullPointerException
	at grails.plugin.cache.web.filter.PageFragmentCachingFilter.doFilter(PageFragmentCachingFilter.java:198)
	at grails.plugin.cache.web.filter.AbstractFilter.doFilter(AbstractFilter.java:63)
	at java.util.concurrent.ThreadPoolExecutor.runWorker(ThreadPoolExecutor.java:1149)
	at java.util.concurrent.ThreadPoolExecutor$Worker.run(ThreadPoolExecutor.java:624)
	at java.lang.Thread.run(Thread.java:748)
2025-05-13 16:45:09,393 [http-bio-8080-exec-2] ERROR StackTrace  - Full Stack Trace:
java.lang.NullPointerException
	at grails.plugin.cache.web.filter.PageFragmentCachingFilter.doFilter(PageFragmentCachingFilter.java:198)
	at grails.plugin.cache.web.filter.AbstractFilter.doFilter(AbstractFilter.java:63)
	at java.util.concurrent.ThreadPoolExecutor.runWorker(ThreadPoolExecutor.java:1149)
	at java.util.concurrent.ThreadPoolExecutor$Worker.run(ThreadPoolExecutor.java:624)
	at java.lang.Thread.run(Thread.java:748)
2025-05-13 16:45:09,393 [http-bio-8080-exec-2] ERROR StackTrace  - Full Stack Trace:
java.lang.NullPointerException
	at grails.plugin.cache.web.filter.PageFragmentCachingFilter.doFilter(PageFragmentCachingFilter.java:198)
	at grails.plugin.cache.web.filter.AbstractFilter.doFilter(AbstractFilter.java:63)
	at java.util.concurrent.ThreadPoolExecutor.runWorker(ThreadPoolExecutor.java:1149)
	at java.util.concurrent.ThreadPoolExecutor$Worker.run(ThreadPoolExecutor.java:624)
	at java.lang.Thread.run(Thread.java:748)
2025-05-13 16:48:13,163 [http-bio-8080-exec-9] ERROR StackTrace  - Full Stack Trace:
org.codehaus.groovy.grails.web.pages.exceptions.GroovyPagesException: Error processing GroovyPageView: Template not found for name [form] and path [/tekDays/_form.gsp]
	at org.codehaus.groovy.grails.web.servlet.view.GroovyPageView.createGroovyPageException(GroovyPageView.java:127)
	at org.codehaus.groovy.grails.web.servlet.view.GroovyPageView.handleException(GroovyPageView.java:104)
	at org.codehaus.groovy.grails.web.servlet.view.GroovyPageView.renderTemplate(GroovyPageView.java:75)
	at org.codehaus.groovy.grails.web.servlet.view.AbstractGrailsView.renderWithinGrailsWebRequest(AbstractGrailsView.java:49)
	at org.codehaus.groovy.grails.web.servlet.view.AbstractGrailsView.renderMergedOutputModel(AbstractGrailsView.java:33)
	at org.springframework.web.servlet.view.AbstractView.render(AbstractView.java:303)
	at org.codehaus.groovy.grails.web.sitemesh.GrailsLayoutView.renderInnerView(GrailsLayoutView.java:118)
	at org.codehaus.groovy.grails.web.sitemesh.GrailsLayoutView.obtainContent(GrailsLayoutView.java:99)
	at org.codehaus.groovy.grails.web.sitemesh.GrailsLayoutView.renderTemplate(GrailsLayoutView.java:55)
	at org.codehaus.groovy.grails.web.servlet.view.AbstractGrailsView.renderWithinGrailsWebRequest(AbstractGrailsView.java:49)
	at org.codehaus.groovy.grails.web.servlet.view.AbstractGrailsView.renderMergedOutputModel(AbstractGrailsView.java:33)
	at org.springframework.web.servlet.view.AbstractView.render(AbstractView.java:303)
	at org.springframework.web.servlet.DispatcherServlet.render(DispatcherServlet.java:1243)
	at org.codehaus.groovy.grails.web.servlet.GrailsDispatcherServlet.doDispatch(GrailsDispatcherServlet.java:388)
	at org.springframework.web.servlet.DispatcherServlet.doService(DispatcherServlet.java:893)
	at org.springframework.web.servlet.FrameworkServlet.processRequest(FrameworkServlet.java:965)
	at org.springframework.web.servlet.FrameworkServlet.doGet(FrameworkServlet.java:856)
	at javax.servlet.http.HttpServlet.service(HttpServlet.java:624)
	at org.springframework.web.servlet.FrameworkServlet.service(FrameworkServlet.java:841)
	at javax.servlet.http.HttpServlet.service(HttpServlet.java:731)
	at org.apache.catalina.core.ApplicationFilterChain.internalDoFilter(ApplicationFilterChain.java:303)
	at org.apache.catalina.core.ApplicationFilterChain.doFilter(ApplicationFilterChain.java:208)
	at org.apache.tomcat.websocket.server.WsFilter.doFilter(WsFilter.java:52)
	at org.apache.catalina.core.ApplicationFilterChain.internalDoFilter(ApplicationFilterChain.java:241)
	at org.apache.catalina.core.ApplicationFilterChain.doFilter(ApplicationFilterChain.java:208)
	at grails.plugin.cache.web.filter.PageFragmentCachingFilter.doFilter(PageFragmentCachingFilter.java:198)
	at grails.plugin.cache.web.filter.AbstractFilter.doFilter(AbstractFilter.java:63)
	at org.springframework.web.filter.DelegatingFilterProxy.invokeDelegate(DelegatingFilterProxy.java:344)
	at org.springframework.web.filter.DelegatingFilterProxy.doFilter(DelegatingFilterProxy.java:261)
	at org.apache.catalina.core.ApplicationFilterChain.internalDoFilter(ApplicationFilterChain.java:241)
	at org.apache.catalina.core.ApplicationFilterChain.doFilter(ApplicationFilterChain.java:208)
	at org.springframework.web.filter.OncePerRequestFilter.doFilter(OncePerRequestFilter.java:101)
	at org.apache.catalina.core.ApplicationFilterChain.internalDoFilter(ApplicationFilterChain.java:241)
	at org.apache.catalina.core.ApplicationFilterChain.doFilter(ApplicationFilterChain.java:208)
	at org.springframework.web.filter.OncePerRequestFilter.doFilter(OncePerRequestFilter.java:101)
	at org.apache.catalina.core.ApplicationFilterChain.internalDoFilter(ApplicationFilterChain.java:241)
	at org.apache.catalina.core.ApplicationFilterChain.doFilter(ApplicationFilterChain.java:208)
	at org.springframework.web.filter.OncePerRequestFilter.doFilter(OncePerRequestFilter.java:101)
	at org.apache.catalina.core.ApplicationFilterChain.internalDoFilter(ApplicationFilterChain.java:241)
	at org.apache.catalina.core.ApplicationFilterChain.doFilter(ApplicationFilterChain.java:208)
	at org.apache.catalina.core.ApplicationDispatcher.invoke(ApplicationDispatcher.java:747)
	at org.apache.catalina.core.ApplicationDispatcher.processRequest(ApplicationDispatcher.java:485)
	at org.apache.catalina.core.ApplicationDispatcher.doForward(ApplicationDispatcher.java:410)
	at org.apache.catalina.core.ApplicationDispatcher.forward(ApplicationDispatcher.java:337)
	at org.codehaus.groovy.grails.web.mapping.UrlMappingUtils.forwardRequestForUrlMappingInfo(UrlMappingUtils.java:178)
	at org.codehaus.groovy.grails.web.mapping.UrlMappingUtils.forwardRequestForUrlMappingInfo(UrlMappingUtils.java:144)
	at org.codehaus.groovy.grails.web.mapping.UrlMappingUtils.forwardRequestForUrlMappingInfo(UrlMappingUtils.java:135)
	at org.codehaus.groovy.grails.web.mapping.filter.UrlMappingsFilter.doFilterInternal(UrlMappingsFilter.java:216)
	at org.springframework.web.filter.OncePerRequestFilter.doFilter(OncePerRequestFilter.java:107)
	at org.apache.catalina.core.ApplicationFilterChain.internalDoFilter(ApplicationFilterChain.java:241)
	at org.apache.catalina.core.ApplicationFilterChain.doFilter(ApplicationFilterChain.java:208)
	at org.codehaus.groovy.grails.web.servlet.mvc.GrailsWebRequestFilter.doFilterInternal(GrailsWebRequestFilter.java:69)
	at org.springframework.web.filter.OncePerRequestFilter.doFilter(OncePerRequestFilter.java:107)
	at org.apache.catalina.core.ApplicationFilterChain.internalDoFilter(ApplicationFilterChain.java:241)
	at org.apache.catalina.core.ApplicationFilterChain.doFilter(ApplicationFilterChain.java:208)
	at org.codehaus.groovy.grails.web.filters.HiddenHttpMethodFilter.doFilterInternal(HiddenHttpMethodFilter.java:67)
	at org.springframework.web.filter.OncePerRequestFilter.doFilter(OncePerRequestFilter.java:107)
	at org.apache.catalina.core.ApplicationFilterChain.internalDoFilter(ApplicationFilterChain.java:241)
	at org.apache.catalina.core.ApplicationFilterChain.doFilter(ApplicationFilterChain.java:208)
	at org.springframework.web.filter.CharacterEncodingFilter.doFilterInternal(CharacterEncodingFilter.java:85)
	at org.springframework.web.filter.OncePerRequestFilter.doFilter(OncePerRequestFilter.java:107)
	at org.springframework.web.filter.DelegatingFilterProxy.invokeDelegate(DelegatingFilterProxy.java:344)
	at org.springframework.web.filter.DelegatingFilterProxy.doFilter(DelegatingFilterProxy.java:261)
	at org.apache.catalina.core.ApplicationFilterChain.internalDoFilter(ApplicationFilterChain.java:241)
	at org.apache.catalina.core.ApplicationFilterChain.doFilter(ApplicationFilterChain.java:208)
	at org.apache.catalina.core.StandardWrapperValve.invoke(StandardWrapperValve.java:218)
	at org.apache.catalina.core.StandardContextValve.invoke(StandardContextValve.java:122)
	at org.apache.catalina.core.StandardHostValve.invoke(StandardHostValve.java:169)
	at org.apache.catalina.valves.ErrorReportValve.invoke(ErrorReportValve.java:103)
	at org.apache.catalina.core.StandardEngineValve.invoke(StandardEngineValve.java:116)
	at org.apache.catalina.connector.CoyoteAdapter.service(CoyoteAdapter.java:442)
	at org.apache.coyote.http11.AbstractHttp11Processor.process(AbstractHttp11Processor.java:1082)
	at org.apache.coyote.AbstractProtocol$AbstractConnectionHandler.process(AbstractProtocol.java:623)
	at org.apache.tomcat.util.net.JIoEndpoint$SocketProcessor.run(JIoEndpoint.java:318)
	at java.util.concurrent.ThreadPoolExecutor.runWorker(ThreadPoolExecutor.java:1149)
	at java.util.concurrent.ThreadPoolExecutor$Worker.run(ThreadPoolExecutor.java:624)
	at org.apache.tomcat.util.threads.TaskThread$WrappingRunnable.run(TaskThread.java:61)
	at java.lang.Thread.run(Thread.java:748)
Caused by: org.codehaus.groovy.grails.web.taglib.exceptions.GrailsTagException: Template not found for name [form] and path [/tekDays/_form.gsp]
	at org.codehaus.groovy.grails.web.pages.GroovyPage.throwRootCause(GroovyPage.java:524)
	at org.codehaus.groovy.grails.web.pages.GroovyPage.invokeTag(GroovyPage.java:470)
	at sun.reflect.GeneratedMethodAccessor160.invoke(Unknown Source)
	at sun.reflect.DelegatingMethodAccessorImpl.invoke(DelegatingMethodAccessorImpl.java:43)
	at java.lang.reflect.Method.invoke(Method.java:498)
	at org.springsource.loaded.ri.ReflectiveInterceptor.jlrMethodInvoke(ReflectiveInterceptor.java:1426)
	at org.codehaus.groovy.reflection.CachedMethod.invoke(CachedMethod.java:93)
	at groovy.lang.MetaMethod.doMethodInvoke(MetaMethod.java:325)
	at groovy.lang.MetaClassImpl.invokeMethod(MetaClassImpl.java:1218)
	at groovy.lang.ExpandoMetaClass.invokeMethod(ExpandoMetaClass.java:1125)
	at groovy.lang.MetaClassImpl.invokeMethod(MetaClassImpl.java:1027)
	at groovy.lang.MetaClassImpl.invokeMethod(MetaClassImpl.java:1122)
	at groovy.lang.ExpandoMetaClass.invokeMethod(ExpandoMetaClass.java:1125)
	at groovy.lang.MetaClassImpl.invokeMethod(MetaClassImpl.java:1027)
	at org.codehaus.groovy.runtime.callsite.PogoMetaClassSite.callCurrent(PogoMetaClassSite.java:69)
	at org.codehaus.groovy.runtime.callsite.CallSiteArray.defaultCallCurrent(CallSiteArray.java:52)
	at org.codehaus.groovy.runtime.callsite.AbstractCallSite.callCurrent(AbstractCallSite.java:154)
	at home_sofs5_Project_TekDays_grails_app_views_tekDays_create_gsp$_run_closure2.doCall(home_sofs5_Project_TekDays_grails_app_views_tekDays_create_gsp:78)
	at sun.reflect.NativeMethodAccessorImpl.invoke0(Native Method)
	at sun.reflect.NativeMethodAccessorImpl.invoke(NativeMethodAccessorImpl.java:62)
	at sun.reflect.DelegatingMethodAccessorImpl.invoke(DelegatingMethodAccessorImpl.java:43)
	at java.lang.reflect.Method.invoke(Method.java:498)
	at org.springsource.loaded.ri.ReflectiveInterceptor.jlrMethodInvoke(ReflectiveInterceptor.java:1426)
	at org.codehaus.groovy.reflection.CachedMethod.invoke(CachedMethod.java:93)
	at groovy.lang.MetaMethod.doMethodInvoke(MetaMethod.java:325)
	at groovy.lang.MetaClassImpl.invokeMethod(MetaClassImpl.java:1218)
	at groovy.lang.ExpandoMetaClass.invokeMethod(ExpandoMetaClass.java:1125)
	at groovy.lang.MetaClassImpl.invokeMethod(MetaClassImpl.java:1027)
	at groovy.lang.Closure.call(Closure.java:414)
	at groovy.lang.Closure.call(Closure.java:408)
	at org.codehaus.groovy.grails.web.taglib.GroovyPageTagBody.executeClosure(GroovyPageTagBody.java:206)
	at org.codehaus.groovy.grails.web.taglib.GroovyPageTagBody.captureClosureOutput(GroovyPageTagBody.java:108)
	at org.codehaus.groovy.grails.web.taglib.GroovyPageTagBody.call(GroovyPageTagBody.java:219)
	at org.codehaus.groovy.grails.plugins.web.taglib.SitemeshTagLib.captureTagContent(SitemeshTagLib.groovy:49)
	at org.codehaus.groovy.grails.plugins.web.taglib.SitemeshTagLib.captureTagContent(SitemeshTagLib.groovy)
	at org.codehaus.groovy.grails.plugins.web.taglib.SitemeshTagLib$_closure3.doCall(SitemeshTagLib.groovy:157)
	at sun.reflect.NativeMethodAccessorImpl.invoke0(Native Method)
	at sun.reflect.NativeMethodAccessorImpl.invoke(NativeMethodAccessorImpl.java:62)
	at sun.reflect.DelegatingMethodAccessorImpl.invoke(DelegatingMethodAccessorImpl.java:43)
	at java.lang.reflect.Method.invoke(Method.java:498)
	at org.springsource.loaded.ri.ReflectiveInterceptor.jlrMethodInvoke(ReflectiveInterceptor.java:1426)
	at org.codehaus.groovy.reflection.CachedMethod.invoke(CachedMethod.java:93)
	at groovy.lang.MetaMethod.doMethodInvoke(MetaMethod.java:325)
	at groovy.lang.MetaClassImpl.invokeMethod(MetaClassImpl.java:1218)
	at groovy.lang.ExpandoMetaClass.invokeMethod(ExpandoMetaClass.java:1125)
	at groovy.lang.MetaClassImpl.invokeMethod(MetaClassImpl.java:1027)
	at groovy.lang.Closure.call(Closure.java:414)
	at org.codehaus.groovy.grails.web.pages.GroovyPage.invokeTagLibClosure(GroovyPage.java:501)
	at org.codehaus.groovy.grails.web.pages.GroovyPage.invokeTag(GroovyPage.java:419)
	at org.codehaus.groovy.grails.web.pages.GroovyPage$invokeTag$4.callCurrent(Unknown Source)
	at org.codehaus.groovy.runtime.callsite.CallSiteArray.defaultCallCurrent(CallSiteArray.java:52)
	at org.codehaus.groovy.runtime.callsite.AbstractCallSite.callCurrent(AbstractCallSite.java:154)
	at home_sofs5_Project_TekDays_grails_app_views_tekDays_create_gsp.run(home_sofs5_Project_TekDays_grails_app_views_tekDays_create_gsp:81)
	at org.codehaus.groovy.grails.web.pages.GroovyPageWritable.doWriteTo(GroovyPageWritable.java:217)
	at org.codehaus.groovy.grails.web.pages.GroovyPageWritable.writeTo(GroovyPageWritable.java:128)
	at org.codehaus.groovy.grails.web.servlet.view.GroovyPageView.renderTemplate(GroovyPageView.java:71)
	... 75 more
2025-05-13 16:48:13,164 [http-bio-8080-exec-9] ERROR StackTrace  - Full Stack Trace:
org.codehaus.groovy.grails.web.taglib.exceptions.GrailsTagException: Template not found for name [form] and path [/tekDays/_form.gsp]
	at org.codehaus.groovy.grails.web.pages.GroovyPage.throwRootCause(GroovyPage.java:524)
	at org.codehaus.groovy.grails.web.pages.GroovyPage.invokeTag(GroovyPage.java:470)
	at sun.reflect.GeneratedMethodAccessor160.invoke(Unknown Source)
	at sun.reflect.DelegatingMethodAccessorImpl.invoke(DelegatingMethodAccessorImpl.java:43)
	at java.lang.reflect.Method.invoke(Method.java:498)
	at org.springsource.loaded.ri.ReflectiveInterceptor.jlrMethodInvoke(ReflectiveInterceptor.java:1426)
	at org.codehaus.groovy.reflection.CachedMethod.invoke(CachedMethod.java:93)
	at groovy.lang.MetaMethod.doMethodInvoke(MetaMethod.java:325)
	at groovy.lang.MetaClassImpl.invokeMethod(MetaClassImpl.java:1218)
	at groovy.lang.ExpandoMetaClass.invokeMethod(ExpandoMetaClass.java:1125)
	at groovy.lang.MetaClassImpl.invokeMethod(MetaClassImpl.java:1027)
	at groovy.lang.MetaClassImpl.invokeMethod(MetaClassImpl.java:1122)
	at groovy.lang.ExpandoMetaClass.invokeMethod(ExpandoMetaClass.java:1125)
	at groovy.lang.MetaClassImpl.invokeMethod(MetaClassImpl.java:1027)
	at org.codehaus.groovy.runtime.callsite.PogoMetaClassSite.callCurrent(PogoMetaClassSite.java:69)
	at org.codehaus.groovy.runtime.callsite.CallSiteArray.defaultCallCurrent(CallSiteArray.java:52)
	at org.codehaus.groovy.runtime.callsite.AbstractCallSite.callCurrent(AbstractCallSite.java:154)
	at home_sofs5_Project_TekDays_grails_app_views_tekDays_create_gsp$_run_closure2.doCall(home_sofs5_Project_TekDays_grails_app_views_tekDays_create_gsp:78)
	at sun.reflect.NativeMethodAccessorImpl.invoke0(Native Method)
	at sun.reflect.NativeMethodAccessorImpl.invoke(NativeMethodAccessorImpl.java:62)
	at sun.reflect.DelegatingMethodAccessorImpl.invoke(DelegatingMethodAccessorImpl.java:43)
	at java.lang.reflect.Method.invoke(Method.java:498)
	at org.springsource.loaded.ri.ReflectiveInterceptor.jlrMethodInvoke(ReflectiveInterceptor.java:1426)
	at org.codehaus.groovy.reflection.CachedMethod.invoke(CachedMethod.java:93)
	at groovy.lang.MetaMethod.doMethodInvoke(MetaMethod.java:325)
	at groovy.lang.MetaClassImpl.invokeMethod(MetaClassImpl.java:1218)
	at groovy.lang.ExpandoMetaClass.invokeMethod(ExpandoMetaClass.java:1125)
	at groovy.lang.MetaClassImpl.invokeMethod(MetaClassImpl.java:1027)
	at groovy.lang.Closure.call(Closure.java:414)
	at groovy.lang.Closure.call(Closure.java:408)
	at org.codehaus.groovy.grails.web.taglib.GroovyPageTagBody.executeClosure(GroovyPageTagBody.java:206)
	at org.codehaus.groovy.grails.web.taglib.GroovyPageTagBody.captureClosureOutput(GroovyPageTagBody.java:108)
	at org.codehaus.groovy.grails.web.taglib.GroovyPageTagBody.call(GroovyPageTagBody.java:219)
	at org.codehaus.groovy.grails.plugins.web.taglib.SitemeshTagLib.captureTagContent(SitemeshTagLib.groovy:49)
	at org.codehaus.groovy.grails.plugins.web.taglib.SitemeshTagLib.captureTagContent(SitemeshTagLib.groovy)
	at org.codehaus.groovy.grails.plugins.web.taglib.SitemeshTagLib$_closure3.doCall(SitemeshTagLib.groovy:157)
	at sun.reflect.NativeMethodAccessorImpl.invoke0(Native Method)
	at sun.reflect.NativeMethodAccessorImpl.invoke(NativeMethodAccessorImpl.java:62)
	at sun.reflect.DelegatingMethodAccessorImpl.invoke(DelegatingMethodAccessorImpl.java:43)
	at java.lang.reflect.Method.invoke(Method.java:498)
	at org.springsource.loaded.ri.ReflectiveInterceptor.jlrMethodInvoke(ReflectiveInterceptor.java:1426)
	at org.codehaus.groovy.reflection.CachedMethod.invoke(CachedMethod.java:93)
	at groovy.lang.MetaMethod.doMethodInvoke(MetaMethod.java:325)
	at groovy.lang.MetaClassImpl.invokeMethod(MetaClassImpl.java:1218)
	at groovy.lang.ExpandoMetaClass.invokeMethod(ExpandoMetaClass.java:1125)
	at groovy.lang.MetaClassImpl.invokeMethod(MetaClassImpl.java:1027)
	at groovy.lang.Closure.call(Closure.java:414)
	at org.codehaus.groovy.grails.web.pages.GroovyPage.invokeTagLibClosure(GroovyPage.java:501)
	at org.codehaus.groovy.grails.web.pages.GroovyPage.invokeTag(GroovyPage.java:419)
	at org.codehaus.groovy.grails.web.pages.GroovyPage$invokeTag$4.callCurrent(Unknown Source)
	at org.codehaus.groovy.runtime.callsite.CallSiteArray.defaultCallCurrent(CallSiteArray.java:52)
	at org.codehaus.groovy.runtime.callsite.AbstractCallSite.callCurrent(AbstractCallSite.java:154)
	at home_sofs5_Project_TekDays_grails_app_views_tekDays_create_gsp.run(home_sofs5_Project_TekDays_grails_app_views_tekDays_create_gsp:81)
	at org.codehaus.groovy.grails.web.pages.GroovyPageWritable.doWriteTo(GroovyPageWritable.java:217)
	at org.codehaus.groovy.grails.web.pages.GroovyPageWritable.writeTo(GroovyPageWritable.java:128)
	at org.codehaus.groovy.grails.web.servlet.view.GroovyPageView.renderTemplate(GroovyPageView.java:71)
	at org.codehaus.groovy.grails.web.servlet.view.AbstractGrailsView.renderWithinGrailsWebRequest(AbstractGrailsView.java:49)
	at org.codehaus.groovy.grails.web.servlet.view.AbstractGrailsView.renderMergedOutputModel(AbstractGrailsView.java:33)
	at org.springframework.web.servlet.view.AbstractView.render(AbstractView.java:303)
	at org.codehaus.groovy.grails.web.sitemesh.GrailsLayoutView.renderInnerView(GrailsLayoutView.java:118)
	at org.codehaus.groovy.grails.web.sitemesh.GrailsLayoutView.obtainContent(GrailsLayoutView.java:99)
	at org.codehaus.groovy.grails.web.sitemesh.GrailsLayoutView.renderTemplate(GrailsLayoutView.java:55)
	at org.codehaus.groovy.grails.web.servlet.view.AbstractGrailsView.renderWithinGrailsWebRequest(AbstractGrailsView.java:49)
	at org.codehaus.groovy.grails.web.servlet.view.AbstractGrailsView.renderMergedOutputModel(AbstractGrailsView.java:33)
	at org.springframework.web.servlet.view.AbstractView.render(AbstractView.java:303)
	at org.springframework.web.servlet.DispatcherServlet.render(DispatcherServlet.java:1243)
	at org.codehaus.groovy.grails.web.servlet.GrailsDispatcherServlet.doDispatch(GrailsDispatcherServlet.java:388)
	at org.springframework.web.servlet.DispatcherServlet.doService(DispatcherServlet.java:893)
	at org.springframework.web.servlet.FrameworkServlet.processRequest(FrameworkServlet.java:965)
	at org.springframework.web.servlet.FrameworkServlet.doGet(FrameworkServlet.java:856)
	at javax.servlet.http.HttpServlet.service(HttpServlet.java:624)
	at org.springframework.web.servlet.FrameworkServlet.service(FrameworkServlet.java:841)
	at javax.servlet.http.HttpServlet.service(HttpServlet.java:731)
	at org.apache.catalina.core.ApplicationFilterChain.internalDoFilter(ApplicationFilterChain.java:303)
	at org.apache.catalina.core.ApplicationFilterChain.doFilter(ApplicationFilterChain.java:208)
	at org.apache.tomcat.websocket.server.WsFilter.doFilter(WsFilter.java:52)
	at org.apache.catalina.core.ApplicationFilterChain.internalDoFilter(ApplicationFilterChain.java:241)
	at org.apache.catalina.core.ApplicationFilterChain.doFilter(ApplicationFilterChain.java:208)
	at grails.plugin.cache.web.filter.PageFragmentCachingFilter.doFilter(PageFragmentCachingFilter.java:198)
	at grails.plugin.cache.web.filter.AbstractFilter.doFilter(AbstractFilter.java:63)
	at org.springframework.web.filter.DelegatingFilterProxy.invokeDelegate(DelegatingFilterProxy.java:344)
	at org.springframework.web.filter.DelegatingFilterProxy.doFilter(DelegatingFilterProxy.java:261)
	at org.apache.catalina.core.ApplicationFilterChain.internalDoFilter(ApplicationFilterChain.java:241)
	at org.apache.catalina.core.ApplicationFilterChain.doFilter(ApplicationFilterChain.java:208)
	at org.springframework.web.filter.OncePerRequestFilter.doFilter(OncePerRequestFilter.java:101)
	at org.apache.catalina.core.ApplicationFilterChain.internalDoFilter(ApplicationFilterChain.java:241)
	at org.apache.catalina.core.ApplicationFilterChain.doFilter(ApplicationFilterChain.java:208)
	at org.springframework.web.filter.OncePerRequestFilter.doFilter(OncePerRequestFilter.java:101)
	at org.apache.catalina.core.ApplicationFilterChain.internalDoFilter(ApplicationFilterChain.java:241)
	at org.apache.catalina.core.ApplicationFilterChain.doFilter(ApplicationFilterChain.java:208)
	at org.springframework.web.filter.OncePerRequestFilter.doFilter(OncePerRequestFilter.java:101)
	at org.apache.catalina.core.ApplicationFilterChain.internalDoFilter(ApplicationFilterChain.java:241)
	at org.apache.catalina.core.ApplicationFilterChain.doFilter(ApplicationFilterChain.java:208)
	at org.apache.catalina.core.ApplicationDispatcher.invoke(ApplicationDispatcher.java:747)
	at org.apache.catalina.core.ApplicationDispatcher.processRequest(ApplicationDispatcher.java:485)
	at org.apache.catalina.core.ApplicationDispatcher.doForward(ApplicationDispatcher.java:410)
	at org.apache.catalina.core.ApplicationDispatcher.forward(ApplicationDispatcher.java:337)
	at org.codehaus.groovy.grails.web.mapping.UrlMappingUtils.forwardRequestForUrlMappingInfo(UrlMappingUtils.java:178)
	at org.codehaus.groovy.grails.web.mapping.UrlMappingUtils.forwardRequestForUrlMappingInfo(UrlMappingUtils.java:144)
	at org.codehaus.groovy.grails.web.mapping.UrlMappingUtils.forwardRequestForUrlMappingInfo(UrlMappingUtils.java:135)
	at org.codehaus.groovy.grails.web.mapping.filter.UrlMappingsFilter.doFilterInternal(UrlMappingsFilter.java:216)
	at org.springframework.web.filter.OncePerRequestFilter.doFilter(OncePerRequestFilter.java:107)
	at org.apache.catalina.core.ApplicationFilterChain.internalDoFilter(ApplicationFilterChain.java:241)
	at org.apache.catalina.core.ApplicationFilterChain.doFilter(ApplicationFilterChain.java:208)
	at org.codehaus.groovy.grails.web.servlet.mvc.GrailsWebRequestFilter.doFilterInternal(GrailsWebRequestFilter.java:69)
	at org.springframework.web.filter.OncePerRequestFilter.doFilter(OncePerRequestFilter.java:107)
	at org.apache.catalina.core.ApplicationFilterChain.internalDoFilter(ApplicationFilterChain.java:241)
	at org.apache.catalina.core.ApplicationFilterChain.doFilter(ApplicationFilterChain.java:208)
	at org.codehaus.groovy.grails.web.filters.HiddenHttpMethodFilter.doFilterInternal(HiddenHttpMethodFilter.java:67)
	at org.springframework.web.filter.OncePerRequestFilter.doFilter(OncePerRequestFilter.java:107)
	at org.apache.catalina.core.ApplicationFilterChain.internalDoFilter(ApplicationFilterChain.java:241)
	at org.apache.catalina.core.ApplicationFilterChain.doFilter(ApplicationFilterChain.java:208)
	at org.springframework.web.filter.CharacterEncodingFilter.doFilterInternal(CharacterEncodingFilter.java:85)
	at org.springframework.web.filter.OncePerRequestFilter.doFilter(OncePerRequestFilter.java:107)
	at org.springframework.web.filter.DelegatingFilterProxy.invokeDelegate(DelegatingFilterProxy.java:344)
	at org.springframework.web.filter.DelegatingFilterProxy.doFilter(DelegatingFilterProxy.java:261)
	at org.apache.catalina.core.ApplicationFilterChain.internalDoFilter(ApplicationFilterChain.java:241)
	at org.apache.catalina.core.ApplicationFilterChain.doFilter(ApplicationFilterChain.java:208)
	at org.apache.catalina.core.StandardWrapperValve.invoke(StandardWrapperValve.java:218)
	at org.apache.catalina.core.StandardContextValve.invoke(StandardContextValve.java:122)
	at org.apache.catalina.core.StandardHostValve.invoke(StandardHostValve.java:169)
	at org.apache.catalina.valves.ErrorReportValve.invoke(ErrorReportValve.java:103)
	at org.apache.catalina.core.StandardEngineValve.invoke(StandardEngineValve.java:116)
	at org.apache.catalina.connector.CoyoteAdapter.service(CoyoteAdapter.java:442)
	at org.apache.coyote.http11.AbstractHttp11Processor.process(AbstractHttp11Processor.java:1082)
	at org.apache.coyote.AbstractProtocol$AbstractConnectionHandler.process(AbstractProtocol.java:623)
	at org.apache.tomcat.util.net.JIoEndpoint$SocketProcessor.run(JIoEndpoint.java:318)
	at java.util.concurrent.ThreadPoolExecutor.runWorker(ThreadPoolExecutor.java:1149)
	at java.util.concurrent.ThreadPoolExecutor$Worker.run(ThreadPoolExecutor.java:624)
	at org.apache.tomcat.util.threads.TaskThread$WrappingRunnable.run(TaskThread.java:61)
	at java.lang.Thread.run(Thread.java:748)
2025-05-13 16:48:13,165 [http-bio-8080-exec-9] ERROR StackTrace  - Full Stack Trace:
org.codehaus.groovy.grails.web.pages.exceptions.GroovyPagesException: Error processing GroovyPageView: Template not found for name [form] and path [/tekDays/_form.gsp]
	at grails.plugin.cache.web.filter.PageFragmentCachingFilter.doFilter(PageFragmentCachingFilter.java:198)
	at grails.plugin.cache.web.filter.AbstractFilter.doFilter(AbstractFilter.java:63)
	at java.util.concurrent.ThreadPoolExecutor.runWorker(ThreadPoolExecutor.java:1149)
	at java.util.concurrent.ThreadPoolExecutor$Worker.run(ThreadPoolExecutor.java:624)
	at java.lang.Thread.run(Thread.java:748)
Caused by: org.codehaus.groovy.grails.web.taglib.exceptions.GrailsTagException: Template not found for name [form] and path [/tekDays/_form.gsp]
	at home_sofs5_Project_TekDays_grails_app_views_tekDays_create_gsp$_run_closure2.doCall(home_sofs5_Project_TekDays_grails_app_views_tekDays_create_gsp:78)
	at home_sofs5_Project_TekDays_grails_app_views_tekDays_create_gsp.run(home_sofs5_Project_TekDays_grails_app_views_tekDays_create_gsp:81)
	... 5 more
2025-05-13 16:48:13,171 [http-bio-8080-exec-9] ERROR StackTrace  - Full Stack Trace:
org.codehaus.groovy.grails.web.pages.exceptions.GroovyPagesException: Error processing GroovyPageView: Template not found for name [form] and path [/tekDays/_form.gsp]
	at grails.plugin.cache.web.filter.PageFragmentCachingFilter.doFilter(PageFragmentCachingFilter.java:198)
	at grails.plugin.cache.web.filter.AbstractFilter.doFilter(AbstractFilter.java:63)
	at java.util.concurrent.ThreadPoolExecutor.runWorker(ThreadPoolExecutor.java:1149)
	at java.util.concurrent.ThreadPoolExecutor$Worker.run(ThreadPoolExecutor.java:624)
	at java.lang.Thread.run(Thread.java:748)
Caused by: org.codehaus.groovy.grails.web.taglib.exceptions.GrailsTagException: Template not found for name [form] and path [/tekDays/_form.gsp]
	at home_sofs5_Project_TekDays_grails_app_views_tekDays_create_gsp$_run_closure2.doCall(home_sofs5_Project_TekDays_grails_app_views_tekDays_create_gsp:78)
	at home_sofs5_Project_TekDays_grails_app_views_tekDays_create_gsp.run(home_sofs5_Project_TekDays_grails_app_views_tekDays_create_gsp:81)
	... 5 more
2025-05-13 16:48:13,172 [http-bio-8080-exec-9] ERROR StackTrace  - Full Stack Trace:
org.codehaus.groovy.grails.web.taglib.exceptions.GrailsTagException: Template not found for name [form] and path [/tekDays/_form.gsp]
	at home_sofs5_Project_TekDays_grails_app_views_tekDays_create_gsp$_run_closure2.doCall(home_sofs5_Project_TekDays_grails_app_views_tekDays_create_gsp:78)
	at home_sofs5_Project_TekDays_grails_app_views_tekDays_create_gsp.run(home_sofs5_Project_TekDays_grails_app_views_tekDays_create_gsp:81)
	at grails.plugin.cache.web.filter.PageFragmentCachingFilter.doFilter(PageFragmentCachingFilter.java:198)
	at grails.plugin.cache.web.filter.AbstractFilter.doFilter(AbstractFilter.java:63)
	at java.util.concurrent.ThreadPoolExecutor.runWorker(ThreadPoolExecutor.java:1149)
	at java.util.concurrent.ThreadPoolExecutor$Worker.run(ThreadPoolExecutor.java:624)
	at java.lang.Thread.run(Thread.java:748)
2025-05-13 16:48:13,172 [http-bio-8080-exec-9] ERROR StackTrace  - Full Stack Trace:
org.codehaus.groovy.grails.web.pages.exceptions.GroovyPagesException: Error processing GroovyPageView: Template not found for name [form] and path [/tekDays/_form.gsp]
	at grails.plugin.cache.web.filter.PageFragmentCachingFilter.doFilter(PageFragmentCachingFilter.java:198)
	at grails.plugin.cache.web.filter.AbstractFilter.doFilter(AbstractFilter.java:63)
	at java.util.concurrent.ThreadPoolExecutor.runWorker(ThreadPoolExecutor.java:1149)
	at java.util.concurrent.ThreadPoolExecutor$Worker.run(ThreadPoolExecutor.java:624)
	at java.lang.Thread.run(Thread.java:748)
Caused by: org.codehaus.groovy.grails.web.taglib.exceptions.GrailsTagException: Template not found for name [form] and path [/tekDays/_form.gsp]
	at home_sofs5_Project_TekDays_grails_app_views_tekDays_create_gsp$_run_closure2.doCall(home_sofs5_Project_TekDays_grails_app_views_tekDays_create_gsp:78)
	at home_sofs5_Project_TekDays_grails_app_views_tekDays_create_gsp.run(home_sofs5_Project_TekDays_grails_app_views_tekDays_create_gsp:81)
	... 5 more
2025-05-13 16:48:13,172 [http-bio-8080-exec-9] ERROR StackTrace  - Full Stack Trace:
org.codehaus.groovy.grails.web.pages.exceptions.GroovyPagesException: Error processing GroovyPageView: Template not found for name [form] and path [/tekDays/_form.gsp]
	at grails.plugin.cache.web.filter.PageFragmentCachingFilter.doFilter(PageFragmentCachingFilter.java:198)
	at grails.plugin.cache.web.filter.AbstractFilter.doFilter(AbstractFilter.java:63)
	at java.util.concurrent.ThreadPoolExecutor.runWorker(ThreadPoolExecutor.java:1149)
	at java.util.concurrent.ThreadPoolExecutor$Worker.run(ThreadPoolExecutor.java:624)
	at java.lang.Thread.run(Thread.java:748)
Caused by: org.codehaus.groovy.grails.web.taglib.exceptions.GrailsTagException: Template not found for name [form] and path [/tekDays/_form.gsp]
	at home_sofs5_Project_TekDays_grails_app_views_tekDays_create_gsp$_run_closure2.doCall(home_sofs5_Project_TekDays_grails_app_views_tekDays_create_gsp:78)
	at home_sofs5_Project_TekDays_grails_app_views_tekDays_create_gsp.run(home_sofs5_Project_TekDays_grails_app_views_tekDays_create_gsp:81)
	... 5 more
2025-05-13 16:48:13,172 [http-bio-8080-exec-9] ERROR StackTrace  - Full Stack Trace:
org.codehaus.groovy.grails.web.taglib.exceptions.GrailsTagException: Template not found for name [form] and path [/tekDays/_form.gsp]
	at home_sofs5_Project_TekDays_grails_app_views_tekDays_create_gsp$_run_closure2.doCall(home_sofs5_Project_TekDays_grails_app_views_tekDays_create_gsp:78)
	at home_sofs5_Project_TekDays_grails_app_views_tekDays_create_gsp.run(home_sofs5_Project_TekDays_grails_app_views_tekDays_create_gsp:81)
	at grails.plugin.cache.web.filter.PageFragmentCachingFilter.doFilter(PageFragmentCachingFilter.java:198)
	at grails.plugin.cache.web.filter.AbstractFilter.doFilter(AbstractFilter.java:63)
	at java.util.concurrent.ThreadPoolExecutor.runWorker(ThreadPoolExecutor.java:1149)
	at java.util.concurrent.ThreadPoolExecutor$Worker.run(ThreadPoolExecutor.java:624)
	at java.lang.Thread.run(Thread.java:748)
2025-05-13 16:48:13,172 [http-bio-8080-exec-9] ERROR StackTrace  - Full Stack Trace:
org.codehaus.groovy.grails.web.pages.exceptions.GroovyPagesException: Error processing GroovyPageView: Template not found for name [form] and path [/tekDays/_form.gsp]
	at grails.plugin.cache.web.filter.PageFragmentCachingFilter.doFilter(PageFragmentCachingFilter.java:198)
	at grails.plugin.cache.web.filter.AbstractFilter.doFilter(AbstractFilter.java:63)
	at java.util.concurrent.ThreadPoolExecutor.runWorker(ThreadPoolExecutor.java:1149)
	at java.util.concurrent.ThreadPoolExecutor$Worker.run(ThreadPoolExecutor.java:624)
	at java.lang.Thread.run(Thread.java:748)
Caused by: org.codehaus.groovy.grails.web.taglib.exceptions.GrailsTagException: Template not found for name [form] and path [/tekDays/_form.gsp]
	at home_sofs5_Project_TekDays_grails_app_views_tekDays_create_gsp$_run_closure2.doCall(home_sofs5_Project_TekDays_grails_app_views_tekDays_create_gsp:78)
	at home_sofs5_Project_TekDays_grails_app_views_tekDays_create_gsp.run(home_sofs5_Project_TekDays_grails_app_views_tekDays_create_gsp:81)
	... 5 more
2025-05-13 16:50:55,703 [localhost-startStop-1] ERROR StackTrace  - Full Stack Trace:
org.springframework.beans.factory.BeanCreationException: Error creating bean with name 'grailsApplication' defined in ServletContext resource [/WEB-INF/applicationContext.xml]: Invocation of init method failed; nested exception is org.codehaus.groovy.grails.exceptions.GrailsConfigurationException: Class not found loading Grails application: com.tekdays.TekDaysController
	at org.springframework.beans.factory.support.AbstractAutowireCapableBeanFactory.initializeBean(AbstractAutowireCapableBeanFactory.java:1572)
	at org.springframework.beans.factory.support.AbstractAutowireCapableBeanFactory.doCreateBean(AbstractAutowireCapableBeanFactory.java:539)
	at org.springframework.beans.factory.support.AbstractAutowireCapableBeanFactory.createBean(AbstractAutowireCapableBeanFactory.java:476)
	at org.springframework.beans.factory.support.AbstractBeanFactory$1.getObject(AbstractBeanFactory.java:303)
	at org.springframework.beans.factory.support.DefaultSingletonBeanRegistry.getSingleton(DefaultSingletonBeanRegistry.java:230)
	at org.springframework.beans.factory.support.AbstractBeanFactory.doGetBean(AbstractBeanFactory.java:299)
	at org.springframework.beans.factory.support.AbstractBeanFactory.getBean(AbstractBeanFactory.java:194)
	at org.springframework.beans.factory.support.DefaultListableBeanFactory.preInstantiateSingletons(DefaultListableBeanFactory.java:736)
	at org.springframework.context.support.AbstractApplicationContext.finishBeanFactoryInitialization(AbstractApplicationContext.java:762)
	at org.springframework.context.support.AbstractApplicationContext.refresh(AbstractApplicationContext.java:480)
	at org.springframework.web.context.ContextLoader.configureAndRefreshWebApplicationContext(ContextLoader.java:434)
	at org.springframework.web.context.ContextLoader.initWebApplicationContext(ContextLoader.java:306)
	at org.codehaus.groovy.grails.web.context.GrailsContextLoaderListener.initWebApplicationContext(GrailsContextLoaderListener.java:71)
	at org.springframework.web.context.ContextLoaderListener.contextInitialized(ContextLoaderListener.java:106)
	at org.apache.catalina.core.StandardContext.listenerStart(StandardContext.java:5099)
	at org.apache.catalina.core.StandardContext.startInternal(StandardContext.java:5615)
	at org.apache.catalina.util.LifecycleBase.start(LifecycleBase.java:147)
	at org.apache.catalina.core.ContainerBase$StartChild.call(ContainerBase.java:1571)
	at org.apache.catalina.core.ContainerBase$StartChild.call(ContainerBase.java:1561)
	at java.util.concurrent.FutureTask.run(FutureTask.java:266)
	at java.util.concurrent.ThreadPoolExecutor.runWorker(ThreadPoolExecutor.java:1149)
	at java.util.concurrent.ThreadPoolExecutor$Worker.run(ThreadPoolExecutor.java:624)
	at java.lang.Thread.run(Thread.java:748)
Caused by: org.codehaus.groovy.grails.exceptions.GrailsConfigurationException: Class not found loading Grails application: com.tekdays.TekDaysController
	at org.codehaus.groovy.grails.commons.DefaultGrailsApplication.<init>(DefaultGrailsApplication.java:126)
	at org.codehaus.groovy.grails.commons.GrailsApplicationFactoryBean.afterPropertiesSet(GrailsApplicationFactoryBean.java:99)
	at org.springframework.beans.factory.support.AbstractAutowireCapableBeanFactory.invokeInitMethods(AbstractAutowireCapableBeanFactory.java:1631)
	at org.springframework.beans.factory.support.AbstractAutowireCapableBeanFactory.initializeBean(AbstractAutowireCapableBeanFactory.java:1568)
	... 22 more
Caused by: java.lang.ClassNotFoundException: com.tekdays.TekDaysController
	at java.net.URLClassLoader.findClass(URLClassLoader.java:387)
	at java.lang.ClassLoader.loadClass(ClassLoader.java:418)
	at groovy.lang.GroovyClassLoader.loadClass(GroovyClassLoader.java:677)
	at groovy.lang.GroovyClassLoader.loadClass(GroovyClassLoader.java:787)
	at groovy.lang.GroovyClassLoader.loadClass(GroovyClassLoader.java:775)
	at org.codehaus.groovy.grails.commons.DefaultGrailsApplication.<init>(DefaultGrailsApplication.java:124)
	... 25 more
2025-05-13 16:50:55,705 [localhost-startStop-1] ERROR StackTrace  - Full Stack Trace:
org.codehaus.groovy.grails.exceptions.GrailsConfigurationException: Class not found loading Grails application: com.tekdays.TekDaysController
	at org.codehaus.groovy.grails.commons.DefaultGrailsApplication.<init>(DefaultGrailsApplication.java:126)
	at org.codehaus.groovy.grails.commons.GrailsApplicationFactoryBean.afterPropertiesSet(GrailsApplicationFactoryBean.java:99)
	at org.springframework.beans.factory.support.AbstractAutowireCapableBeanFactory.invokeInitMethods(AbstractAutowireCapableBeanFactory.java:1631)
	at org.springframework.beans.factory.support.AbstractAutowireCapableBeanFactory.initializeBean(AbstractAutowireCapableBeanFactory.java:1568)
	at org.springframework.beans.factory.support.AbstractAutowireCapableBeanFactory.doCreateBean(AbstractAutowireCapableBeanFactory.java:539)
	at org.springframework.beans.factory.support.AbstractAutowireCapableBeanFactory.createBean(AbstractAutowireCapableBeanFactory.java:476)
	at org.springframework.beans.factory.support.AbstractBeanFactory$1.getObject(AbstractBeanFactory.java:303)
	at org.springframework.beans.factory.support.DefaultSingletonBeanRegistry.getSingleton(DefaultSingletonBeanRegistry.java:230)
	at org.springframework.beans.factory.support.AbstractBeanFactory.doGetBean(AbstractBeanFactory.java:299)
	at org.springframework.beans.factory.support.AbstractBeanFactory.getBean(AbstractBeanFactory.java:194)
	at org.springframework.beans.factory.support.DefaultListableBeanFactory.preInstantiateSingletons(DefaultListableBeanFactory.java:736)
	at org.springframework.context.support.AbstractApplicationContext.finishBeanFactoryInitialization(AbstractApplicationContext.java:762)
	at org.springframework.context.support.AbstractApplicationContext.refresh(AbstractApplicationContext.java:480)
	at org.springframework.web.context.ContextLoader.configureAndRefreshWebApplicationContext(ContextLoader.java:434)
	at org.springframework.web.context.ContextLoader.initWebApplicationContext(ContextLoader.java:306)
	at org.codehaus.groovy.grails.web.context.GrailsContextLoaderListener.initWebApplicationContext(GrailsContextLoaderListener.java:71)
	at org.springframework.web.context.ContextLoaderListener.contextInitialized(ContextLoaderListener.java:106)
	at org.apache.catalina.core.StandardContext.listenerStart(StandardContext.java:5099)
	at org.apache.catalina.core.StandardContext.startInternal(StandardContext.java:5615)
	at org.apache.catalina.util.LifecycleBase.start(LifecycleBase.java:147)
	at org.apache.catalina.core.ContainerBase$StartChild.call(ContainerBase.java:1571)
	at org.apache.catalina.core.ContainerBase$StartChild.call(ContainerBase.java:1561)
	at java.util.concurrent.FutureTask.run(FutureTask.java:266)
	at java.util.concurrent.ThreadPoolExecutor.runWorker(ThreadPoolExecutor.java:1149)
	at java.util.concurrent.ThreadPoolExecutor$Worker.run(ThreadPoolExecutor.java:624)
	at java.lang.Thread.run(Thread.java:748)
Caused by: java.lang.ClassNotFoundException: com.tekdays.TekDaysController
	at java.net.URLClassLoader.findClass(URLClassLoader.java:387)
	at java.lang.ClassLoader.loadClass(ClassLoader.java:418)
	at groovy.lang.GroovyClassLoader.loadClass(GroovyClassLoader.java:677)
	at groovy.lang.GroovyClassLoader.loadClass(GroovyClassLoader.java:787)
	at groovy.lang.GroovyClassLoader.loadClass(GroovyClassLoader.java:775)
	at org.codehaus.groovy.grails.commons.DefaultGrailsApplication.<init>(DefaultGrailsApplication.java:124)
	... 25 more
2025-05-13 16:50:55,705 [localhost-startStop-1] ERROR StackTrace  - Full Stack Trace:
java.lang.ClassNotFoundException: com.tekdays.TekDaysController
	at java.net.URLClassLoader.findClass(URLClassLoader.java:387)
	at java.lang.ClassLoader.loadClass(ClassLoader.java:418)
	at groovy.lang.GroovyClassLoader.loadClass(GroovyClassLoader.java:677)
	at groovy.lang.GroovyClassLoader.loadClass(GroovyClassLoader.java:787)
	at groovy.lang.GroovyClassLoader.loadClass(GroovyClassLoader.java:775)
	at org.codehaus.groovy.grails.commons.DefaultGrailsApplication.<init>(DefaultGrailsApplication.java:124)
	at org.codehaus.groovy.grails.commons.GrailsApplicationFactoryBean.afterPropertiesSet(GrailsApplicationFactoryBean.java:99)
	at org.springframework.beans.factory.support.AbstractAutowireCapableBeanFactory.invokeInitMethods(AbstractAutowireCapableBeanFactory.java:1631)
	at org.springframework.beans.factory.support.AbstractAutowireCapableBeanFactory.initializeBean(AbstractAutowireCapableBeanFactory.java:1568)
	at org.springframework.beans.factory.support.AbstractAutowireCapableBeanFactory.doCreateBean(AbstractAutowireCapableBeanFactory.java:539)
	at org.springframework.beans.factory.support.AbstractAutowireCapableBeanFactory.createBean(AbstractAutowireCapableBeanFactory.java:476)
	at org.springframework.beans.factory.support.AbstractBeanFactory$1.getObject(AbstractBeanFactory.java:303)
	at org.springframework.beans.factory.support.DefaultSingletonBeanRegistry.getSingleton(DefaultSingletonBeanRegistry.java:230)
	at org.springframework.beans.factory.support.AbstractBeanFactory.doGetBean(AbstractBeanFactory.java:299)
	at org.springframework.beans.factory.support.AbstractBeanFactory.getBean(AbstractBeanFactory.java:194)
	at org.springframework.beans.factory.support.DefaultListableBeanFactory.preInstantiateSingletons(DefaultListableBeanFactory.java:736)
	at org.springframework.context.support.AbstractApplicationContext.finishBeanFactoryInitialization(AbstractApplicationContext.java:762)
	at org.springframework.context.support.AbstractApplicationContext.refresh(AbstractApplicationContext.java:480)
	at org.springframework.web.context.ContextLoader.configureAndRefreshWebApplicationContext(ContextLoader.java:434)
	at org.springframework.web.context.ContextLoader.initWebApplicationContext(ContextLoader.java:306)
	at org.codehaus.groovy.grails.web.context.GrailsContextLoaderListener.initWebApplicationContext(GrailsContextLoaderListener.java:71)
	at org.springframework.web.context.ContextLoaderListener.contextInitialized(ContextLoaderListener.java:106)
	at org.apache.catalina.core.StandardContext.listenerStart(StandardContext.java:5099)
	at org.apache.catalina.core.StandardContext.startInternal(StandardContext.java:5615)
	at org.apache.catalina.util.LifecycleBase.start(LifecycleBase.java:147)
	at org.apache.catalina.core.ContainerBase$StartChild.call(ContainerBase.java:1571)
	at org.apache.catalina.core.ContainerBase$StartChild.call(ContainerBase.java:1561)
	at java.util.concurrent.FutureTask.run(FutureTask.java:266)
	at java.util.concurrent.ThreadPoolExecutor.runWorker(ThreadPoolExecutor.java:1149)
	at java.util.concurrent.ThreadPoolExecutor$Worker.run(ThreadPoolExecutor.java:624)
	at java.lang.Thread.run(Thread.java:748)
2025-05-13 16:50:55,705 [localhost-startStop-1] ERROR StackTrace  - Full Stack Trace:
org.springframework.beans.factory.BeanCreationException: Error creating bean with name 'grailsApplication' defined in ServletContext resource [/WEB-INF/applicationContext.xml]: Invocation of init method failed; nested exception is org.codehaus.groovy.grails.exceptions.GrailsConfigurationException: Class not found loading Grails application: com.tekdays.TekDaysController
	at java.util.concurrent.FutureTask.run(FutureTask.java:266)
	at java.util.concurrent.ThreadPoolExecutor.runWorker(ThreadPoolExecutor.java:1149)
	at java.util.concurrent.ThreadPoolExecutor$Worker.run(ThreadPoolExecutor.java:624)
	at java.lang.Thread.run(Thread.java:748)
Caused by: org.codehaus.groovy.grails.exceptions.GrailsConfigurationException: Class not found loading Grails application: com.tekdays.TekDaysController
	... 4 more
Caused by: java.lang.ClassNotFoundException: com.tekdays.TekDaysController
	at java.net.URLClassLoader.findClass(URLClassLoader.java:387)
	at java.lang.ClassLoader.loadClass(ClassLoader.java:418)
	... 4 more
2025-05-13 16:50:55,705 [localhost-startStop-1] ERROR StackTrace  - Full Stack Trace:
org.springframework.beans.factory.BeanCreationException: Error creating bean with name 'grailsApplication' defined in ServletContext resource [/WEB-INF/applicationContext.xml]: Invocation of init method failed; nested exception is org.codehaus.groovy.grails.exceptions.GrailsConfigurationException: Class not found loading Grails application: com.tekdays.TekDaysController
	at java.util.concurrent.FutureTask.run(FutureTask.java:266)
	at java.util.concurrent.ThreadPoolExecutor.runWorker(ThreadPoolExecutor.java:1149)
	at java.util.concurrent.ThreadPoolExecutor$Worker.run(ThreadPoolExecutor.java:624)
	at java.lang.Thread.run(Thread.java:748)
Caused by: org.codehaus.groovy.grails.exceptions.GrailsConfigurationException: Class not found loading Grails application: com.tekdays.TekDaysController
	... 4 more
Caused by: java.lang.ClassNotFoundException: com.tekdays.TekDaysController
	at java.net.URLClassLoader.findClass(URLClassLoader.java:387)
	at java.lang.ClassLoader.loadClass(ClassLoader.java:418)
	... 4 more
2025-05-13 16:50:55,705 [localhost-startStop-1] ERROR StackTrace  - Full Stack Trace:
org.codehaus.groovy.grails.exceptions.GrailsConfigurationException: Class not found loading Grails application: com.tekdays.TekDaysController
	at java.util.concurrent.FutureTask.run(FutureTask.java:266)
	at java.util.concurrent.ThreadPoolExecutor.runWorker(ThreadPoolExecutor.java:1149)
	at java.util.concurrent.ThreadPoolExecutor$Worker.run(ThreadPoolExecutor.java:624)
	at java.lang.Thread.run(Thread.java:748)
Caused by: java.lang.ClassNotFoundException: com.tekdays.TekDaysController
	at java.net.URLClassLoader.findClass(URLClassLoader.java:387)
	at java.lang.ClassLoader.loadClass(ClassLoader.java:418)
	... 4 more
2025-05-13 16:50:55,705 [localhost-startStop-1] ERROR StackTrace  - Full Stack Trace:
java.lang.ClassNotFoundException: com.tekdays.TekDaysController
	at java.net.URLClassLoader.findClass(URLClassLoader.java:387)
	at java.lang.ClassLoader.loadClass(ClassLoader.java:418)
	at java.util.concurrent.FutureTask.run(FutureTask.java:266)
	at java.util.concurrent.ThreadPoolExecutor.runWorker(ThreadPoolExecutor.java:1149)
	at java.util.concurrent.ThreadPoolExecutor$Worker.run(ThreadPoolExecutor.java:624)
	at java.lang.Thread.run(Thread.java:748)
2025-05-13 16:50:55,705 [localhost-startStop-1] ERROR StackTrace  - Full Stack Trace:
org.springframework.beans.factory.BeanCreationException: Error creating bean with name 'grailsApplication' defined in ServletContext resource [/WEB-INF/applicationContext.xml]: Invocation of init method failed; nested exception is org.codehaus.groovy.grails.exceptions.GrailsConfigurationException: Class not found loading Grails application: com.tekdays.TekDaysController
	at java.util.concurrent.FutureTask.run(FutureTask.java:266)
	at java.util.concurrent.ThreadPoolExecutor.runWorker(ThreadPoolExecutor.java:1149)
	at java.util.concurrent.ThreadPoolExecutor$Worker.run(ThreadPoolExecutor.java:624)
	at java.lang.Thread.run(Thread.java:748)
Caused by: org.codehaus.groovy.grails.exceptions.GrailsConfigurationException: Class not found loading Grails application: com.tekdays.TekDaysController
	... 4 more
Caused by: java.lang.ClassNotFoundException: com.tekdays.TekDaysController
	at java.net.URLClassLoader.findClass(URLClassLoader.java:387)
	at java.lang.ClassLoader.loadClass(ClassLoader.java:418)
	... 4 more
2025-05-13 16:50:55,736 [localhost-startStop-1] ERROR StackTrace  - Full Stack Trace:
org.springframework.beans.factory.BeanCreationException: Error creating bean with name 'grailsApplication' defined in ServletContext resource [/WEB-INF/applicationContext.xml]: Invocation of init method failed; nested exception is org.codehaus.groovy.grails.exceptions.GrailsConfigurationException: Class not found loading Grails application: com.tekdays.TekDaysController
	at java.util.concurrent.FutureTask.run(FutureTask.java:266)
	at java.util.concurrent.ThreadPoolExecutor.runWorker(ThreadPoolExecutor.java:1149)
	at java.util.concurrent.ThreadPoolExecutor$Worker.run(ThreadPoolExecutor.java:624)
	at java.lang.Thread.run(Thread.java:748)
Caused by: org.codehaus.groovy.grails.exceptions.GrailsConfigurationException: Class not found loading Grails application: com.tekdays.TekDaysController
	... 4 more
Caused by: java.lang.ClassNotFoundException: com.tekdays.TekDaysController
	at java.net.URLClassLoader.findClass(URLClassLoader.java:387)
	at java.lang.ClassLoader.loadClass(ClassLoader.java:418)
	... 4 more
2025-05-13 16:50:55,736 [localhost-startStop-1] ERROR StackTrace  - Full Stack Trace:
org.codehaus.groovy.grails.exceptions.GrailsConfigurationException: Class not found loading Grails application: com.tekdays.TekDaysController
	at java.util.concurrent.FutureTask.run(FutureTask.java:266)
	at java.util.concurrent.ThreadPoolExecutor.runWorker(ThreadPoolExecutor.java:1149)
	at java.util.concurrent.ThreadPoolExecutor$Worker.run(ThreadPoolExecutor.java:624)
	at java.lang.Thread.run(Thread.java:748)
Caused by: java.lang.ClassNotFoundException: com.tekdays.TekDaysController
	at java.net.URLClassLoader.findClass(URLClassLoader.java:387)
	at java.lang.ClassLoader.loadClass(ClassLoader.java:418)
	... 4 more
2025-05-13 16:50:55,737 [localhost-startStop-1] ERROR StackTrace  - Full Stack Trace:
java.lang.ClassNotFoundException: com.tekdays.TekDaysController
	at java.net.URLClassLoader.findClass(URLClassLoader.java:387)
	at java.lang.ClassLoader.loadClass(ClassLoader.java:418)
	at java.util.concurrent.FutureTask.run(FutureTask.java:266)
	at java.util.concurrent.ThreadPoolExecutor.runWorker(ThreadPoolExecutor.java:1149)
	at java.util.concurrent.ThreadPoolExecutor$Worker.run(ThreadPoolExecutor.java:624)
	at java.lang.Thread.run(Thread.java:748)
2025-05-13 16:50:55,737 [localhost-startStop-1] ERROR StackTrace  - Full Stack Trace:
org.springframework.beans.factory.BeanCreationException: Error creating bean with name 'grailsApplication' defined in ServletContext resource [/WEB-INF/applicationContext.xml]: Invocation of init method failed; nested exception is org.codehaus.groovy.grails.exceptions.GrailsConfigurationException: Class not found loading Grails application: com.tekdays.TekDaysController
	at java.util.concurrent.FutureTask.run(FutureTask.java:266)
	at java.util.concurrent.ThreadPoolExecutor.runWorker(ThreadPoolExecutor.java:1149)
	at java.util.concurrent.ThreadPoolExecutor$Worker.run(ThreadPoolExecutor.java:624)
	at java.lang.Thread.run(Thread.java:748)
Caused by: org.codehaus.groovy.grails.exceptions.GrailsConfigurationException: Class not found loading Grails application: com.tekdays.TekDaysController
	... 4 more
Caused by: java.lang.ClassNotFoundException: com.tekdays.TekDaysController
	at java.net.URLClassLoader.findClass(URLClassLoader.java:387)
	at java.lang.ClassLoader.loadClass(ClassLoader.java:418)
	... 4 more
2025-05-13 16:50:55,737 [localhost-startStop-1] ERROR StackTrace  - Full Stack Trace:
org.springframework.beans.factory.BeanCreationException: Error creating bean with name 'grailsApplication' defined in ServletContext resource [/WEB-INF/applicationContext.xml]: Invocation of init method failed; nested exception is org.codehaus.groovy.grails.exceptions.GrailsConfigurationException: Class not found loading Grails application: com.tekdays.TekDaysController
	at java.util.concurrent.FutureTask.run(FutureTask.java:266)
	at java.util.concurrent.ThreadPoolExecutor.runWorker(ThreadPoolExecutor.java:1149)
	at java.util.concurrent.ThreadPoolExecutor$Worker.run(ThreadPoolExecutor.java:624)
	at java.lang.Thread.run(Thread.java:748)
Caused by: org.codehaus.groovy.grails.exceptions.GrailsConfigurationException: Class not found loading Grails application: com.tekdays.TekDaysController
	... 4 more
Caused by: java.lang.ClassNotFoundException: com.tekdays.TekDaysController
	at java.net.URLClassLoader.findClass(URLClassLoader.java:387)
	at java.lang.ClassLoader.loadClass(ClassLoader.java:418)
	... 4 more
2025-05-13 16:50:55,737 [localhost-startStop-1] ERROR StackTrace  - Full Stack Trace:
org.codehaus.groovy.grails.exceptions.GrailsConfigurationException: Class not found loading Grails application: com.tekdays.TekDaysController
	at java.util.concurrent.FutureTask.run(FutureTask.java:266)
	at java.util.concurrent.ThreadPoolExecutor.runWorker(ThreadPoolExecutor.java:1149)
	at java.util.concurrent.ThreadPoolExecutor$Worker.run(ThreadPoolExecutor.java:624)
	at java.lang.Thread.run(Thread.java:748)
Caused by: java.lang.ClassNotFoundException: com.tekdays.TekDaysController
	at java.net.URLClassLoader.findClass(URLClassLoader.java:387)
	at java.lang.ClassLoader.loadClass(ClassLoader.java:418)
	... 4 more
2025-05-13 16:50:55,737 [localhost-startStop-1] ERROR StackTrace  - Full Stack Trace:
java.lang.ClassNotFoundException: com.tekdays.TekDaysController
	at java.net.URLClassLoader.findClass(URLClassLoader.java:387)
	at java.lang.ClassLoader.loadClass(ClassLoader.java:418)
	at java.util.concurrent.FutureTask.run(FutureTask.java:266)
	at java.util.concurrent.ThreadPoolExecutor.runWorker(ThreadPoolExecutor.java:1149)
	at java.util.concurrent.ThreadPoolExecutor$Worker.run(ThreadPoolExecutor.java:624)
	at java.lang.Thread.run(Thread.java:748)
2025-05-13 16:50:55,737 [localhost-startStop-1] ERROR StackTrace  - Full Stack Trace:
org.springframework.beans.factory.BeanCreationException: Error creating bean with name 'grailsApplication' defined in ServletContext resource [/WEB-INF/applicationContext.xml]: Invocation of init method failed; nested exception is org.codehaus.groovy.grails.exceptions.GrailsConfigurationException: Class not found loading Grails application: com.tekdays.TekDaysController
	at java.util.concurrent.FutureTask.run(FutureTask.java:266)
	at java.util.concurrent.ThreadPoolExecutor.runWorker(ThreadPoolExecutor.java:1149)
	at java.util.concurrent.ThreadPoolExecutor$Worker.run(ThreadPoolExecutor.java:624)
	at java.lang.Thread.run(Thread.java:748)
Caused by: org.codehaus.groovy.grails.exceptions.GrailsConfigurationException: Class not found loading Grails application: com.tekdays.TekDaysController
	... 4 more
Caused by: java.lang.ClassNotFoundException: com.tekdays.TekDaysController
	at java.net.URLClassLoader.findClass(URLClassLoader.java:387)
	at java.lang.ClassLoader.loadClass(ClassLoader.java:418)
	... 4 more
2025-05-13 16:50:55,737 [localhost-startStop-1] ERROR StackTrace  - Full Stack Trace:
org.springframework.beans.factory.BeanCreationException: Error creating bean with name 'grailsApplication' defined in ServletContext resource [/WEB-INF/applicationContext.xml]: Invocation of init method failed; nested exception is org.codehaus.groovy.grails.exceptions.GrailsConfigurationException: Class not found loading Grails application: com.tekdays.TekDaysController
	at java.util.concurrent.FutureTask.run(FutureTask.java:266)
	at java.util.concurrent.ThreadPoolExecutor.runWorker(ThreadPoolExecutor.java:1149)
	at java.util.concurrent.ThreadPoolExecutor$Worker.run(ThreadPoolExecutor.java:624)
	at java.lang.Thread.run(Thread.java:748)
Caused by: org.codehaus.groovy.grails.exceptions.GrailsConfigurationException: Class not found loading Grails application: com.tekdays.TekDaysController
	... 4 more
Caused by: java.lang.ClassNotFoundException: com.tekdays.TekDaysController
	at java.net.URLClassLoader.findClass(URLClassLoader.java:387)
	at java.lang.ClassLoader.loadClass(ClassLoader.java:418)
	... 4 more
2025-05-13 16:50:55,737 [localhost-startStop-1] ERROR StackTrace  - Full Stack Trace:
org.codehaus.groovy.grails.exceptions.GrailsConfigurationException: Class not found loading Grails application: com.tekdays.TekDaysController
	at java.util.concurrent.FutureTask.run(FutureTask.java:266)
	at java.util.concurrent.ThreadPoolExecutor.runWorker(ThreadPoolExecutor.java:1149)
	at java.util.concurrent.ThreadPoolExecutor$Worker.run(ThreadPoolExecutor.java:624)
	at java.lang.Thread.run(Thread.java:748)
Caused by: java.lang.ClassNotFoundException: com.tekdays.TekDaysController
	at java.net.URLClassLoader.findClass(URLClassLoader.java:387)
	at java.lang.ClassLoader.loadClass(ClassLoader.java:418)
	... 4 more
2025-05-13 16:50:55,737 [localhost-startStop-1] ERROR StackTrace  - Full Stack Trace:
java.lang.ClassNotFoundException: com.tekdays.TekDaysController
	at java.net.URLClassLoader.findClass(URLClassLoader.java:387)
	at java.lang.ClassLoader.loadClass(ClassLoader.java:418)
	at java.util.concurrent.FutureTask.run(FutureTask.java:266)
	at java.util.concurrent.ThreadPoolExecutor.runWorker(ThreadPoolExecutor.java:1149)
	at java.util.concurrent.ThreadPoolExecutor$Worker.run(ThreadPoolExecutor.java:624)
	at java.lang.Thread.run(Thread.java:748)
2025-05-13 16:50:55,737 [localhost-startStop-1] ERROR StackTrace  - Full Stack Trace:
org.springframework.beans.factory.BeanCreationException: Error creating bean with name 'grailsApplication' defined in ServletContext resource [/WEB-INF/applicationContext.xml]: Invocation of init method failed; nested exception is org.codehaus.groovy.grails.exceptions.GrailsConfigurationException: Class not found loading Grails application: com.tekdays.TekDaysController
	at java.util.concurrent.FutureTask.run(FutureTask.java:266)
	at java.util.concurrent.ThreadPoolExecutor.runWorker(ThreadPoolExecutor.java:1149)
	at java.util.concurrent.ThreadPoolExecutor$Worker.run(ThreadPoolExecutor.java:624)
	at java.lang.Thread.run(Thread.java:748)
Caused by: org.codehaus.groovy.grails.exceptions.GrailsConfigurationException: Class not found loading Grails application: com.tekdays.TekDaysController
	... 4 more
Caused by: java.lang.ClassNotFoundException: com.tekdays.TekDaysController
	at java.net.URLClassLoader.findClass(URLClassLoader.java:387)
	at java.lang.ClassLoader.loadClass(ClassLoader.java:418)
	... 4 more
2025-05-13 16:53:40,978 [http-bio-8080-exec-7] ERROR StackTrace  - Full Stack Trace:
org.h2.jdbc.JdbcSQLException: NULL not allowed for column "DESCRIPTION"; SQL statement:
insert into events (person_id, version, pleace, description, end_date, persons_name, organizer, start_date, venue) values (null, ?, ?, ?, ?, ?, ?, ?, ?) [23502-176]
	at org.h2.message.DbException.getJdbcSQLException(DbException.java:344)
	at org.h2.message.DbException.get(DbException.java:178)
	at org.h2.message.DbException.get(DbException.java:154)
	at org.h2.table.Column.validateConvertUpdateSequence(Column.java:308)
	at org.h2.table.Table.validateConvertUpdateSequence(Table.java:726)
	at org.h2.command.dml.Insert.insertRows(Insert.java:152)
	at org.h2.command.dml.Insert.update(Insert.java:115)
	at org.h2.command.CommandContainer.update(CommandContainer.java:79)
	at org.h2.command.Command.executeUpdate(Command.java:254)
	at org.h2.jdbc.JdbcPreparedStatement.executeUpdateInternal(JdbcPreparedStatement.java:158)
	at org.h2.jdbc.JdbcPreparedStatement.executeUpdate(JdbcPreparedStatement.java:144)
	at org.hibernate.engine.jdbc.internal.ResultSetReturnImpl.executeUpdate(ResultSetReturnImpl.java:208)
	at org.hibernate.id.IdentityGenerator$GetGeneratedKeysDelegate.executeAndExtract(IdentityGenerator.java:96)
	at org.hibernate.id.insert.AbstractReturningDelegate.performInsert(AbstractReturningDelegate.java:58)
	at org.hibernate.persister.entity.AbstractEntityPersister.insert(AbstractEntityPersister.java:3032)
	at org.hibernate.persister.entity.AbstractEntityPersister.insert(AbstractEntityPersister.java:3558)
	at org.hibernate.action.internal.EntityIdentityInsertAction.execute(EntityIdentityInsertAction.java:98)
	at org.hibernate.engine.spi.ActionQueue.execute(ActionQueue.java:492)
	at org.hibernate.engine.spi.ActionQueue.addResolvedEntityInsertAction(ActionQueue.java:197)
	at org.hibernate.engine.spi.ActionQueue.addInsertAction(ActionQueue.java:181)
	at org.hibernate.engine.spi.ActionQueue.addAction(ActionQueue.java:216)
	at org.hibernate.event.internal.AbstractSaveEventListener.addInsertAction(AbstractSaveEventListener.java:334)
	at org.hibernate.event.internal.AbstractSaveEventListener.performSaveOrReplicate(AbstractSaveEventListener.java:289)
	at org.hibernate.event.internal.AbstractSaveEventListener.performSave(AbstractSaveEventListener.java:195)
	at org.hibernate.event.internal.AbstractSaveEventListener.saveWithGeneratedId(AbstractSaveEventListener.java:126)
	at org.hibernate.event.internal.DefaultSaveOrUpdateEventListener.saveWithGeneratedOrRequestedId(DefaultSaveOrUpdateEventListener.java:209)
	at org.hibernate.event.internal.DefaultSaveOrUpdateEventListener.entityIsTransient(DefaultSaveOrUpdateEventListener.java:194)
	at org.hibernate.event.internal.DefaultSaveOrUpdateEventListener.performSaveOrUpdate(DefaultSaveOrUpdateEventListener.java:114)
	at org.hibernate.event.internal.DefaultSaveOrUpdateEventListener.onSaveOrUpdate(DefaultSaveOrUpdateEventListener.java:90)
	at org.hibernate.internal.SessionImpl.fireSaveOrUpdate(SessionImpl.java:684)
	at org.hibernate.internal.SessionImpl.saveOrUpdate(SessionImpl.java:676)
	at org.hibernate.internal.SessionImpl.saveOrUpdate(SessionImpl.java:671)
	at org.codehaus.groovy.grails.orm.hibernate.metaclass.SavePersistentMethod$1.doInHibernate(SavePersistentMethod.java:58)
	at org.codehaus.groovy.grails.orm.hibernate.GrailsHibernateTemplate.doExecute(GrailsHibernateTemplate.java:188)
	at org.codehaus.groovy.grails.orm.hibernate.GrailsHibernateTemplate.execute(GrailsHibernateTemplate.java:132)
	at org.codehaus.groovy.grails.orm.hibernate.metaclass.SavePersistentMethod.performSave(SavePersistentMethod.java:56)
	at org.codehaus.groovy.grails.orm.hibernate.metaclass.AbstractSavePersistentMethod.doInvokeInternal(AbstractSavePersistentMethod.java:215)
	at org.codehaus.groovy.grails.orm.hibernate.metaclass.AbstractDynamicPersistentMethod.invoke(AbstractDynamicPersistentMethod.java:69)
	at org.codehaus.groovy.grails.orm.hibernate.HibernateGormInstanceApi.save(HibernateGormInstanceApi.groovy:196)
	at com.tekdays.TekEvent$$EUl56p6G.save(TekEvent.groovy)
	at com.tekdays.TekEvent$$DUl56p6G.save(Unknown Source)
	at com.tekdays.TekEvent.save(TekEvent.groovy)
	at com.tekdays.TekEvent$save.call(Unknown Source)
	at org.codehaus.groovy.runtime.callsite.CallSiteArray.defaultCall(CallSiteArray.java:48)
	at com.tekdays.TekEvent$save$1.call(Unknown Source)
	at com.tekdays.TekEventController.save(TekDaysController.groovy:10)
	at sun.reflect.NativeMethodAccessorImpl.invoke0(Native Method)
	at sun.reflect.NativeMethodAccessorImpl.invoke(NativeMethodAccessorImpl.java:62)
	at sun.reflect.DelegatingMethodAccessorImpl.invoke(DelegatingMethodAccessorImpl.java:43)
	at java.lang.reflect.Method.invoke(Method.java:498)
	at org.springsource.loaded.ri.OriginalClassInvoker.invoke(OriginalClassInvoker.java:50)
	at org.springsource.loaded.ri.ReflectiveInterceptor.jlrMethodInvoke(ReflectiveInterceptor.java:1461)
	at org.codehaus.groovy.grails.web.servlet.mvc.MixedGrailsControllerHelper.invoke(MixedGrailsControllerHelper.java:154)
	at org.codehaus.groovy.grails.web.servlet.mvc.AbstractGrailsControllerHelper.handleAction(AbstractGrailsControllerHelper.java:375)
	at org.codehaus.groovy.grails.web.servlet.mvc.AbstractGrailsControllerHelper.executeAction(AbstractGrailsControllerHelper.java:252)
	at org.codehaus.groovy.grails.web.servlet.mvc.AbstractGrailsControllerHelper.handleURI(AbstractGrailsControllerHelper.java:205)
	at org.codehaus.groovy.grails.web.servlet.mvc.AbstractGrailsControllerHelper.handleURI(AbstractGrailsControllerHelper.java:126)
	at org.codehaus.groovy.grails.web.servlet.mvc.SimpleGrailsController.handleRequest(SimpleGrailsController.java:72)
	at org.springframework.web.servlet.mvc.SimpleControllerHandlerAdapter.handle(SimpleControllerHandlerAdapter.java:50)
	at org.codehaus.groovy.grails.web.servlet.GrailsDispatcherServlet.doDispatch(GrailsDispatcherServlet.java:347)
	at org.springframework.web.servlet.DispatcherServlet.doService(DispatcherServlet.java:893)
	at org.springframework.web.servlet.FrameworkServlet.processRequest(FrameworkServlet.java:965)
	at org.springframework.web.servlet.FrameworkServlet.doPost(FrameworkServlet.java:867)
	at javax.servlet.http.HttpServlet.service(HttpServlet.java:650)
	at org.springframework.web.servlet.FrameworkServlet.service(FrameworkServlet.java:841)
	at javax.servlet.http.HttpServlet.service(HttpServlet.java:731)
	at org.apache.catalina.core.ApplicationFilterChain.internalDoFilter(ApplicationFilterChain.java:303)
	at org.apache.catalina.core.ApplicationFilterChain.doFilter(ApplicationFilterChain.java:208)
	at org.apache.tomcat.websocket.server.WsFilter.doFilter(WsFilter.java:52)
	at org.apache.catalina.core.ApplicationFilterChain.internalDoFilter(ApplicationFilterChain.java:241)
	at org.apache.catalina.core.ApplicationFilterChain.doFilter(ApplicationFilterChain.java:208)
	at grails.plugin.cache.web.filter.PageFragmentCachingFilter.doFilter(PageFragmentCachingFilter.java:198)
	at grails.plugin.cache.web.filter.AbstractFilter.doFilter(AbstractFilter.java:63)
	at org.springframework.web.filter.DelegatingFilterProxy.invokeDelegate(DelegatingFilterProxy.java:344)
	at org.springframework.web.filter.DelegatingFilterProxy.doFilter(DelegatingFilterProxy.java:261)
	at org.apache.catalina.core.ApplicationFilterChain.internalDoFilter(ApplicationFilterChain.java:241)
	at org.apache.catalina.core.ApplicationFilterChain.doFilter(ApplicationFilterChain.java:208)
	at org.springframework.web.filter.OncePerRequestFilter.doFilter(OncePerRequestFilter.java:101)
	at org.apache.catalina.core.ApplicationFilterChain.internalDoFilter(ApplicationFilterChain.java:241)
	at org.apache.catalina.core.ApplicationFilterChain.doFilter(ApplicationFilterChain.java:208)
	at org.springframework.web.filter.OncePerRequestFilter.doFilter(OncePerRequestFilter.java:101)
	at org.apache.catalina.core.ApplicationFilterChain.internalDoFilter(ApplicationFilterChain.java:241)
	at org.apache.catalina.core.ApplicationFilterChain.doFilter(ApplicationFilterChain.java:208)
	at org.springframework.web.filter.OncePerRequestFilter.doFilter(OncePerRequestFilter.java:101)
	at org.apache.catalina.core.ApplicationFilterChain.internalDoFilter(ApplicationFilterChain.java:241)
	at org.apache.catalina.core.ApplicationFilterChain.doFilter(ApplicationFilterChain.java:208)
	at org.apache.catalina.core.ApplicationDispatcher.invoke(ApplicationDispatcher.java:747)
	at org.apache.catalina.core.ApplicationDispatcher.processRequest(ApplicationDispatcher.java:485)
	at org.apache.catalina.core.ApplicationDispatcher.doForward(ApplicationDispatcher.java:410)
	at org.apache.catalina.core.ApplicationDispatcher.forward(ApplicationDispatcher.java:337)
	at org.codehaus.groovy.grails.web.mapping.UrlMappingUtils.forwardRequestForUrlMappingInfo(UrlMappingUtils.java:178)
	at org.codehaus.groovy.grails.web.mapping.UrlMappingUtils.forwardRequestForUrlMappingInfo(UrlMappingUtils.java:144)
	at org.codehaus.groovy.grails.web.mapping.UrlMappingUtils.forwardRequestForUrlMappingInfo(UrlMappingUtils.java:135)
	at org.codehaus.groovy.grails.web.mapping.filter.UrlMappingsFilter.doFilterInternal(UrlMappingsFilter.java:216)
	at org.springframework.web.filter.OncePerRequestFilter.doFilter(OncePerRequestFilter.java:107)
	at org.apache.catalina.core.ApplicationFilterChain.internalDoFilter(ApplicationFilterChain.java:241)
	at org.apache.catalina.core.ApplicationFilterChain.doFilter(ApplicationFilterChain.java:208)
	at org.codehaus.groovy.grails.web.servlet.mvc.GrailsWebRequestFilter.doFilterInternal(GrailsWebRequestFilter.java:69)
	at org.springframework.web.filter.OncePerRequestFilter.doFilter(OncePerRequestFilter.java:107)
	at org.apache.catalina.core.ApplicationFilterChain.internalDoFilter(ApplicationFilterChain.java:241)
	at org.apache.catalina.core.ApplicationFilterChain.doFilter(ApplicationFilterChain.java:208)
	at org.codehaus.groovy.grails.web.filters.HiddenHttpMethodFilter.doFilterInternal(HiddenHttpMethodFilter.java:67)
	at org.springframework.web.filter.OncePerRequestFilter.doFilter(OncePerRequestFilter.java:107)
	at org.apache.catalina.core.ApplicationFilterChain.internalDoFilter(ApplicationFilterChain.java:241)
	at org.apache.catalina.core.ApplicationFilterChain.doFilter(ApplicationFilterChain.java:208)
	at org.springframework.web.filter.CharacterEncodingFilter.doFilterInternal(CharacterEncodingFilter.java:85)
	at org.springframework.web.filter.OncePerRequestFilter.doFilter(OncePerRequestFilter.java:107)
	at org.springframework.web.filter.DelegatingFilterProxy.invokeDelegate(DelegatingFilterProxy.java:344)
	at org.springframework.web.filter.DelegatingFilterProxy.doFilter(DelegatingFilterProxy.java:261)
	at org.apache.catalina.core.ApplicationFilterChain.internalDoFilter(ApplicationFilterChain.java:241)
	at org.apache.catalina.core.ApplicationFilterChain.doFilter(ApplicationFilterChain.java:208)
	at org.apache.catalina.core.StandardWrapperValve.invoke(StandardWrapperValve.java:218)
	at org.apache.catalina.core.StandardContextValve.invoke(StandardContextValve.java:122)
	at org.apache.catalina.core.StandardHostValve.invoke(StandardHostValve.java:169)
	at org.apache.catalina.valves.ErrorReportValve.invoke(ErrorReportValve.java:103)
	at org.apache.catalina.core.StandardEngineValve.invoke(StandardEngineValve.java:116)
	at org.apache.catalina.connector.CoyoteAdapter.service(CoyoteAdapter.java:442)
	at org.apache.coyote.http11.AbstractHttp11Processor.process(AbstractHttp11Processor.java:1082)
	at org.apache.coyote.AbstractProtocol$AbstractConnectionHandler.process(AbstractProtocol.java:623)
	at org.apache.tomcat.util.net.JIoEndpoint$SocketProcessor.run(JIoEndpoint.java:318)
	at java.util.concurrent.ThreadPoolExecutor.runWorker(ThreadPoolExecutor.java:1149)
	at java.util.concurrent.ThreadPoolExecutor$Worker.run(ThreadPoolExecutor.java:624)
	at org.apache.tomcat.util.threads.TaskThread$WrappingRunnable.run(TaskThread.java:61)
	at java.lang.Thread.run(Thread.java:748)
2025-05-13 16:53:40,979 [http-bio-8080-exec-7] ERROR StackTrace  - Full Stack Trace:
org.h2.jdbc.JdbcSQLException: NULL not allowed for column "DESCRIPTION"; SQL statement:
insert into events (person_id, version, pleace, description, end_date, persons_name, organizer, start_date, venue) values (null, ?, ?, ?, ?, ?, ?, ?, ?) [23502-176]
	at org.h2.message.DbException.getJdbcSQLException(DbException.java:344)
	at org.h2.message.DbException.get(DbException.java:178)
	at org.h2.message.DbException.get(DbException.java:154)
	at org.h2.table.Column.validateConvertUpdateSequence(Column.java:308)
	at org.h2.table.Table.validateConvertUpdateSequence(Table.java:726)
	at org.h2.command.dml.Insert.insertRows(Insert.java:152)
	at org.h2.command.dml.Insert.update(Insert.java:115)
	at org.h2.command.CommandContainer.update(CommandContainer.java:79)
	at org.h2.command.Command.executeUpdate(Command.java:254)
	at org.h2.jdbc.JdbcPreparedStatement.executeUpdateInternal(JdbcPreparedStatement.java:158)
	at org.h2.jdbc.JdbcPreparedStatement.executeUpdate(JdbcPreparedStatement.java:144)
	at com.tekdays.TekEventController.save(TekDaysController.groovy:10)
	at grails.plugin.cache.web.filter.PageFragmentCachingFilter.doFilter(PageFragmentCachingFilter.java:198)
	at grails.plugin.cache.web.filter.AbstractFilter.doFilter(AbstractFilter.java:63)
	at java.util.concurrent.ThreadPoolExecutor.runWorker(ThreadPoolExecutor.java:1149)
	at java.util.concurrent.ThreadPoolExecutor$Worker.run(ThreadPoolExecutor.java:624)
	at java.lang.Thread.run(Thread.java:748)
2025-05-13 16:53:40,983 [http-bio-8080-exec-7] ERROR StackTrace  - Full Stack Trace:
org.h2.jdbc.JdbcSQLException: NULL not allowed for column "DESCRIPTION"; SQL statement:
insert into events (person_id, version, pleace, description, end_date, persons_name, organizer, start_date, venue) values (null, ?, ?, ?, ?, ?, ?, ?, ?) [23502-176]
	at org.h2.message.DbException.getJdbcSQLException(DbException.java:344)
	at org.h2.message.DbException.get(DbException.java:178)
	at org.h2.message.DbException.get(DbException.java:154)
	at org.h2.table.Column.validateConvertUpdateSequence(Column.java:308)
	at org.h2.table.Table.validateConvertUpdateSequence(Table.java:726)
	at org.h2.command.dml.Insert.insertRows(Insert.java:152)
	at org.h2.command.dml.Insert.update(Insert.java:115)
	at org.h2.command.CommandContainer.update(CommandContainer.java:79)
	at org.h2.command.Command.executeUpdate(Command.java:254)
	at org.h2.jdbc.JdbcPreparedStatement.executeUpdateInternal(JdbcPreparedStatement.java:158)
	at org.h2.jdbc.JdbcPreparedStatement.executeUpdate(JdbcPreparedStatement.java:144)
	at com.tekdays.TekEventController.save(TekDaysController.groovy:10)
	at grails.plugin.cache.web.filter.PageFragmentCachingFilter.doFilter(PageFragmentCachingFilter.java:198)
	at grails.plugin.cache.web.filter.AbstractFilter.doFilter(AbstractFilter.java:63)
	at java.util.concurrent.ThreadPoolExecutor.runWorker(ThreadPoolExecutor.java:1149)
	at java.util.concurrent.ThreadPoolExecutor$Worker.run(ThreadPoolExecutor.java:624)
	at java.lang.Thread.run(Thread.java:748)
2025-05-13 16:53:40,984 [http-bio-8080-exec-7] ERROR StackTrace  - Full Stack Trace:
org.h2.jdbc.JdbcSQLException: NULL not allowed for column "DESCRIPTION"; SQL statement:
insert into events (person_id, version, pleace, description, end_date, persons_name, organizer, start_date, venue) values (null, ?, ?, ?, ?, ?, ?, ?, ?) [23502-176]
	at org.h2.message.DbException.getJdbcSQLException(DbException.java:344)
	at org.h2.message.DbException.get(DbException.java:178)
	at org.h2.message.DbException.get(DbException.java:154)
	at org.h2.table.Column.validateConvertUpdateSequence(Column.java:308)
	at org.h2.table.Table.validateConvertUpdateSequence(Table.java:726)
	at org.h2.command.dml.Insert.insertRows(Insert.java:152)
	at org.h2.command.dml.Insert.update(Insert.java:115)
	at org.h2.command.CommandContainer.update(CommandContainer.java:79)
	at org.h2.command.Command.executeUpdate(Command.java:254)
	at org.h2.jdbc.JdbcPreparedStatement.executeUpdateInternal(JdbcPreparedStatement.java:158)
	at org.h2.jdbc.JdbcPreparedStatement.executeUpdate(JdbcPreparedStatement.java:144)
	at com.tekdays.TekEventController.save(TekDaysController.groovy:10)
	at grails.plugin.cache.web.filter.PageFragmentCachingFilter.doFilter(PageFragmentCachingFilter.java:198)
	at grails.plugin.cache.web.filter.AbstractFilter.doFilter(AbstractFilter.java:63)
	at java.util.concurrent.ThreadPoolExecutor.runWorker(ThreadPoolExecutor.java:1149)
	at java.util.concurrent.ThreadPoolExecutor$Worker.run(ThreadPoolExecutor.java:624)
	at java.lang.Thread.run(Thread.java:748)
2025-05-13 16:53:40,984 [http-bio-8080-exec-7] ERROR StackTrace  - Full Stack Trace:
org.h2.jdbc.JdbcSQLException: NULL not allowed for column "DESCRIPTION"; SQL statement:
insert into events (person_id, version, pleace, description, end_date, persons_name, organizer, start_date, venue) values (null, ?, ?, ?, ?, ?, ?, ?, ?) [23502-176]
	at org.h2.message.DbException.getJdbcSQLException(DbException.java:344)
	at org.h2.message.DbException.get(DbException.java:178)
	at org.h2.message.DbException.get(DbException.java:154)
	at org.h2.table.Column.validateConvertUpdateSequence(Column.java:308)
	at org.h2.table.Table.validateConvertUpdateSequence(Table.java:726)
	at org.h2.command.dml.Insert.insertRows(Insert.java:152)
	at org.h2.command.dml.Insert.update(Insert.java:115)
	at org.h2.command.CommandContainer.update(CommandContainer.java:79)
	at org.h2.command.Command.executeUpdate(Command.java:254)
	at org.h2.jdbc.JdbcPreparedStatement.executeUpdateInternal(JdbcPreparedStatement.java:158)
	at org.h2.jdbc.JdbcPreparedStatement.executeUpdate(JdbcPreparedStatement.java:144)
	at com.tekdays.TekEventController.save(TekDaysController.groovy:10)
	at grails.plugin.cache.web.filter.PageFragmentCachingFilter.doFilter(PageFragmentCachingFilter.java:198)
	at grails.plugin.cache.web.filter.AbstractFilter.doFilter(AbstractFilter.java:63)
	at java.util.concurrent.ThreadPoolExecutor.runWorker(ThreadPoolExecutor.java:1149)
	at java.util.concurrent.ThreadPoolExecutor$Worker.run(ThreadPoolExecutor.java:624)
	at java.lang.Thread.run(Thread.java:748)
2025-05-13 16:53:40,984 [http-bio-8080-exec-7] ERROR StackTrace  - Full Stack Trace:
org.h2.jdbc.JdbcSQLException: NULL not allowed for column "DESCRIPTION"; SQL statement:
insert into events (person_id, version, pleace, description, end_date, persons_name, organizer, start_date, venue) values (null, ?, ?, ?, ?, ?, ?, ?, ?) [23502-176]
	at org.h2.message.DbException.getJdbcSQLException(DbException.java:344)
	at org.h2.message.DbException.get(DbException.java:178)
	at org.h2.message.DbException.get(DbException.java:154)
	at org.h2.table.Column.validateConvertUpdateSequence(Column.java:308)
	at org.h2.table.Table.validateConvertUpdateSequence(Table.java:726)
	at org.h2.command.dml.Insert.insertRows(Insert.java:152)
	at org.h2.command.dml.Insert.update(Insert.java:115)
	at org.h2.command.CommandContainer.update(CommandContainer.java:79)
	at org.h2.command.Command.executeUpdate(Command.java:254)
	at org.h2.jdbc.JdbcPreparedStatement.executeUpdateInternal(JdbcPreparedStatement.java:158)
	at org.h2.jdbc.JdbcPreparedStatement.executeUpdate(JdbcPreparedStatement.java:144)
	at com.tekdays.TekEventController.save(TekDaysController.groovy:10)
	at grails.plugin.cache.web.filter.PageFragmentCachingFilter.doFilter(PageFragmentCachingFilter.java:198)
	at grails.plugin.cache.web.filter.AbstractFilter.doFilter(AbstractFilter.java:63)
	at java.util.concurrent.ThreadPoolExecutor.runWorker(ThreadPoolExecutor.java:1149)
	at java.util.concurrent.ThreadPoolExecutor$Worker.run(ThreadPoolExecutor.java:624)
	at java.lang.Thread.run(Thread.java:748)
2025-05-13 16:53:43,354 [http-bio-8080-exec-4] ERROR StackTrace  - Full Stack Trace:
org.h2.jdbc.JdbcSQLException: NULL not allowed for column "DESCRIPTION"; SQL statement:
insert into events (person_id, version, pleace, description, end_date, persons_name, organizer, start_date, venue) values (null, ?, ?, ?, ?, ?, ?, ?, ?) [23502-176]
	at org.h2.message.DbException.getJdbcSQLException(DbException.java:344)
	at org.h2.message.DbException.get(DbException.java:178)
	at org.h2.message.DbException.get(DbException.java:154)
	at org.h2.table.Column.validateConvertUpdateSequence(Column.java:308)
	at org.h2.table.Table.validateConvertUpdateSequence(Table.java:726)
	at org.h2.command.dml.Insert.insertRows(Insert.java:152)
	at org.h2.command.dml.Insert.update(Insert.java:115)
	at org.h2.command.CommandContainer.update(CommandContainer.java:79)
	at org.h2.command.Command.executeUpdate(Command.java:254)
	at org.h2.jdbc.JdbcPreparedStatement.executeUpdateInternal(JdbcPreparedStatement.java:158)
	at org.h2.jdbc.JdbcPreparedStatement.executeUpdate(JdbcPreparedStatement.java:144)
	at org.hibernate.engine.jdbc.internal.ResultSetReturnImpl.executeUpdate(ResultSetReturnImpl.java:208)
	at org.hibernate.id.IdentityGenerator$GetGeneratedKeysDelegate.executeAndExtract(IdentityGenerator.java:96)
	at org.hibernate.id.insert.AbstractReturningDelegate.performInsert(AbstractReturningDelegate.java:58)
	at org.hibernate.persister.entity.AbstractEntityPersister.insert(AbstractEntityPersister.java:3032)
	at org.hibernate.persister.entity.AbstractEntityPersister.insert(AbstractEntityPersister.java:3558)
	at org.hibernate.action.internal.EntityIdentityInsertAction.execute(EntityIdentityInsertAction.java:98)
	at org.hibernate.engine.spi.ActionQueue.execute(ActionQueue.java:492)
	at org.hibernate.engine.spi.ActionQueue.addResolvedEntityInsertAction(ActionQueue.java:197)
	at org.hibernate.engine.spi.ActionQueue.addInsertAction(ActionQueue.java:181)
	at org.hibernate.engine.spi.ActionQueue.addAction(ActionQueue.java:216)
	at org.hibernate.event.internal.AbstractSaveEventListener.addInsertAction(AbstractSaveEventListener.java:334)
	at org.hibernate.event.internal.AbstractSaveEventListener.performSaveOrReplicate(AbstractSaveEventListener.java:289)
	at org.hibernate.event.internal.AbstractSaveEventListener.performSave(AbstractSaveEventListener.java:195)
	at org.hibernate.event.internal.AbstractSaveEventListener.saveWithGeneratedId(AbstractSaveEventListener.java:126)
	at org.hibernate.event.internal.DefaultSaveOrUpdateEventListener.saveWithGeneratedOrRequestedId(DefaultSaveOrUpdateEventListener.java:209)
	at org.hibernate.event.internal.DefaultSaveOrUpdateEventListener.entityIsTransient(DefaultSaveOrUpdateEventListener.java:194)
	at org.hibernate.event.internal.DefaultSaveOrUpdateEventListener.performSaveOrUpdate(DefaultSaveOrUpdateEventListener.java:114)
	at org.hibernate.event.internal.DefaultSaveOrUpdateEventListener.onSaveOrUpdate(DefaultSaveOrUpdateEventListener.java:90)
	at org.hibernate.internal.SessionImpl.fireSaveOrUpdate(SessionImpl.java:684)
	at org.hibernate.internal.SessionImpl.saveOrUpdate(SessionImpl.java:676)
	at org.hibernate.internal.SessionImpl.saveOrUpdate(SessionImpl.java:671)
	at org.codehaus.groovy.grails.orm.hibernate.metaclass.SavePersistentMethod$1.doInHibernate(SavePersistentMethod.java:58)
	at org.codehaus.groovy.grails.orm.hibernate.GrailsHibernateTemplate.doExecute(GrailsHibernateTemplate.java:188)
	at org.codehaus.groovy.grails.orm.hibernate.GrailsHibernateTemplate.execute(GrailsHibernateTemplate.java:132)
	at org.codehaus.groovy.grails.orm.hibernate.metaclass.SavePersistentMethod.performSave(SavePersistentMethod.java:56)
	at org.codehaus.groovy.grails.orm.hibernate.metaclass.AbstractSavePersistentMethod.doInvokeInternal(AbstractSavePersistentMethod.java:215)
	at org.codehaus.groovy.grails.orm.hibernate.metaclass.AbstractDynamicPersistentMethod.invoke(AbstractDynamicPersistentMethod.java:69)
	at org.codehaus.groovy.grails.orm.hibernate.HibernateGormInstanceApi.save(HibernateGormInstanceApi.groovy:196)
	at com.tekdays.TekEvent$$EUl56p6G.save(TekEvent.groovy)
	at com.tekdays.TekEvent$$DUl56p6G.save(Unknown Source)
	at com.tekdays.TekEvent.save(TekEvent.groovy)
	at com.tekdays.TekEvent$save.call(Unknown Source)
	at com.tekdays.TekEventController.save(TekDaysController.groovy:10)
	at sun.reflect.NativeMethodAccessorImpl.invoke0(Native Method)
	at sun.reflect.NativeMethodAccessorImpl.invoke(NativeMethodAccessorImpl.java:62)
	at sun.reflect.DelegatingMethodAccessorImpl.invoke(DelegatingMethodAccessorImpl.java:43)
	at java.lang.reflect.Method.invoke(Method.java:498)
	at org.springsource.loaded.ri.OriginalClassInvoker.invoke(OriginalClassInvoker.java:50)
	at org.springsource.loaded.ri.ReflectiveInterceptor.jlrMethodInvoke(ReflectiveInterceptor.java:1461)
	at org.codehaus.groovy.grails.web.servlet.mvc.MixedGrailsControllerHelper.invoke(MixedGrailsControllerHelper.java:154)
	at org.codehaus.groovy.grails.web.servlet.mvc.AbstractGrailsControllerHelper.handleAction(AbstractGrailsControllerHelper.java:375)
	at org.codehaus.groovy.grails.web.servlet.mvc.AbstractGrailsControllerHelper.executeAction(AbstractGrailsControllerHelper.java:252)
	at org.codehaus.groovy.grails.web.servlet.mvc.AbstractGrailsControllerHelper.handleURI(AbstractGrailsControllerHelper.java:205)
	at org.codehaus.groovy.grails.web.servlet.mvc.AbstractGrailsControllerHelper.handleURI(AbstractGrailsControllerHelper.java:126)
	at org.codehaus.groovy.grails.web.servlet.mvc.SimpleGrailsController.handleRequest(SimpleGrailsController.java:72)
	at org.springframework.web.servlet.mvc.SimpleControllerHandlerAdapter.handle(SimpleControllerHandlerAdapter.java:50)
	at org.codehaus.groovy.grails.web.servlet.GrailsDispatcherServlet.doDispatch(GrailsDispatcherServlet.java:347)
	at org.springframework.web.servlet.DispatcherServlet.doService(DispatcherServlet.java:893)
	at org.springframework.web.servlet.FrameworkServlet.processRequest(FrameworkServlet.java:965)
	at org.springframework.web.servlet.FrameworkServlet.doPost(FrameworkServlet.java:867)
	at javax.servlet.http.HttpServlet.service(HttpServlet.java:650)
	at org.springframework.web.servlet.FrameworkServlet.service(FrameworkServlet.java:841)
	at javax.servlet.http.HttpServlet.service(HttpServlet.java:731)
	at org.apache.catalina.core.ApplicationFilterChain.internalDoFilter(ApplicationFilterChain.java:303)
	at org.apache.catalina.core.ApplicationFilterChain.doFilter(ApplicationFilterChain.java:208)
	at org.apache.tomcat.websocket.server.WsFilter.doFilter(WsFilter.java:52)
	at org.apache.catalina.core.ApplicationFilterChain.internalDoFilter(ApplicationFilterChain.java:241)
	at org.apache.catalina.core.ApplicationFilterChain.doFilter(ApplicationFilterChain.java:208)
	at grails.plugin.cache.web.filter.PageFragmentCachingFilter.doFilter(PageFragmentCachingFilter.java:198)
	at grails.plugin.cache.web.filter.AbstractFilter.doFilter(AbstractFilter.java:63)
	at org.springframework.web.filter.DelegatingFilterProxy.invokeDelegate(DelegatingFilterProxy.java:344)
	at org.springframework.web.filter.DelegatingFilterProxy.doFilter(DelegatingFilterProxy.java:261)
	at org.apache.catalina.core.ApplicationFilterChain.internalDoFilter(ApplicationFilterChain.java:241)
	at org.apache.catalina.core.ApplicationFilterChain.doFilter(ApplicationFilterChain.java:208)
	at org.springframework.web.filter.OncePerRequestFilter.doFilter(OncePerRequestFilter.java:101)
	at org.apache.catalina.core.ApplicationFilterChain.internalDoFilter(ApplicationFilterChain.java:241)
	at org.apache.catalina.core.ApplicationFilterChain.doFilter(ApplicationFilterChain.java:208)
	at org.springframework.web.filter.OncePerRequestFilter.doFilter(OncePerRequestFilter.java:101)
	at org.apache.catalina.core.ApplicationFilterChain.internalDoFilter(ApplicationFilterChain.java:241)
	at org.apache.catalina.core.ApplicationFilterChain.doFilter(ApplicationFilterChain.java:208)
	at org.springframework.web.filter.OncePerRequestFilter.doFilter(OncePerRequestFilter.java:101)
	at org.apache.catalina.core.ApplicationFilterChain.internalDoFilter(ApplicationFilterChain.java:241)
	at org.apache.catalina.core.ApplicationFilterChain.doFilter(ApplicationFilterChain.java:208)
	at org.apache.catalina.core.ApplicationDispatcher.invoke(ApplicationDispatcher.java:747)
	at org.apache.catalina.core.ApplicationDispatcher.processRequest(ApplicationDispatcher.java:485)
	at org.apache.catalina.core.ApplicationDispatcher.doForward(ApplicationDispatcher.java:410)
	at org.apache.catalina.core.ApplicationDispatcher.forward(ApplicationDispatcher.java:337)
	at org.codehaus.groovy.grails.web.mapping.UrlMappingUtils.forwardRequestForUrlMappingInfo(UrlMappingUtils.java:178)
	at org.codehaus.groovy.grails.web.mapping.UrlMappingUtils.forwardRequestForUrlMappingInfo(UrlMappingUtils.java:144)
	at org.codehaus.groovy.grails.web.mapping.UrlMappingUtils.forwardRequestForUrlMappingInfo(UrlMappingUtils.java:135)
	at org.codehaus.groovy.grails.web.mapping.filter.UrlMappingsFilter.doFilterInternal(UrlMappingsFilter.java:216)
	at org.springframework.web.filter.OncePerRequestFilter.doFilter(OncePerRequestFilter.java:107)
	at org.apache.catalina.core.ApplicationFilterChain.internalDoFilter(ApplicationFilterChain.java:241)
	at org.apache.catalina.core.ApplicationFilterChain.doFilter(ApplicationFilterChain.java:208)
	at org.codehaus.groovy.grails.web.servlet.mvc.GrailsWebRequestFilter.doFilterInternal(GrailsWebRequestFilter.java:69)
	at org.springframework.web.filter.OncePerRequestFilter.doFilter(OncePerRequestFilter.java:107)
	at org.apache.catalina.core.ApplicationFilterChain.internalDoFilter(ApplicationFilterChain.java:241)
	at org.apache.catalina.core.ApplicationFilterChain.doFilter(ApplicationFilterChain.java:208)
	at org.codehaus.groovy.grails.web.filters.HiddenHttpMethodFilter.doFilterInternal(HiddenHttpMethodFilter.java:67)
	at org.springframework.web.filter.OncePerRequestFilter.doFilter(OncePerRequestFilter.java:107)
	at org.apache.catalina.core.ApplicationFilterChain.internalDoFilter(ApplicationFilterChain.java:241)
	at org.apache.catalina.core.ApplicationFilterChain.doFilter(ApplicationFilterChain.java:208)
	at org.springframework.web.filter.CharacterEncodingFilter.doFilterInternal(CharacterEncodingFilter.java:85)
	at org.springframework.web.filter.OncePerRequestFilter.doFilter(OncePerRequestFilter.java:107)
	at org.springframework.web.filter.DelegatingFilterProxy.invokeDelegate(DelegatingFilterProxy.java:344)
	at org.springframework.web.filter.DelegatingFilterProxy.doFilter(DelegatingFilterProxy.java:261)
	at org.apache.catalina.core.ApplicationFilterChain.internalDoFilter(ApplicationFilterChain.java:241)
	at org.apache.catalina.core.ApplicationFilterChain.doFilter(ApplicationFilterChain.java:208)
	at org.apache.catalina.core.StandardWrapperValve.invoke(StandardWrapperValve.java:218)
	at org.apache.catalina.core.StandardContextValve.invoke(StandardContextValve.java:122)
	at org.apache.catalina.core.StandardHostValve.invoke(StandardHostValve.java:169)
	at org.apache.catalina.valves.ErrorReportValve.invoke(ErrorReportValve.java:103)
	at org.apache.catalina.core.StandardEngineValve.invoke(StandardEngineValve.java:116)
	at org.apache.catalina.connector.CoyoteAdapter.service(CoyoteAdapter.java:442)
	at org.apache.coyote.http11.AbstractHttp11Processor.process(AbstractHttp11Processor.java:1082)
	at org.apache.coyote.AbstractProtocol$AbstractConnectionHandler.process(AbstractProtocol.java:623)
	at org.apache.tomcat.util.net.JIoEndpoint$SocketProcessor.run(JIoEndpoint.java:318)
	at java.util.concurrent.ThreadPoolExecutor.runWorker(ThreadPoolExecutor.java:1149)
	at java.util.concurrent.ThreadPoolExecutor$Worker.run(ThreadPoolExecutor.java:624)
	at org.apache.tomcat.util.threads.TaskThread$WrappingRunnable.run(TaskThread.java:61)
	at java.lang.Thread.run(Thread.java:748)
2025-05-13 16:53:43,355 [http-bio-8080-exec-4] ERROR StackTrace  - Full Stack Trace:
org.h2.jdbc.JdbcSQLException: NULL not allowed for column "DESCRIPTION"; SQL statement:
insert into events (person_id, version, pleace, description, end_date, persons_name, organizer, start_date, venue) values (null, ?, ?, ?, ?, ?, ?, ?, ?) [23502-176]
	at org.h2.message.DbException.getJdbcSQLException(DbException.java:344)
	at org.h2.message.DbException.get(DbException.java:178)
	at org.h2.message.DbException.get(DbException.java:154)
	at org.h2.table.Column.validateConvertUpdateSequence(Column.java:308)
	at org.h2.table.Table.validateConvertUpdateSequence(Table.java:726)
	at org.h2.command.dml.Insert.insertRows(Insert.java:152)
	at org.h2.command.dml.Insert.update(Insert.java:115)
	at org.h2.command.CommandContainer.update(CommandContainer.java:79)
	at org.h2.command.Command.executeUpdate(Command.java:254)
	at org.h2.jdbc.JdbcPreparedStatement.executeUpdateInternal(JdbcPreparedStatement.java:158)
	at org.h2.jdbc.JdbcPreparedStatement.executeUpdate(JdbcPreparedStatement.java:144)
	at com.tekdays.TekEventController.save(TekDaysController.groovy:10)
	at grails.plugin.cache.web.filter.PageFragmentCachingFilter.doFilter(PageFragmentCachingFilter.java:198)
	at grails.plugin.cache.web.filter.AbstractFilter.doFilter(AbstractFilter.java:63)
	at java.util.concurrent.ThreadPoolExecutor.runWorker(ThreadPoolExecutor.java:1149)
	at java.util.concurrent.ThreadPoolExecutor$Worker.run(ThreadPoolExecutor.java:624)
	at java.lang.Thread.run(Thread.java:748)
2025-05-13 16:53:43,356 [http-bio-8080-exec-4] ERROR StackTrace  - Full Stack Trace:
org.h2.jdbc.JdbcSQLException: NULL not allowed for column "DESCRIPTION"; SQL statement:
insert into events (person_id, version, pleace, description, end_date, persons_name, organizer, start_date, venue) values (null, ?, ?, ?, ?, ?, ?, ?, ?) [23502-176]
	at org.h2.message.DbException.getJdbcSQLException(DbException.java:344)
	at org.h2.message.DbException.get(DbException.java:178)
	at org.h2.message.DbException.get(DbException.java:154)
	at org.h2.table.Column.validateConvertUpdateSequence(Column.java:308)
	at org.h2.table.Table.validateConvertUpdateSequence(Table.java:726)
	at org.h2.command.dml.Insert.insertRows(Insert.java:152)
	at org.h2.command.dml.Insert.update(Insert.java:115)
	at org.h2.command.CommandContainer.update(CommandContainer.java:79)
	at org.h2.command.Command.executeUpdate(Command.java:254)
	at org.h2.jdbc.JdbcPreparedStatement.executeUpdateInternal(JdbcPreparedStatement.java:158)
	at org.h2.jdbc.JdbcPreparedStatement.executeUpdate(JdbcPreparedStatement.java:144)
	at com.tekdays.TekEventController.save(TekDaysController.groovy:10)
	at grails.plugin.cache.web.filter.PageFragmentCachingFilter.doFilter(PageFragmentCachingFilter.java:198)
	at grails.plugin.cache.web.filter.AbstractFilter.doFilter(AbstractFilter.java:63)
	at java.util.concurrent.ThreadPoolExecutor.runWorker(ThreadPoolExecutor.java:1149)
	at java.util.concurrent.ThreadPoolExecutor$Worker.run(ThreadPoolExecutor.java:624)
	at java.lang.Thread.run(Thread.java:748)
2025-05-13 16:53:43,356 [http-bio-8080-exec-4] ERROR StackTrace  - Full Stack Trace:
org.h2.jdbc.JdbcSQLException: NULL not allowed for column "DESCRIPTION"; SQL statement:
insert into events (person_id, version, pleace, description, end_date, persons_name, organizer, start_date, venue) values (null, ?, ?, ?, ?, ?, ?, ?, ?) [23502-176]
	at org.h2.message.DbException.getJdbcSQLException(DbException.java:344)
	at org.h2.message.DbException.get(DbException.java:178)
	at org.h2.message.DbException.get(DbException.java:154)
	at org.h2.table.Column.validateConvertUpdateSequence(Column.java:308)
	at org.h2.table.Table.validateConvertUpdateSequence(Table.java:726)
	at org.h2.command.dml.Insert.insertRows(Insert.java:152)
	at org.h2.command.dml.Insert.update(Insert.java:115)
	at org.h2.command.CommandContainer.update(CommandContainer.java:79)
	at org.h2.command.Command.executeUpdate(Command.java:254)
	at org.h2.jdbc.JdbcPreparedStatement.executeUpdateInternal(JdbcPreparedStatement.java:158)
	at org.h2.jdbc.JdbcPreparedStatement.executeUpdate(JdbcPreparedStatement.java:144)
	at com.tekdays.TekEventController.save(TekDaysController.groovy:10)
	at grails.plugin.cache.web.filter.PageFragmentCachingFilter.doFilter(PageFragmentCachingFilter.java:198)
	at grails.plugin.cache.web.filter.AbstractFilter.doFilter(AbstractFilter.java:63)
	at java.util.concurrent.ThreadPoolExecutor.runWorker(ThreadPoolExecutor.java:1149)
	at java.util.concurrent.ThreadPoolExecutor$Worker.run(ThreadPoolExecutor.java:624)
	at java.lang.Thread.run(Thread.java:748)
2025-05-13 16:53:43,356 [http-bio-8080-exec-4] ERROR StackTrace  - Full Stack Trace:
org.h2.jdbc.JdbcSQLException: NULL not allowed for column "DESCRIPTION"; SQL statement:
insert into events (person_id, version, pleace, description, end_date, persons_name, organizer, start_date, venue) values (null, ?, ?, ?, ?, ?, ?, ?, ?) [23502-176]
	at org.h2.message.DbException.getJdbcSQLException(DbException.java:344)
	at org.h2.message.DbException.get(DbException.java:178)
	at org.h2.message.DbException.get(DbException.java:154)
	at org.h2.table.Column.validateConvertUpdateSequence(Column.java:308)
	at org.h2.table.Table.validateConvertUpdateSequence(Table.java:726)
	at org.h2.command.dml.Insert.insertRows(Insert.java:152)
	at org.h2.command.dml.Insert.update(Insert.java:115)
	at org.h2.command.CommandContainer.update(CommandContainer.java:79)
	at org.h2.command.Command.executeUpdate(Command.java:254)
	at org.h2.jdbc.JdbcPreparedStatement.executeUpdateInternal(JdbcPreparedStatement.java:158)
	at org.h2.jdbc.JdbcPreparedStatement.executeUpdate(JdbcPreparedStatement.java:144)
	at com.tekdays.TekEventController.save(TekDaysController.groovy:10)
	at grails.plugin.cache.web.filter.PageFragmentCachingFilter.doFilter(PageFragmentCachingFilter.java:198)
	at grails.plugin.cache.web.filter.AbstractFilter.doFilter(AbstractFilter.java:63)
	at java.util.concurrent.ThreadPoolExecutor.runWorker(ThreadPoolExecutor.java:1149)
	at java.util.concurrent.ThreadPoolExecutor$Worker.run(ThreadPoolExecutor.java:624)
	at java.lang.Thread.run(Thread.java:748)
2025-05-13 16:53:43,356 [http-bio-8080-exec-4] ERROR StackTrace  - Full Stack Trace:
org.h2.jdbc.JdbcSQLException: NULL not allowed for column "DESCRIPTION"; SQL statement:
insert into events (person_id, version, pleace, description, end_date, persons_name, organizer, start_date, venue) values (null, ?, ?, ?, ?, ?, ?, ?, ?) [23502-176]
	at org.h2.message.DbException.getJdbcSQLException(DbException.java:344)
	at org.h2.message.DbException.get(DbException.java:178)
	at org.h2.message.DbException.get(DbException.java:154)
	at org.h2.table.Column.validateConvertUpdateSequence(Column.java:308)
	at org.h2.table.Table.validateConvertUpdateSequence(Table.java:726)
	at org.h2.command.dml.Insert.insertRows(Insert.java:152)
	at org.h2.command.dml.Insert.update(Insert.java:115)
	at org.h2.command.CommandContainer.update(CommandContainer.java:79)
	at org.h2.command.Command.executeUpdate(Command.java:254)
	at org.h2.jdbc.JdbcPreparedStatement.executeUpdateInternal(JdbcPreparedStatement.java:158)
	at org.h2.jdbc.JdbcPreparedStatement.executeUpdate(JdbcPreparedStatement.java:144)
	at com.tekdays.TekEventController.save(TekDaysController.groovy:10)
	at grails.plugin.cache.web.filter.PageFragmentCachingFilter.doFilter(PageFragmentCachingFilter.java:198)
	at grails.plugin.cache.web.filter.AbstractFilter.doFilter(AbstractFilter.java:63)
	at java.util.concurrent.ThreadPoolExecutor.runWorker(ThreadPoolExecutor.java:1149)
	at java.util.concurrent.ThreadPoolExecutor$Worker.run(ThreadPoolExecutor.java:624)
	at java.lang.Thread.run(Thread.java:748)
2025-05-14 15:39:01,098 [main] ERROR StackTrace  - Full Stack Trace:
Condition not satisfied:

tekEvent1.errors['name'].code == 'blank'
|         |     |        |    |
|         |     |        |    false
|         |     |        |    6 differences (25% similarity)
|         |     |        |    (nu)l(l)a(ble)
|         |     |        |    (b-)l(-)a(nk-)
|         |     |        nullable
|         |     Field error in object 'com.tekdays.TekEvent' on field 'name': rejected value [null]; codes [com.tekdays.TekEvent.name.nullable.error.com.tekdays.TekEvent.name,com.tekdays.TekEvent.name.nullable.error.name,com.tekdays.TekEvent.name.nullable.error.java.lang.String,com.tekdays.TekEvent.name.nullable.error,tekEvent.name.nullable.error.com.tekdays.TekEvent.name,tekEvent.name.nullable.error.name,tekEvent.name.nullable.error.java.lang.String,tekEvent.name.nullable.error,com.tekdays.TekEvent.name.nullable.com.tekdays.TekEvent.name,com.tekdays.TekEvent.name.nullable.name,com.tekdays.TekEvent.name.nullable.java.lang.String,com.tekdays.TekEvent.name.nullable,tekEvent.name.nullable.com.tekdays.TekEvent.name,tekEvent.name.nullable.name,tekEvent.name.nullable.java.lang.String,tekEvent.name.nullable,nullable.com.tekdays.TekEvent.name,nullable.name,nullable.java.lang.String,nullable]; arguments [name,class com.tekdays.TekEvent]; default message [Property [{0}] of class [{1}] cannot be null]
|         org.grails.datastore.mapping.validation.ValidationErrors: 5 errors
|         Field error in object 'com.tekdays.TekEvent' on field 'name': rejected value [null]; codes [com.tekdays.TekEvent.name.nullable.error.com.tekdays.TekEvent.name,com.tekdays.TekEvent.name.nullable.error.name,com.tekdays.TekEvent.name.nullable.error.java.lang.String,com.tekdays.TekEvent.name.nullable.error,tekEvent.name.nullable.error.com.tekdays.TekEvent.name,tekEvent.name.nullable.error.name,tekEvent.name.nullable.error.java.lang.String,tekEvent.name.nullable.error,com.tekdays.TekEvent.name.nullable.com.tekdays.TekEvent.name,com.tekdays.TekEvent.name.nullable.name,com.tekdays.TekEvent.name.nullable.java.lang.String,com.tekdays.TekEvent.name.nullable,tekEvent.name.nullable.com.tekdays.TekEvent.name,tekEvent.name.nullable.name,tekEvent.name.nullable.java.lang.String,tekEvent.name.nullable,nullable.com.tekdays.TekEvent.name,nullable.name,nullable.java.lang.String,nullable]; arguments [name,class com.tekdays.TekEvent]; default message [Property [{0}] of class [{1}] cannot be null]
|         Field error in object 'com.tekdays.TekEvent' on field 'endDate': rejected value [null]; codes [com.tekdays.TekEvent.endDate.nullable.error.com.tekdays.TekEvent.endDate,com.tekdays.TekEvent.endDate.nullable.error.endDate,com.tekdays.TekEvent.endDate.nullable.error.java.util.Date,com.tekdays.TekEvent.endDate.nullable.error,tekEvent.endDate.nullable.error.com.tekdays.TekEvent.endDate,tekEvent.endDate.nullable.error.endDate,tekEvent.endDate.nullable.error.java.util.Date,tekEvent.endDate.nullable.error,com.tekdays.TekEvent.endDate.nullable.com.tekdays.TekEvent.endDate,com.tekdays.TekEvent.endDate.nullable.endDate,com.tekdays.TekEvent.endDate.nullable.java.util.Date,com.tekdays.TekEvent.endDate.nullable,tekEvent.endDate.nullable.com.tekdays.TekEvent.endDate,tekEvent.endDate.nullable.endDate,tekEvent.endDate.nullable.java.util.Date,tekEvent.endDate.nullable,nullable.com.tekdays.TekEvent.endDate,nullable.endDate,nullable.java.util.Date,nullable]; arguments [endDate,class com.tekdays.TekEvent]; default message [Property [{0}] of class [{1}] cannot be null]
|         Field error in object 'com.tekdays.TekEvent' on field 'organizer': rejected value [null]; codes [com.tekdays.TekEvent.organizer.nullable.error.com.tekdays.TekEvent.organizer,com.tekdays.TekEvent.organizer.nullable.error.organizer,com.tekdays.TekEvent.organizer.nullable.error.java.lang.String,com.tekdays.TekEvent.organizer.nullable.error,tekEvent.organizer.nullable.error.com.tekdays.TekEvent.organizer,tekEvent.organizer.nullable.error.organizer,tekEvent.organizer.nullable.error.java.lang.String,tekEvent.organizer.nullable.error,com.tekdays.TekEvent.organizer.nullable.com.tekdays.TekEvent.organizer,com.tekdays.TekEvent.organizer.nullable.organizer,com.tekdays.TekEvent.organizer.nullable.java.lang.String,com.tekdays.TekEvent.organizer.nullable,tekEvent.organizer.nullable.com.tekdays.TekEvent.organizer,tekEvent.organizer.nullable.organizer,tekEvent.organizer.nullable.java.lang.String,tekEvent.organizer.nullable,nullable.com.tekdays.TekEvent.organizer,nullable.organizer,nullable.java.lang.String,nullable]; arguments [organizer,class com.tekdays.TekEvent]; default message [Property [{0}] of class [{1}] cannot be null]
|         Field error in object 'com.tekdays.TekEvent' on field 'startDate': rejected value [null]; codes [com.tekdays.TekEvent.startDate.nullable.error.com.tekdays.TekEvent.startDate,com.tekdays.TekEvent.startDate.nullable.error.startDate,com.tekdays.TekEvent.startDate.nullable.error.java.util.Date,com.tekdays.TekEvent.startDate.nullable.error,tekEvent.startDate.nullable.error.com.tekdays.TekEvent.startDate,tekEvent.startDate.nullable.error.startDate,tekEvent.startDate.nullable.error.java.util.Date,tekEvent.startDate.nullable.error,com.tekdays.TekEvent.startDate.nullable.com.tekdays.TekEvent.startDate,com.tekdays.TekEvent.startDate.nullable.startDate,com.tekdays.TekEvent.startDate.nullable.java.util.Date,com.tekdays.TekEvent.startDate.nullable,tekEvent.startDate.nullable.com.tekdays.TekEvent.startDate,tekEvent.startDate.nullable.startDate,tekEvent.startDate.nullable.java.util.Date,tekEvent.startDate.nullable,nullable.com.tekdays.TekEvent.startDate,nullable.startDate,nullable.java.util.Date,nullable]; arguments [startDate,class com.tekdays.TekEvent]; default message [Property [{0}] of class [{1}] cannot be null]
|         Field error in object 'com.tekdays.TekEvent' on field 'venue': rejected value [null]; codes [com.tekdays.TekEvent.venue.nullable.error.com.tekdays.TekEvent.venue,com.tekdays.TekEvent.venue.nullable.error.venue,com.tekdays.TekEvent.venue.nullable.error.java.lang.String,com.tekdays.TekEvent.venue.nullable.error,tekEvent.venue.nullable.error.com.tekdays.TekEvent.venue,tekEvent.venue.nullable.error.venue,tekEvent.venue.nullable.error.java.lang.String,tekEvent.venue.nullable.error,com.tekdays.TekEvent.venue.nullable.com.tekdays.TekEvent.venue,com.tekdays.TekEvent.venue.nullable.venue,com.tekdays.TekEvent.venue.nullable.java.lang.String,com.tekdays.TekEvent.venue.nullable,tekEvent.venue.nullable.com.tekdays.TekEvent.venue,tekEvent.venue.nullable.venue,tekEvent.venue.nullable.java.lang.String,tekEvent.venue.nullable,nullable.com.tekdays.TekEvent.venue,nullable.venue,nullable.java.lang.String,nullable]; arguments [venue,class com.tekdays.TekEvent]; default message [Property [{0}] of class [{1}] cannot be null]
null, Yerevan

	at com.tekdays.TekEventSpec.test to create(TekEventSpec.groovy:32)
2025-05-14 15:39:01,105 [main] ERROR StackTrace  - Full Stack Trace:
Condition not satisfied:

tekEvent1.errors['name'].code == 'blank'
|         |     |        |    |
|         |     |        |    false
|         |     |        |    6 differences (25% similarity)
|         |     |        |    (nu)l(l)a(ble)
|         |     |        |    (b-)l(-)a(nk-)
|         |     |        nullable
|         |     Field error in object 'com.tekdays.TekEvent' on field 'name': rejected value [null]; codes [com.tekdays.TekEvent.name.nullable.error.com.tekdays.TekEvent.name,com.tekdays.TekEvent.name.nullable.error.name,com.tekdays.TekEvent.name.nullable.error.java.lang.String,com.tekdays.TekEvent.name.nullable.error,tekEvent.name.nullable.error.com.tekdays.TekEvent.name,tekEvent.name.nullable.error.name,tekEvent.name.nullable.error.java.lang.String,tekEvent.name.nullable.error,com.tekdays.TekEvent.name.nullable.com.tekdays.TekEvent.name,com.tekdays.TekEvent.name.nullable.name,com.tekdays.TekEvent.name.nullable.java.lang.String,com.tekdays.TekEvent.name.nullable,tekEvent.name.nullable.com.tekdays.TekEvent.name,tekEvent.name.nullable.name,tekEvent.name.nullable.java.lang.String,tekEvent.name.nullable,nullable.com.tekdays.TekEvent.name,nullable.name,nullable.java.lang.String,nullable]; arguments [name,class com.tekdays.TekEvent]; default message [Property [{0}] of class [{1}] cannot be null]
|         org.grails.datastore.mapping.validation.ValidationErrors: 5 errors
|         Field error in object 'com.tekdays.TekEvent' on field 'name': rejected value [null]; codes [com.tekdays.TekEvent.name.nullable.error.com.tekdays.TekEvent.name,com.tekdays.TekEvent.name.nullable.error.name,com.tekdays.TekEvent.name.nullable.error.java.lang.String,com.tekdays.TekEvent.name.nullable.error,tekEvent.name.nullable.error.com.tekdays.TekEvent.name,tekEvent.name.nullable.error.name,tekEvent.name.nullable.error.java.lang.String,tekEvent.name.nullable.error,com.tekdays.TekEvent.name.nullable.com.tekdays.TekEvent.name,com.tekdays.TekEvent.name.nullable.name,com.tekdays.TekEvent.name.nullable.java.lang.String,com.tekdays.TekEvent.name.nullable,tekEvent.name.nullable.com.tekdays.TekEvent.name,tekEvent.name.nullable.name,tekEvent.name.nullable.java.lang.String,tekEvent.name.nullable,nullable.com.tekdays.TekEvent.name,nullable.name,nullable.java.lang.String,nullable]; arguments [name,class com.tekdays.TekEvent]; default message [Property [{0}] of class [{1}] cannot be null]
|         Field error in object 'com.tekdays.TekEvent' on field 'endDate': rejected value [null]; codes [com.tekdays.TekEvent.endDate.nullable.error.com.tekdays.TekEvent.endDate,com.tekdays.TekEvent.endDate.nullable.error.endDate,com.tekdays.TekEvent.endDate.nullable.error.java.util.Date,com.tekdays.TekEvent.endDate.nullable.error,tekEvent.endDate.nullable.error.com.tekdays.TekEvent.endDate,tekEvent.endDate.nullable.error.endDate,tekEvent.endDate.nullable.error.java.util.Date,tekEvent.endDate.nullable.error,com.tekdays.TekEvent.endDate.nullable.com.tekdays.TekEvent.endDate,com.tekdays.TekEvent.endDate.nullable.endDate,com.tekdays.TekEvent.endDate.nullable.java.util.Date,com.tekdays.TekEvent.endDate.nullable,tekEvent.endDate.nullable.com.tekdays.TekEvent.endDate,tekEvent.endDate.nullable.endDate,tekEvent.endDate.nullable.java.util.Date,tekEvent.endDate.nullable,nullable.com.tekdays.TekEvent.endDate,nullable.endDate,nullable.java.util.Date,nullable]; arguments [endDate,class com.tekdays.TekEvent]; default message [Property [{0}] of class [{1}] cannot be null]
|         Field error in object 'com.tekdays.TekEvent' on field 'organizer': rejected value [null]; codes [com.tekdays.TekEvent.organizer.nullable.error.com.tekdays.TekEvent.organizer,com.tekdays.TekEvent.organizer.nullable.error.organizer,com.tekdays.TekEvent.organizer.nullable.error.java.lang.String,com.tekdays.TekEvent.organizer.nullable.error,tekEvent.organizer.nullable.error.com.tekdays.TekEvent.organizer,tekEvent.organizer.nullable.error.organizer,tekEvent.organizer.nullable.error.java.lang.String,tekEvent.organizer.nullable.error,com.tekdays.TekEvent.organizer.nullable.com.tekdays.TekEvent.organizer,com.tekdays.TekEvent.organizer.nullable.organizer,com.tekdays.TekEvent.organizer.nullable.java.lang.String,com.tekdays.TekEvent.organizer.nullable,tekEvent.organizer.nullable.com.tekdays.TekEvent.organizer,tekEvent.organizer.nullable.organizer,tekEvent.organizer.nullable.java.lang.String,tekEvent.organizer.nullable,nullable.com.tekdays.TekEvent.organizer,nullable.organizer,nullable.java.lang.String,nullable]; arguments [organizer,class com.tekdays.TekEvent]; default message [Property [{0}] of class [{1}] cannot be null]
|         Field error in object 'com.tekdays.TekEvent' on field 'startDate': rejected value [null]; codes [com.tekdays.TekEvent.startDate.nullable.error.com.tekdays.TekEvent.startDate,com.tekdays.TekEvent.startDate.nullable.error.startDate,com.tekdays.TekEvent.startDate.nullable.error.java.util.Date,com.tekdays.TekEvent.startDate.nullable.error,tekEvent.startDate.nullable.error.com.tekdays.TekEvent.startDate,tekEvent.startDate.nullable.error.startDate,tekEvent.startDate.nullable.error.java.util.Date,tekEvent.startDate.nullable.error,com.tekdays.TekEvent.startDate.nullable.com.tekdays.TekEvent.startDate,com.tekdays.TekEvent.startDate.nullable.startDate,com.tekdays.TekEvent.startDate.nullable.java.util.Date,com.tekdays.TekEvent.startDate.nullable,tekEvent.startDate.nullable.com.tekdays.TekEvent.startDate,tekEvent.startDate.nullable.startDate,tekEvent.startDate.nullable.java.util.Date,tekEvent.startDate.nullable,nullable.com.tekdays.TekEvent.startDate,nullable.startDate,nullable.java.util.Date,nullable]; arguments [startDate,class com.tekdays.TekEvent]; default message [Property [{0}] of class [{1}] cannot be null]
|         Field error in object 'com.tekdays.TekEvent' on field 'venue': rejected value [null]; codes [com.tekdays.TekEvent.venue.nullable.error.com.tekdays.TekEvent.venue,com.tekdays.TekEvent.venue.nullable.error.venue,com.tekdays.TekEvent.venue.nullable.error.java.lang.String,com.tekdays.TekEvent.venue.nullable.error,tekEvent.venue.nullable.error.com.tekdays.TekEvent.venue,tekEvent.venue.nullable.error.venue,tekEvent.venue.nullable.error.java.lang.String,tekEvent.venue.nullable.error,com.tekdays.TekEvent.venue.nullable.com.tekdays.TekEvent.venue,com.tekdays.TekEvent.venue.nullable.venue,com.tekdays.TekEvent.venue.nullable.java.lang.String,com.tekdays.TekEvent.venue.nullable,tekEvent.venue.nullable.com.tekdays.TekEvent.venue,tekEvent.venue.nullable.venue,tekEvent.venue.nullable.java.lang.String,tekEvent.venue.nullable,nullable.com.tekdays.TekEvent.venue,nullable.venue,nullable.java.lang.String,nullable]; arguments [venue,class com.tekdays.TekEvent]; default message [Property [{0}] of class [{1}] cannot be null]
null, Yerevan

	at com.tekdays.TekEventSpec.test to create(TekEventSpec.groovy:32)
2025-05-14 15:39:01,108 [main] ERROR StackTrace  - Full Stack Trace:
junit.framework.AssertionFailedError: Condition not satisfied:

tekEvent1.errors['name'].code == 'blank'
|         |     |        |    |
|         |     |        |    false
|         |     |        |    6 differences (25% similarity)
|         |     |        |    (nu)l(l)a(ble)
|         |     |        |    (b-)l(-)a(nk-)
|         |     |        nullable
|         |     Field error in object 'com.tekdays.TekEvent' on field 'name': rejected value [null]; codes [com.tekdays.TekEvent.name.nullable.error.com.tekdays.TekEvent.name,com.tekdays.TekEvent.name.nullable.error.name,com.tekdays.TekEvent.name.nullable.error.java.lang.String,com.tekdays.TekEvent.name.nullable.error,tekEvent.name.nullable.error.com.tekdays.TekEvent.name,tekEvent.name.nullable.error.name,tekEvent.name.nullable.error.java.lang.String,tekEvent.name.nullable.error,com.tekdays.TekEvent.name.nullable.com.tekdays.TekEvent.name,com.tekdays.TekEvent.name.nullable.name,com.tekdays.TekEvent.name.nullable.java.lang.String,com.tekdays.TekEvent.name.nullable,tekEvent.name.nullable.com.tekdays.TekEvent.name,tekEvent.name.nullable.name,tekEvent.name.nullable.java.lang.String,tekEvent.name.nullable,nullable.com.tekdays.TekEvent.name,nullable.name,nullable.java.lang.String,nullable]; arguments [name,class com.tekdays.TekEvent]; default message [Property [{0}] of class [{1}] cannot be null]
|         org.grails.datastore.mapping.validation.ValidationErrors: 5 errors
|         Field error in object 'com.tekdays.TekEvent' on field 'name': rejected value [null]; codes [com.tekdays.TekEvent.name.nullable.error.com.tekdays.TekEvent.name,com.tekdays.TekEvent.name.nullable.error.name,com.tekdays.TekEvent.name.nullable.error.java.lang.String,com.tekdays.TekEvent.name.nullable.error,tekEvent.name.nullable.error.com.tekdays.TekEvent.name,tekEvent.name.nullable.error.name,tekEvent.name.nullable.error.java.lang.String,tekEvent.name.nullable.error,com.tekdays.TekEvent.name.nullable.com.tekdays.TekEvent.name,com.tekdays.TekEvent.name.nullable.name,com.tekdays.TekEvent.name.nullable.java.lang.String,com.tekdays.TekEvent.name.nullable,tekEvent.name.nullable.com.tekdays.TekEvent.name,tekEvent.name.nullable.name,tekEvent.name.nullable.java.lang.String,tekEvent.name.nullable,nullable.com.tekdays.TekEvent.name,nullable.name,nullable.java.lang.String,nullable]; arguments [name,class com.tekdays.TekEvent]; default message [Property [{0}] of class [{1}] cannot be null]
|         Field error in object 'com.tekdays.TekEvent' on field 'endDate': rejected value [null]; codes [com.tekdays.TekEvent.endDate.nullable.error.com.tekdays.TekEvent.endDate,com.tekdays.TekEvent.endDate.nullable.error.endDate,com.tekdays.TekEvent.endDate.nullable.error.java.util.Date,com.tekdays.TekEvent.endDate.nullable.error,tekEvent.endDate.nullable.error.com.tekdays.TekEvent.endDate,tekEvent.endDate.nullable.error.endDate,tekEvent.endDate.nullable.error.java.util.Date,tekEvent.endDate.nullable.error,com.tekdays.TekEvent.endDate.nullable.com.tekdays.TekEvent.endDate,com.tekdays.TekEvent.endDate.nullable.endDate,com.tekdays.TekEvent.endDate.nullable.java.util.Date,com.tekdays.TekEvent.endDate.nullable,tekEvent.endDate.nullable.com.tekdays.TekEvent.endDate,tekEvent.endDate.nullable.endDate,tekEvent.endDate.nullable.java.util.Date,tekEvent.endDate.nullable,nullable.com.tekdays.TekEvent.endDate,nullable.endDate,nullable.java.util.Date,nullable]; arguments [endDate,class com.tekdays.TekEvent]; default message [Property [{0}] of class [{1}] cannot be null]
|         Field error in object 'com.tekdays.TekEvent' on field 'organizer': rejected value [null]; codes [com.tekdays.TekEvent.organizer.nullable.error.com.tekdays.TekEvent.organizer,com.tekdays.TekEvent.organizer.nullable.error.organizer,com.tekdays.TekEvent.organizer.nullable.error.java.lang.String,com.tekdays.TekEvent.organizer.nullable.error,tekEvent.organizer.nullable.error.com.tekdays.TekEvent.organizer,tekEvent.organizer.nullable.error.organizer,tekEvent.organizer.nullable.error.java.lang.String,tekEvent.organizer.nullable.error,com.tekdays.TekEvent.organizer.nullable.com.tekdays.TekEvent.organizer,com.tekdays.TekEvent.organizer.nullable.organizer,com.tekdays.TekEvent.organizer.nullable.java.lang.String,com.tekdays.TekEvent.organizer.nullable,tekEvent.organizer.nullable.com.tekdays.TekEvent.organizer,tekEvent.organizer.nullable.organizer,tekEvent.organizer.nullable.java.lang.String,tekEvent.organizer.nullable,nullable.com.tekdays.TekEvent.organizer,nullable.organizer,nullable.java.lang.String,nullable]; arguments [organizer,class com.tekdays.TekEvent]; default message [Property [{0}] of class [{1}] cannot be null]
|         Field error in object 'com.tekdays.TekEvent' on field 'startDate': rejected value [null]; codes [com.tekdays.TekEvent.startDate.nullable.error.com.tekdays.TekEvent.startDate,com.tekdays.TekEvent.startDate.nullable.error.startDate,com.tekdays.TekEvent.startDate.nullable.error.java.util.Date,com.tekdays.TekEvent.startDate.nullable.error,tekEvent.startDate.nullable.error.com.tekdays.TekEvent.startDate,tekEvent.startDate.nullable.error.startDate,tekEvent.startDate.nullable.error.java.util.Date,tekEvent.startDate.nullable.error,com.tekdays.TekEvent.startDate.nullable.com.tekdays.TekEvent.startDate,com.tekdays.TekEvent.startDate.nullable.startDate,com.tekdays.TekEvent.startDate.nullable.java.util.Date,com.tekdays.TekEvent.startDate.nullable,tekEvent.startDate.nullable.com.tekdays.TekEvent.startDate,tekEvent.startDate.nullable.startDate,tekEvent.startDate.nullable.java.util.Date,tekEvent.startDate.nullable,nullable.com.tekdays.TekEvent.startDate,nullable.startDate,nullable.java.util.Date,nullable]; arguments [startDate,class com.tekdays.TekEvent]; default message [Property [{0}] of class [{1}] cannot be null]
|         Field error in object 'com.tekdays.TekEvent' on field 'venue': rejected value [null]; codes [com.tekdays.TekEvent.venue.nullable.error.com.tekdays.TekEvent.venue,com.tekdays.TekEvent.venue.nullable.error.venue,com.tekdays.TekEvent.venue.nullable.error.java.lang.String,com.tekdays.TekEvent.venue.nullable.error,tekEvent.venue.nullable.error.com.tekdays.TekEvent.venue,tekEvent.venue.nullable.error.venue,tekEvent.venue.nullable.error.java.lang.String,tekEvent.venue.nullable.error,com.tekdays.TekEvent.venue.nullable.com.tekdays.TekEvent.venue,com.tekdays.TekEvent.venue.nullable.venue,com.tekdays.TekEvent.venue.nullable.java.lang.String,com.tekdays.TekEvent.venue.nullable,tekEvent.venue.nullable.com.tekdays.TekEvent.venue,tekEvent.venue.nullable.venue,tekEvent.venue.nullable.java.lang.String,tekEvent.venue.nullable,nullable.com.tekdays.TekEvent.venue,nullable.venue,nullable.java.lang.String,nullable]; arguments [venue,class com.tekdays.TekEvent]; default message [Property [{0}] of class [{1}] cannot be null]
null, Yerevan

	at com.tekdays.TekEventSpec.test to create(TekEventSpec.groovy:32)
2025-05-14 15:39:01,108 [main] ERROR StackTrace  - Full Stack Trace:
junit.framework.AssertionFailedError: Condition not satisfied:

tekEvent1.errors['name'].code == 'blank'
|         |     |        |    |
|         |     |        |    false
|         |     |        |    6 differences (25% similarity)
|         |     |        |    (nu)l(l)a(ble)
|         |     |        |    (b-)l(-)a(nk-)
|         |     |        nullable
|         |     Field error in object 'com.tekdays.TekEvent' on field 'name': rejected value [null]; codes [com.tekdays.TekEvent.name.nullable.error.com.tekdays.TekEvent.name,com.tekdays.TekEvent.name.nullable.error.name,com.tekdays.TekEvent.name.nullable.error.java.lang.String,com.tekdays.TekEvent.name.nullable.error,tekEvent.name.nullable.error.com.tekdays.TekEvent.name,tekEvent.name.nullable.error.name,tekEvent.name.nullable.error.java.lang.String,tekEvent.name.nullable.error,com.tekdays.TekEvent.name.nullable.com.tekdays.TekEvent.name,com.tekdays.TekEvent.name.nullable.name,com.tekdays.TekEvent.name.nullable.java.lang.String,com.tekdays.TekEvent.name.nullable,tekEvent.name.nullable.com.tekdays.TekEvent.name,tekEvent.name.nullable.name,tekEvent.name.nullable.java.lang.String,tekEvent.name.nullable,nullable.com.tekdays.TekEvent.name,nullable.name,nullable.java.lang.String,nullable]; arguments [name,class com.tekdays.TekEvent]; default message [Property [{0}] of class [{1}] cannot be null]
|         org.grails.datastore.mapping.validation.ValidationErrors: 5 errors
|         Field error in object 'com.tekdays.TekEvent' on field 'name': rejected value [null]; codes [com.tekdays.TekEvent.name.nullable.error.com.tekdays.TekEvent.name,com.tekdays.TekEvent.name.nullable.error.name,com.tekdays.TekEvent.name.nullable.error.java.lang.String,com.tekdays.TekEvent.name.nullable.error,tekEvent.name.nullable.error.com.tekdays.TekEvent.name,tekEvent.name.nullable.error.name,tekEvent.name.nullable.error.java.lang.String,tekEvent.name.nullable.error,com.tekdays.TekEvent.name.nullable.com.tekdays.TekEvent.name,com.tekdays.TekEvent.name.nullable.name,com.tekdays.TekEvent.name.nullable.java.lang.String,com.tekdays.TekEvent.name.nullable,tekEvent.name.nullable.com.tekdays.TekEvent.name,tekEvent.name.nullable.name,tekEvent.name.nullable.java.lang.String,tekEvent.name.nullable,nullable.com.tekdays.TekEvent.name,nullable.name,nullable.java.lang.String,nullable]; arguments [name,class com.tekdays.TekEvent]; default message [Property [{0}] of class [{1}] cannot be null]
|         Field error in object 'com.tekdays.TekEvent' on field 'endDate': rejected value [null]; codes [com.tekdays.TekEvent.endDate.nullable.error.com.tekdays.TekEvent.endDate,com.tekdays.TekEvent.endDate.nullable.error.endDate,com.tekdays.TekEvent.endDate.nullable.error.java.util.Date,com.tekdays.TekEvent.endDate.nullable.error,tekEvent.endDate.nullable.error.com.tekdays.TekEvent.endDate,tekEvent.endDate.nullable.error.endDate,tekEvent.endDate.nullable.error.java.util.Date,tekEvent.endDate.nullable.error,com.tekdays.TekEvent.endDate.nullable.com.tekdays.TekEvent.endDate,com.tekdays.TekEvent.endDate.nullable.endDate,com.tekdays.TekEvent.endDate.nullable.java.util.Date,com.tekdays.TekEvent.endDate.nullable,tekEvent.endDate.nullable.com.tekdays.TekEvent.endDate,tekEvent.endDate.nullable.endDate,tekEvent.endDate.nullable.java.util.Date,tekEvent.endDate.nullable,nullable.com.tekdays.TekEvent.endDate,nullable.endDate,nullable.java.util.Date,nullable]; arguments [endDate,class com.tekdays.TekEvent]; default message [Property [{0}] of class [{1}] cannot be null]
|         Field error in object 'com.tekdays.TekEvent' on field 'organizer': rejected value [null]; codes [com.tekdays.TekEvent.organizer.nullable.error.com.tekdays.TekEvent.organizer,com.tekdays.TekEvent.organizer.nullable.error.organizer,com.tekdays.TekEvent.organizer.nullable.error.java.lang.String,com.tekdays.TekEvent.organizer.nullable.error,tekEvent.organizer.nullable.error.com.tekdays.TekEvent.organizer,tekEvent.organizer.nullable.error.organizer,tekEvent.organizer.nullable.error.java.lang.String,tekEvent.organizer.nullable.error,com.tekdays.TekEvent.organizer.nullable.com.tekdays.TekEvent.organizer,com.tekdays.TekEvent.organizer.nullable.organizer,com.tekdays.TekEvent.organizer.nullable.java.lang.String,com.tekdays.TekEvent.organizer.nullable,tekEvent.organizer.nullable.com.tekdays.TekEvent.organizer,tekEvent.organizer.nullable.organizer,tekEvent.organizer.nullable.java.lang.String,tekEvent.organizer.nullable,nullable.com.tekdays.TekEvent.organizer,nullable.organizer,nullable.java.lang.String,nullable]; arguments [organizer,class com.tekdays.TekEvent]; default message [Property [{0}] of class [{1}] cannot be null]
|         Field error in object 'com.tekdays.TekEvent' on field 'startDate': rejected value [null]; codes [com.tekdays.TekEvent.startDate.nullable.error.com.tekdays.TekEvent.startDate,com.tekdays.TekEvent.startDate.nullable.error.startDate,com.tekdays.TekEvent.startDate.nullable.error.java.util.Date,com.tekdays.TekEvent.startDate.nullable.error,tekEvent.startDate.nullable.error.com.tekdays.TekEvent.startDate,tekEvent.startDate.nullable.error.startDate,tekEvent.startDate.nullable.error.java.util.Date,tekEvent.startDate.nullable.error,com.tekdays.TekEvent.startDate.nullable.com.tekdays.TekEvent.startDate,com.tekdays.TekEvent.startDate.nullable.startDate,com.tekdays.TekEvent.startDate.nullable.java.util.Date,com.tekdays.TekEvent.startDate.nullable,tekEvent.startDate.nullable.com.tekdays.TekEvent.startDate,tekEvent.startDate.nullable.startDate,tekEvent.startDate.nullable.java.util.Date,tekEvent.startDate.nullable,nullable.com.tekdays.TekEvent.startDate,nullable.startDate,nullable.java.util.Date,nullable]; arguments [startDate,class com.tekdays.TekEvent]; default message [Property [{0}] of class [{1}] cannot be null]
|         Field error in object 'com.tekdays.TekEvent' on field 'venue': rejected value [null]; codes [com.tekdays.TekEvent.venue.nullable.error.com.tekdays.TekEvent.venue,com.tekdays.TekEvent.venue.nullable.error.venue,com.tekdays.TekEvent.venue.nullable.error.java.lang.String,com.tekdays.TekEvent.venue.nullable.error,tekEvent.venue.nullable.error.com.tekdays.TekEvent.venue,tekEvent.venue.nullable.error.venue,tekEvent.venue.nullable.error.java.lang.String,tekEvent.venue.nullable.error,com.tekdays.TekEvent.venue.nullable.com.tekdays.TekEvent.venue,com.tekdays.TekEvent.venue.nullable.venue,com.tekdays.TekEvent.venue.nullable.java.lang.String,com.tekdays.TekEvent.venue.nullable,tekEvent.venue.nullable.com.tekdays.TekEvent.venue,tekEvent.venue.nullable.venue,tekEvent.venue.nullable.java.lang.String,tekEvent.venue.nullable,nullable.com.tekdays.TekEvent.venue,nullable.venue,nullable.java.lang.String,nullable]; arguments [venue,class com.tekdays.TekEvent]; default message [Property [{0}] of class [{1}] cannot be null]
null, Yerevan

	at com.tekdays.TekEventSpec.test to create(TekEventSpec.groovy:32)
2025-05-14 15:39:01,113 [main] ERROR StackTrace  - Full Stack Trace:
junit.framework.AssertionFailedError: Condition not satisfied:

tekEvent1.errors['name'].code == 'blank'
|         |     |        |    |
|         |     |        |    false
|         |     |        |    6 differences (25% similarity)
|         |     |        |    (nu)l(l)a(ble)
|         |     |        |    (b-)l(-)a(nk-)
|         |     |        nullable
|         |     Field error in object 'com.tekdays.TekEvent' on field 'name': rejected value [null]; codes [com.tekdays.TekEvent.name.nullable.error.com.tekdays.TekEvent.name,com.tekdays.TekEvent.name.nullable.error.name,com.tekdays.TekEvent.name.nullable.error.java.lang.String,com.tekdays.TekEvent.name.nullable.error,tekEvent.name.nullable.error.com.tekdays.TekEvent.name,tekEvent.name.nullable.error.name,tekEvent.name.nullable.error.java.lang.String,tekEvent.name.nullable.error,com.tekdays.TekEvent.name.nullable.com.tekdays.TekEvent.name,com.tekdays.TekEvent.name.nullable.name,com.tekdays.TekEvent.name.nullable.java.lang.String,com.tekdays.TekEvent.name.nullable,tekEvent.name.nullable.com.tekdays.TekEvent.name,tekEvent.name.nullable.name,tekEvent.name.nullable.java.lang.String,tekEvent.name.nullable,nullable.com.tekdays.TekEvent.name,nullable.name,nullable.java.lang.String,nullable]; arguments [name,class com.tekdays.TekEvent]; default message [Property [{0}] of class [{1}] cannot be null]
|         org.grails.datastore.mapping.validation.ValidationErrors: 5 errors
|         Field error in object 'com.tekdays.TekEvent' on field 'name': rejected value [null]; codes [com.tekdays.TekEvent.name.nullable.error.com.tekdays.TekEvent.name,com.tekdays.TekEvent.name.nullable.error.name,com.tekdays.TekEvent.name.nullable.error.java.lang.String,com.tekdays.TekEvent.name.nullable.error,tekEvent.name.nullable.error.com.tekdays.TekEvent.name,tekEvent.name.nullable.error.name,tekEvent.name.nullable.error.java.lang.String,tekEvent.name.nullable.error,com.tekdays.TekEvent.name.nullable.com.tekdays.TekEvent.name,com.tekdays.TekEvent.name.nullable.name,com.tekdays.TekEvent.name.nullable.java.lang.String,com.tekdays.TekEvent.name.nullable,tekEvent.name.nullable.com.tekdays.TekEvent.name,tekEvent.name.nullable.name,tekEvent.name.nullable.java.lang.String,tekEvent.name.nullable,nullable.com.tekdays.TekEvent.name,nullable.name,nullable.java.lang.String,nullable]; arguments [name,class com.tekdays.TekEvent]; default message [Property [{0}] of class [{1}] cannot be null]
|         Field error in object 'com.tekdays.TekEvent' on field 'endDate': rejected value [null]; codes [com.tekdays.TekEvent.endDate.nullable.error.com.tekdays.TekEvent.endDate,com.tekdays.TekEvent.endDate.nullable.error.endDate,com.tekdays.TekEvent.endDate.nullable.error.java.util.Date,com.tekdays.TekEvent.endDate.nullable.error,tekEvent.endDate.nullable.error.com.tekdays.TekEvent.endDate,tekEvent.endDate.nullable.error.endDate,tekEvent.endDate.nullable.error.java.util.Date,tekEvent.endDate.nullable.error,com.tekdays.TekEvent.endDate.nullable.com.tekdays.TekEvent.endDate,com.tekdays.TekEvent.endDate.nullable.endDate,com.tekdays.TekEvent.endDate.nullable.java.util.Date,com.tekdays.TekEvent.endDate.nullable,tekEvent.endDate.nullable.com.tekdays.TekEvent.endDate,tekEvent.endDate.nullable.endDate,tekEvent.endDate.nullable.java.util.Date,tekEvent.endDate.nullable,nullable.com.tekdays.TekEvent.endDate,nullable.endDate,nullable.java.util.Date,nullable]; arguments [endDate,class com.tekdays.TekEvent]; default message [Property [{0}] of class [{1}] cannot be null]
|         Field error in object 'com.tekdays.TekEvent' on field 'organizer': rejected value [null]; codes [com.tekdays.TekEvent.organizer.nullable.error.com.tekdays.TekEvent.organizer,com.tekdays.TekEvent.organizer.nullable.error.organizer,com.tekdays.TekEvent.organizer.nullable.error.java.lang.String,com.tekdays.TekEvent.organizer.nullable.error,tekEvent.organizer.nullable.error.com.tekdays.TekEvent.organizer,tekEvent.organizer.nullable.error.organizer,tekEvent.organizer.nullable.error.java.lang.String,tekEvent.organizer.nullable.error,com.tekdays.TekEvent.organizer.nullable.com.tekdays.TekEvent.organizer,com.tekdays.TekEvent.organizer.nullable.organizer,com.tekdays.TekEvent.organizer.nullable.java.lang.String,com.tekdays.TekEvent.organizer.nullable,tekEvent.organizer.nullable.com.tekdays.TekEvent.organizer,tekEvent.organizer.nullable.organizer,tekEvent.organizer.nullable.java.lang.String,tekEvent.organizer.nullable,nullable.com.tekdays.TekEvent.organizer,nullable.organizer,nullable.java.lang.String,nullable]; arguments [organizer,class com.tekdays.TekEvent]; default message [Property [{0}] of class [{1}] cannot be null]
|         Field error in object 'com.tekdays.TekEvent' on field 'startDate': rejected value [null]; codes [com.tekdays.TekEvent.startDate.nullable.error.com.tekdays.TekEvent.startDate,com.tekdays.TekEvent.startDate.nullable.error.startDate,com.tekdays.TekEvent.startDate.nullable.error.java.util.Date,com.tekdays.TekEvent.startDate.nullable.error,tekEvent.startDate.nullable.error.com.tekdays.TekEvent.startDate,tekEvent.startDate.nullable.error.startDate,tekEvent.startDate.nullable.error.java.util.Date,tekEvent.startDate.nullable.error,com.tekdays.TekEvent.startDate.nullable.com.tekdays.TekEvent.startDate,com.tekdays.TekEvent.startDate.nullable.startDate,com.tekdays.TekEvent.startDate.nullable.java.util.Date,com.tekdays.TekEvent.startDate.nullable,tekEvent.startDate.nullable.com.tekdays.TekEvent.startDate,tekEvent.startDate.nullable.startDate,tekEvent.startDate.nullable.java.util.Date,tekEvent.startDate.nullable,nullable.com.tekdays.TekEvent.startDate,nullable.startDate,nullable.java.util.Date,nullable]; arguments [startDate,class com.tekdays.TekEvent]; default message [Property [{0}] of class [{1}] cannot be null]
|         Field error in object 'com.tekdays.TekEvent' on field 'venue': rejected value [null]; codes [com.tekdays.TekEvent.venue.nullable.error.com.tekdays.TekEvent.venue,com.tekdays.TekEvent.venue.nullable.error.venue,com.tekdays.TekEvent.venue.nullable.error.java.lang.String,com.tekdays.TekEvent.venue.nullable.error,tekEvent.venue.nullable.error.com.tekdays.TekEvent.venue,tekEvent.venue.nullable.error.venue,tekEvent.venue.nullable.error.java.lang.String,tekEvent.venue.nullable.error,com.tekdays.TekEvent.venue.nullable.com.tekdays.TekEvent.venue,com.tekdays.TekEvent.venue.nullable.venue,com.tekdays.TekEvent.venue.nullable.java.lang.String,com.tekdays.TekEvent.venue.nullable,tekEvent.venue.nullable.com.tekdays.TekEvent.venue,tekEvent.venue.nullable.venue,tekEvent.venue.nullable.java.lang.String,tekEvent.venue.nullable,nullable.com.tekdays.TekEvent.venue,nullable.venue,nullable.java.lang.String,nullable]; arguments [venue,class com.tekdays.TekEvent]; default message [Property [{0}] of class [{1}] cannot be null]
null, Yerevan

	at com.tekdays.TekEventSpec.test to create(TekEventSpec.groovy:32)
2025-05-14 15:39:01,113 [main] ERROR StackTrace  - Full Stack Trace:
junit.framework.AssertionFailedError: Condition not satisfied:

tekEvent1.errors['name'].code == 'blank'
|         |     |        |    |
|         |     |        |    false
|         |     |        |    6 differences (25% similarity)
|         |     |        |    (nu)l(l)a(ble)
|         |     |        |    (b-)l(-)a(nk-)
|         |     |        nullable
|         |     Field error in object 'com.tekdays.TekEvent' on field 'name': rejected value [null]; codes [com.tekdays.TekEvent.name.nullable.error.com.tekdays.TekEvent.name,com.tekdays.TekEvent.name.nullable.error.name,com.tekdays.TekEvent.name.nullable.error.java.lang.String,com.tekdays.TekEvent.name.nullable.error,tekEvent.name.nullable.error.com.tekdays.TekEvent.name,tekEvent.name.nullable.error.name,tekEvent.name.nullable.error.java.lang.String,tekEvent.name.nullable.error,com.tekdays.TekEvent.name.nullable.com.tekdays.TekEvent.name,com.tekdays.TekEvent.name.nullable.name,com.tekdays.TekEvent.name.nullable.java.lang.String,com.tekdays.TekEvent.name.nullable,tekEvent.name.nullable.com.tekdays.TekEvent.name,tekEvent.name.nullable.name,tekEvent.name.nullable.java.lang.String,tekEvent.name.nullable,nullable.com.tekdays.TekEvent.name,nullable.name,nullable.java.lang.String,nullable]; arguments [name,class com.tekdays.TekEvent]; default message [Property [{0}] of class [{1}] cannot be null]
|         org.grails.datastore.mapping.validation.ValidationErrors: 5 errors
|         Field error in object 'com.tekdays.TekEvent' on field 'name': rejected value [null]; codes [com.tekdays.TekEvent.name.nullable.error.com.tekdays.TekEvent.name,com.tekdays.TekEvent.name.nullable.error.name,com.tekdays.TekEvent.name.nullable.error.java.lang.String,com.tekdays.TekEvent.name.nullable.error,tekEvent.name.nullable.error.com.tekdays.TekEvent.name,tekEvent.name.nullable.error.name,tekEvent.name.nullable.error.java.lang.String,tekEvent.name.nullable.error,com.tekdays.TekEvent.name.nullable.com.tekdays.TekEvent.name,com.tekdays.TekEvent.name.nullable.name,com.tekdays.TekEvent.name.nullable.java.lang.String,com.tekdays.TekEvent.name.nullable,tekEvent.name.nullable.com.tekdays.TekEvent.name,tekEvent.name.nullable.name,tekEvent.name.nullable.java.lang.String,tekEvent.name.nullable,nullable.com.tekdays.TekEvent.name,nullable.name,nullable.java.lang.String,nullable]; arguments [name,class com.tekdays.TekEvent]; default message [Property [{0}] of class [{1}] cannot be null]
|         Field error in object 'com.tekdays.TekEvent' on field 'endDate': rejected value [null]; codes [com.tekdays.TekEvent.endDate.nullable.error.com.tekdays.TekEvent.endDate,com.tekdays.TekEvent.endDate.nullable.error.endDate,com.tekdays.TekEvent.endDate.nullable.error.java.util.Date,com.tekdays.TekEvent.endDate.nullable.error,tekEvent.endDate.nullable.error.com.tekdays.TekEvent.endDate,tekEvent.endDate.nullable.error.endDate,tekEvent.endDate.nullable.error.java.util.Date,tekEvent.endDate.nullable.error,com.tekdays.TekEvent.endDate.nullable.com.tekdays.TekEvent.endDate,com.tekdays.TekEvent.endDate.nullable.endDate,com.tekdays.TekEvent.endDate.nullable.java.util.Date,com.tekdays.TekEvent.endDate.nullable,tekEvent.endDate.nullable.com.tekdays.TekEvent.endDate,tekEvent.endDate.nullable.endDate,tekEvent.endDate.nullable.java.util.Date,tekEvent.endDate.nullable,nullable.com.tekdays.TekEvent.endDate,nullable.endDate,nullable.java.util.Date,nullable]; arguments [endDate,class com.tekdays.TekEvent]; default message [Property [{0}] of class [{1}] cannot be null]
|         Field error in object 'com.tekdays.TekEvent' on field 'organizer': rejected value [null]; codes [com.tekdays.TekEvent.organizer.nullable.error.com.tekdays.TekEvent.organizer,com.tekdays.TekEvent.organizer.nullable.error.organizer,com.tekdays.TekEvent.organizer.nullable.error.java.lang.String,com.tekdays.TekEvent.organizer.nullable.error,tekEvent.organizer.nullable.error.com.tekdays.TekEvent.organizer,tekEvent.organizer.nullable.error.organizer,tekEvent.organizer.nullable.error.java.lang.String,tekEvent.organizer.nullable.error,com.tekdays.TekEvent.organizer.nullable.com.tekdays.TekEvent.organizer,com.tekdays.TekEvent.organizer.nullable.organizer,com.tekdays.TekEvent.organizer.nullable.java.lang.String,com.tekdays.TekEvent.organizer.nullable,tekEvent.organizer.nullable.com.tekdays.TekEvent.organizer,tekEvent.organizer.nullable.organizer,tekEvent.organizer.nullable.java.lang.String,tekEvent.organizer.nullable,nullable.com.tekdays.TekEvent.organizer,nullable.organizer,nullable.java.lang.String,nullable]; arguments [organizer,class com.tekdays.TekEvent]; default message [Property [{0}] of class [{1}] cannot be null]
|         Field error in object 'com.tekdays.TekEvent' on field 'startDate': rejected value [null]; codes [com.tekdays.TekEvent.startDate.nullable.error.com.tekdays.TekEvent.startDate,com.tekdays.TekEvent.startDate.nullable.error.startDate,com.tekdays.TekEvent.startDate.nullable.error.java.util.Date,com.tekdays.TekEvent.startDate.nullable.error,tekEvent.startDate.nullable.error.com.tekdays.TekEvent.startDate,tekEvent.startDate.nullable.error.startDate,tekEvent.startDate.nullable.error.java.util.Date,tekEvent.startDate.nullable.error,com.tekdays.TekEvent.startDate.nullable.com.tekdays.TekEvent.startDate,com.tekdays.TekEvent.startDate.nullable.startDate,com.tekdays.TekEvent.startDate.nullable.java.util.Date,com.tekdays.TekEvent.startDate.nullable,tekEvent.startDate.nullable.com.tekdays.TekEvent.startDate,tekEvent.startDate.nullable.startDate,tekEvent.startDate.nullable.java.util.Date,tekEvent.startDate.nullable,nullable.com.tekdays.TekEvent.startDate,nullable.startDate,nullable.java.util.Date,nullable]; arguments [startDate,class com.tekdays.TekEvent]; default message [Property [{0}] of class [{1}] cannot be null]
|         Field error in object 'com.tekdays.TekEvent' on field 'venue': rejected value [null]; codes [com.tekdays.TekEvent.venue.nullable.error.com.tekdays.TekEvent.venue,com.tekdays.TekEvent.venue.nullable.error.venue,com.tekdays.TekEvent.venue.nullable.error.java.lang.String,com.tekdays.TekEvent.venue.nullable.error,tekEvent.venue.nullable.error.com.tekdays.TekEvent.venue,tekEvent.venue.nullable.error.venue,tekEvent.venue.nullable.error.java.lang.String,tekEvent.venue.nullable.error,com.tekdays.TekEvent.venue.nullable.com.tekdays.TekEvent.venue,com.tekdays.TekEvent.venue.nullable.venue,com.tekdays.TekEvent.venue.nullable.java.lang.String,com.tekdays.TekEvent.venue.nullable,tekEvent.venue.nullable.com.tekdays.TekEvent.venue,tekEvent.venue.nullable.venue,tekEvent.venue.nullable.java.lang.String,tekEvent.venue.nullable,nullable.com.tekdays.TekEvent.venue,nullable.venue,nullable.java.lang.String,nullable]; arguments [venue,class com.tekdays.TekEvent]; default message [Property [{0}] of class [{1}] cannot be null]
null, Yerevan

	at com.tekdays.TekEventSpec.test to create(TekEventSpec.groovy:32)
2025-05-14 15:42:02,753 [main] ERROR StackTrace  - Full Stack Trace:
Condition not satisfied:

event.errors['name'].code == 'blank'
|     |     |        |    |
|     |     |        |    false
|     |     |        |    6 differences (25% similarity)
|     |     |        |    (nu)l(l)a(ble)
|     |     |        |    (b-)l(-)a(nk-)
|     |     |        nullable
|     |     Field error in object 'com.tekdays.TekEvent' on field 'name': rejected value [null]; codes [com.tekdays.TekEvent.name.nullable.error.com.tekdays.TekEvent.name,com.tekdays.TekEvent.name.nullable.error.name,com.tekdays.TekEvent.name.nullable.error.java.lang.String,com.tekdays.TekEvent.name.nullable.error,tekEvent.name.nullable.error.com.tekdays.TekEvent.name,tekEvent.name.nullable.error.name,tekEvent.name.nullable.error.java.lang.String,tekEvent.name.nullable.error,com.tekdays.TekEvent.name.nullable.com.tekdays.TekEvent.name,com.tekdays.TekEvent.name.nullable.name,com.tekdays.TekEvent.name.nullable.java.lang.String,com.tekdays.TekEvent.name.nullable,tekEvent.name.nullable.com.tekdays.TekEvent.name,tekEvent.name.nullable.name,tekEvent.name.nullable.java.lang.String,tekEvent.name.nullable,nullable.com.tekdays.TekEvent.name,nullable.name,nullable.java.lang.String,nullable]; arguments [name,class com.tekdays.TekEvent]; default message [Property [{0}] of class [{1}] cannot be null]
|     org.grails.datastore.mapping.validation.ValidationErrors: 1 errors
|     Field error in object 'com.tekdays.TekEvent' on field 'name': rejected value [null]; codes [com.tekdays.TekEvent.name.nullable.error.com.tekdays.TekEvent.name,com.tekdays.TekEvent.name.nullable.error.name,com.tekdays.TekEvent.name.nullable.error.java.lang.String,com.tekdays.TekEvent.name.nullable.error,tekEvent.name.nullable.error.com.tekdays.TekEvent.name,tekEvent.name.nullable.error.name,tekEvent.name.nullable.error.java.lang.String,tekEvent.name.nullable.error,com.tekdays.TekEvent.name.nullable.com.tekdays.TekEvent.name,com.tekdays.TekEvent.name.nullable.name,com.tekdays.TekEvent.name.nullable.java.lang.String,com.tekdays.TekEvent.name.nullable,tekEvent.name.nullable.com.tekdays.TekEvent.name,tekEvent.name.nullable.name,tekEvent.name.nullable.java.lang.String,tekEvent.name.nullable,nullable.com.tekdays.TekEvent.name,nullable.name,nullable.java.lang.String,nullable]; arguments [name,class com.tekdays.TekEvent]; default message [Property [{0}] of class [{1}] cannot be null]
null, Yerevan

	at com.tekdays.TekEventSpec.test to create(TekEventSpec.groovy:40)
2025-05-14 15:42:02,758 [main] ERROR StackTrace  - Full Stack Trace:
Condition not satisfied:

event.errors['name'].code == 'blank'
|     |     |        |    |
|     |     |        |    false
|     |     |        |    6 differences (25% similarity)
|     |     |        |    (nu)l(l)a(ble)
|     |     |        |    (b-)l(-)a(nk-)
|     |     |        nullable
|     |     Field error in object 'com.tekdays.TekEvent' on field 'name': rejected value [null]; codes [com.tekdays.TekEvent.name.nullable.error.com.tekdays.TekEvent.name,com.tekdays.TekEvent.name.nullable.error.name,com.tekdays.TekEvent.name.nullable.error.java.lang.String,com.tekdays.TekEvent.name.nullable.error,tekEvent.name.nullable.error.com.tekdays.TekEvent.name,tekEvent.name.nullable.error.name,tekEvent.name.nullable.error.java.lang.String,tekEvent.name.nullable.error,com.tekdays.TekEvent.name.nullable.com.tekdays.TekEvent.name,com.tekdays.TekEvent.name.nullable.name,com.tekdays.TekEvent.name.nullable.java.lang.String,com.tekdays.TekEvent.name.nullable,tekEvent.name.nullable.com.tekdays.TekEvent.name,tekEvent.name.nullable.name,tekEvent.name.nullable.java.lang.String,tekEvent.name.nullable,nullable.com.tekdays.TekEvent.name,nullable.name,nullable.java.lang.String,nullable]; arguments [name,class com.tekdays.TekEvent]; default message [Property [{0}] of class [{1}] cannot be null]
|     org.grails.datastore.mapping.validation.ValidationErrors: 1 errors
|     Field error in object 'com.tekdays.TekEvent' on field 'name': rejected value [null]; codes [com.tekdays.TekEvent.name.nullable.error.com.tekdays.TekEvent.name,com.tekdays.TekEvent.name.nullable.error.name,com.tekdays.TekEvent.name.nullable.error.java.lang.String,com.tekdays.TekEvent.name.nullable.error,tekEvent.name.nullable.error.com.tekdays.TekEvent.name,tekEvent.name.nullable.error.name,tekEvent.name.nullable.error.java.lang.String,tekEvent.name.nullable.error,com.tekdays.TekEvent.name.nullable.com.tekdays.TekEvent.name,com.tekdays.TekEvent.name.nullable.name,com.tekdays.TekEvent.name.nullable.java.lang.String,com.tekdays.TekEvent.name.nullable,tekEvent.name.nullable.com.tekdays.TekEvent.name,tekEvent.name.nullable.name,tekEvent.name.nullable.java.lang.String,tekEvent.name.nullable,nullable.com.tekdays.TekEvent.name,nullable.name,nullable.java.lang.String,nullable]; arguments [name,class com.tekdays.TekEvent]; default message [Property [{0}] of class [{1}] cannot be null]
null, Yerevan

	at com.tekdays.TekEventSpec.test to create(TekEventSpec.groovy:40)
2025-05-14 15:42:02,759 [main] ERROR StackTrace  - Full Stack Trace:
junit.framework.AssertionFailedError: Condition not satisfied:

event.errors['name'].code == 'blank'
|     |     |        |    |
|     |     |        |    false
|     |     |        |    6 differences (25% similarity)
|     |     |        |    (nu)l(l)a(ble)
|     |     |        |    (b-)l(-)a(nk-)
|     |     |        nullable
|     |     Field error in object 'com.tekdays.TekEvent' on field 'name': rejected value [null]; codes [com.tekdays.TekEvent.name.nullable.error.com.tekdays.TekEvent.name,com.tekdays.TekEvent.name.nullable.error.name,com.tekdays.TekEvent.name.nullable.error.java.lang.String,com.tekdays.TekEvent.name.nullable.error,tekEvent.name.nullable.error.com.tekdays.TekEvent.name,tekEvent.name.nullable.error.name,tekEvent.name.nullable.error.java.lang.String,tekEvent.name.nullable.error,com.tekdays.TekEvent.name.nullable.com.tekdays.TekEvent.name,com.tekdays.TekEvent.name.nullable.name,com.tekdays.TekEvent.name.nullable.java.lang.String,com.tekdays.TekEvent.name.nullable,tekEvent.name.nullable.com.tekdays.TekEvent.name,tekEvent.name.nullable.name,tekEvent.name.nullable.java.lang.String,tekEvent.name.nullable,nullable.com.tekdays.TekEvent.name,nullable.name,nullable.java.lang.String,nullable]; arguments [name,class com.tekdays.TekEvent]; default message [Property [{0}] of class [{1}] cannot be null]
|     org.grails.datastore.mapping.validation.ValidationErrors: 1 errors
|     Field error in object 'com.tekdays.TekEvent' on field 'name': rejected value [null]; codes [com.tekdays.TekEvent.name.nullable.error.com.tekdays.TekEvent.name,com.tekdays.TekEvent.name.nullable.error.name,com.tekdays.TekEvent.name.nullable.error.java.lang.String,com.tekdays.TekEvent.name.nullable.error,tekEvent.name.nullable.error.com.tekdays.TekEvent.name,tekEvent.name.nullable.error.name,tekEvent.name.nullable.error.java.lang.String,tekEvent.name.nullable.error,com.tekdays.TekEvent.name.nullable.com.tekdays.TekEvent.name,com.tekdays.TekEvent.name.nullable.name,com.tekdays.TekEvent.name.nullable.java.lang.String,com.tekdays.TekEvent.name.nullable,tekEvent.name.nullable.com.tekdays.TekEvent.name,tekEvent.name.nullable.name,tekEvent.name.nullable.java.lang.String,tekEvent.name.nullable,nullable.com.tekdays.TekEvent.name,nullable.name,nullable.java.lang.String,nullable]; arguments [name,class com.tekdays.TekEvent]; default message [Property [{0}] of class [{1}] cannot be null]
null, Yerevan

	at com.tekdays.TekEventSpec.test to create(TekEventSpec.groovy:40)
2025-05-14 15:42:02,759 [main] ERROR StackTrace  - Full Stack Trace:
junit.framework.AssertionFailedError: Condition not satisfied:

event.errors['name'].code == 'blank'
|     |     |        |    |
|     |     |        |    false
|     |     |        |    6 differences (25% similarity)
|     |     |        |    (nu)l(l)a(ble)
|     |     |        |    (b-)l(-)a(nk-)
|     |     |        nullable
|     |     Field error in object 'com.tekdays.TekEvent' on field 'name': rejected value [null]; codes [com.tekdays.TekEvent.name.nullable.error.com.tekdays.TekEvent.name,com.tekdays.TekEvent.name.nullable.error.name,com.tekdays.TekEvent.name.nullable.error.java.lang.String,com.tekdays.TekEvent.name.nullable.error,tekEvent.name.nullable.error.com.tekdays.TekEvent.name,tekEvent.name.nullable.error.name,tekEvent.name.nullable.error.java.lang.String,tekEvent.name.nullable.error,com.tekdays.TekEvent.name.nullable.com.tekdays.TekEvent.name,com.tekdays.TekEvent.name.nullable.name,com.tekdays.TekEvent.name.nullable.java.lang.String,com.tekdays.TekEvent.name.nullable,tekEvent.name.nullable.com.tekdays.TekEvent.name,tekEvent.name.nullable.name,tekEvent.name.nullable.java.lang.String,tekEvent.name.nullable,nullable.com.tekdays.TekEvent.name,nullable.name,nullable.java.lang.String,nullable]; arguments [name,class com.tekdays.TekEvent]; default message [Property [{0}] of class [{1}] cannot be null]
|     org.grails.datastore.mapping.validation.ValidationErrors: 1 errors
|     Field error in object 'com.tekdays.TekEvent' on field 'name': rejected value [null]; codes [com.tekdays.TekEvent.name.nullable.error.com.tekdays.TekEvent.name,com.tekdays.TekEvent.name.nullable.error.name,com.tekdays.TekEvent.name.nullable.error.java.lang.String,com.tekdays.TekEvent.name.nullable.error,tekEvent.name.nullable.error.com.tekdays.TekEvent.name,tekEvent.name.nullable.error.name,tekEvent.name.nullable.error.java.lang.String,tekEvent.name.nullable.error,com.tekdays.TekEvent.name.nullable.com.tekdays.TekEvent.name,com.tekdays.TekEvent.name.nullable.name,com.tekdays.TekEvent.name.nullable.java.lang.String,com.tekdays.TekEvent.name.nullable,tekEvent.name.nullable.com.tekdays.TekEvent.name,tekEvent.name.nullable.name,tekEvent.name.nullable.java.lang.String,tekEvent.name.nullable,nullable.com.tekdays.TekEvent.name,nullable.name,nullable.java.lang.String,nullable]; arguments [name,class com.tekdays.TekEvent]; default message [Property [{0}] of class [{1}] cannot be null]
null, Yerevan

	at com.tekdays.TekEventSpec.test to create(TekEventSpec.groovy:40)
2025-05-14 15:42:02,763 [main] ERROR StackTrace  - Full Stack Trace:
junit.framework.AssertionFailedError: Condition not satisfied:

event.errors['name'].code == 'blank'
|     |     |        |    |
|     |     |        |    false
|     |     |        |    6 differences (25% similarity)
|     |     |        |    (nu)l(l)a(ble)
|     |     |        |    (b-)l(-)a(nk-)
|     |     |        nullable
|     |     Field error in object 'com.tekdays.TekEvent' on field 'name': rejected value [null]; codes [com.tekdays.TekEvent.name.nullable.error.com.tekdays.TekEvent.name,com.tekdays.TekEvent.name.nullable.error.name,com.tekdays.TekEvent.name.nullable.error.java.lang.String,com.tekdays.TekEvent.name.nullable.error,tekEvent.name.nullable.error.com.tekdays.TekEvent.name,tekEvent.name.nullable.error.name,tekEvent.name.nullable.error.java.lang.String,tekEvent.name.nullable.error,com.tekdays.TekEvent.name.nullable.com.tekdays.TekEvent.name,com.tekdays.TekEvent.name.nullable.name,com.tekdays.TekEvent.name.nullable.java.lang.String,com.tekdays.TekEvent.name.nullable,tekEvent.name.nullable.com.tekdays.TekEvent.name,tekEvent.name.nullable.name,tekEvent.name.nullable.java.lang.String,tekEvent.name.nullable,nullable.com.tekdays.TekEvent.name,nullable.name,nullable.java.lang.String,nullable]; arguments [name,class com.tekdays.TekEvent]; default message [Property [{0}] of class [{1}] cannot be null]
|     org.grails.datastore.mapping.validation.ValidationErrors: 1 errors
|     Field error in object 'com.tekdays.TekEvent' on field 'name': rejected value [null]; codes [com.tekdays.TekEvent.name.nullable.error.com.tekdays.TekEvent.name,com.tekdays.TekEvent.name.nullable.error.name,com.tekdays.TekEvent.name.nullable.error.java.lang.String,com.tekdays.TekEvent.name.nullable.error,tekEvent.name.nullable.error.com.tekdays.TekEvent.name,tekEvent.name.nullable.error.name,tekEvent.name.nullable.error.java.lang.String,tekEvent.name.nullable.error,com.tekdays.TekEvent.name.nullable.com.tekdays.TekEvent.name,com.tekdays.TekEvent.name.nullable.name,com.tekdays.TekEvent.name.nullable.java.lang.String,com.tekdays.TekEvent.name.nullable,tekEvent.name.nullable.com.tekdays.TekEvent.name,tekEvent.name.nullable.name,tekEvent.name.nullable.java.lang.String,tekEvent.name.nullable,nullable.com.tekdays.TekEvent.name,nullable.name,nullable.java.lang.String,nullable]; arguments [name,class com.tekdays.TekEvent]; default message [Property [{0}] of class [{1}] cannot be null]
null, Yerevan

	at com.tekdays.TekEventSpec.test to create(TekEventSpec.groovy:40)
2025-05-14 15:42:02,763 [main] ERROR StackTrace  - Full Stack Trace:
junit.framework.AssertionFailedError: Condition not satisfied:

event.errors['name'].code == 'blank'
|     |     |        |    |
|     |     |        |    false
|     |     |        |    6 differences (25% similarity)
|     |     |        |    (nu)l(l)a(ble)
|     |     |        |    (b-)l(-)a(nk-)
|     |     |        nullable
|     |     Field error in object 'com.tekdays.TekEvent' on field 'name': rejected value [null]; codes [com.tekdays.TekEvent.name.nullable.error.com.tekdays.TekEvent.name,com.tekdays.TekEvent.name.nullable.error.name,com.tekdays.TekEvent.name.nullable.error.java.lang.String,com.tekdays.TekEvent.name.nullable.error,tekEvent.name.nullable.error.com.tekdays.TekEvent.name,tekEvent.name.nullable.error.name,tekEvent.name.nullable.error.java.lang.String,tekEvent.name.nullable.error,com.tekdays.TekEvent.name.nullable.com.tekdays.TekEvent.name,com.tekdays.TekEvent.name.nullable.name,com.tekdays.TekEvent.name.nullable.java.lang.String,com.tekdays.TekEvent.name.nullable,tekEvent.name.nullable.com.tekdays.TekEvent.name,tekEvent.name.nullable.name,tekEvent.name.nullable.java.lang.String,tekEvent.name.nullable,nullable.com.tekdays.TekEvent.name,nullable.name,nullable.java.lang.String,nullable]; arguments [name,class com.tekdays.TekEvent]; default message [Property [{0}] of class [{1}] cannot be null]
|     org.grails.datastore.mapping.validation.ValidationErrors: 1 errors
|     Field error in object 'com.tekdays.TekEvent' on field 'name': rejected value [null]; codes [com.tekdays.TekEvent.name.nullable.error.com.tekdays.TekEvent.name,com.tekdays.TekEvent.name.nullable.error.name,com.tekdays.TekEvent.name.nullable.error.java.lang.String,com.tekdays.TekEvent.name.nullable.error,tekEvent.name.nullable.error.com.tekdays.TekEvent.name,tekEvent.name.nullable.error.name,tekEvent.name.nullable.error.java.lang.String,tekEvent.name.nullable.error,com.tekdays.TekEvent.name.nullable.com.tekdays.TekEvent.name,com.tekdays.TekEvent.name.nullable.name,com.tekdays.TekEvent.name.nullable.java.lang.String,com.tekdays.TekEvent.name.nullable,tekEvent.name.nullable.com.tekdays.TekEvent.name,tekEvent.name.nullable.name,tekEvent.name.nullable.java.lang.String,tekEvent.name.nullable,nullable.com.tekdays.TekEvent.name,nullable.name,nullable.java.lang.String,nullable]; arguments [name,class com.tekdays.TekEvent]; default message [Property [{0}] of class [{1}] cannot be null]
null, Yerevan

	at com.tekdays.TekEventSpec.test to create(TekEventSpec.groovy:40)
2025-05-14 15:42:36,221 [main] ERROR StackTrace  - Full Stack Trace:
Condition not satisfied:

!event.validate()
||     |
||     true
|Nareko, Yerevan
false

	at com.tekdays.TekEventSpec.test to create(TekEventSpec.groovy:39)
2025-05-14 15:42:36,225 [main] ERROR StackTrace  - Full Stack Trace:
Condition not satisfied:

!event.validate()
||     |
||     true
|Nareko, Yerevan
false

	at com.tekdays.TekEventSpec.test to create(TekEventSpec.groovy:39)
2025-05-14 15:42:36,226 [main] ERROR StackTrace  - Full Stack Trace:
junit.framework.AssertionFailedError: Condition not satisfied:

!event.validate()
||     |
||     true
|Nareko, Yerevan
false

	at com.tekdays.TekEventSpec.test to create(TekEventSpec.groovy:39)
2025-05-14 15:42:36,226 [main] ERROR StackTrace  - Full Stack Trace:
junit.framework.AssertionFailedError: Condition not satisfied:

!event.validate()
||     |
||     true
|Nareko, Yerevan
false

	at com.tekdays.TekEventSpec.test to create(TekEventSpec.groovy:39)
2025-05-14 15:42:36,229 [main] ERROR StackTrace  - Full Stack Trace:
junit.framework.AssertionFailedError: Condition not satisfied:

!event.validate()
||     |
||     true
|Nareko, Yerevan
false

	at com.tekdays.TekEventSpec.test to create(TekEventSpec.groovy:39)
2025-05-14 15:42:36,229 [main] ERROR StackTrace  - Full Stack Trace:
junit.framework.AssertionFailedError: Condition not satisfied:

!event.validate()
||     |
||     true
|Nareko, Yerevan
false

	at com.tekdays.TekEventSpec.test to create(TekEventSpec.groovy:39)
2025-05-14 15:44:53,201 [main] ERROR StackTrace  - Full Stack Trace:
Condition not satisfied:

!event.validate()
||     |
||     true
|Nareko, Yerevan
false

	at com.tekdays.TekEventSpec.test to create(TekEventSpec.groovy:41)
2025-05-14 15:44:53,204 [main] ERROR StackTrace  - Full Stack Trace:
Condition not satisfied:

!event.validate()
||     |
||     true
|Nareko, Yerevan
false

	at com.tekdays.TekEventSpec.test to create(TekEventSpec.groovy:41)
2025-05-14 15:44:53,204 [main] ERROR StackTrace  - Full Stack Trace:
junit.framework.AssertionFailedError: Condition not satisfied:

!event.validate()
||     |
||     true
|Nareko, Yerevan
false

	at com.tekdays.TekEventSpec.test to create(TekEventSpec.groovy:41)
2025-05-14 15:44:53,205 [main] ERROR StackTrace  - Full Stack Trace:
junit.framework.AssertionFailedError: Condition not satisfied:

!event.validate()
||     |
||     true
|Nareko, Yerevan
false

	at com.tekdays.TekEventSpec.test to create(TekEventSpec.groovy:41)
2025-05-14 15:44:53,208 [main] ERROR StackTrace  - Full Stack Trace:
junit.framework.AssertionFailedError: Condition not satisfied:

!event.validate()
||     |
||     true
|Nareko, Yerevan
false

	at com.tekdays.TekEventSpec.test to create(TekEventSpec.groovy:41)
2025-05-14 15:44:53,208 [main] ERROR StackTrace  - Full Stack Trace:
junit.framework.AssertionFailedError: Condition not satisfied:

!event.validate()
||     |
||     true
|Nareko, Yerevan
false

	at com.tekdays.TekEventSpec.test to create(TekEventSpec.groovy:41)
2025-05-15 10:51:11,113 [http-bio-8080-exec-11] ERROR StackTrace  - Full Stack Trace:
java.lang.RuntimeException: Error initializing GroovyPageView
	at org.codehaus.groovy.grails.web.servlet.view.GroovyPageViewResolver.createGroovyPageView(GroovyPageViewResolver.java:210)
	at org.codehaus.groovy.grails.web.servlet.view.GroovyPageViewResolver.createGrailsView(GroovyPageViewResolver.java:191)
	at org.codehaus.groovy.grails.web.servlet.view.GroovyPageViewResolver.loadView(GroovyPageViewResolver.java:96)
	at org.springframework.web.servlet.view.AbstractCachingViewResolver.createView(AbstractCachingViewResolver.java:244)
	at org.springframework.web.servlet.view.UrlBasedViewResolver.createView(UrlBasedViewResolver.java:446)
	at org.springframework.web.servlet.view.AbstractCachingViewResolver.resolveViewName(AbstractCachingViewResolver.java:146)
	at org.codehaus.groovy.grails.web.servlet.view.GroovyPageViewResolver.resolveViewName(GroovyPageViewResolver.java:85)
	at org.codehaus.groovy.grails.web.servlet.view.GrailsLayoutViewResolver.resolveViewName(GrailsLayoutViewResolver.java:50)
	at org.springframework.web.servlet.DispatcherServlet.resolveViewName(DispatcherServlet.java:1282)
	at org.springframework.web.servlet.DispatcherServlet.render(DispatcherServlet.java:1223)
	at org.codehaus.groovy.grails.web.servlet.GrailsDispatcherServlet.doDispatch(GrailsDispatcherServlet.java:388)
	at org.springframework.web.servlet.DispatcherServlet.doService(DispatcherServlet.java:893)
	at org.springframework.web.servlet.FrameworkServlet.processRequest(FrameworkServlet.java:965)
	at org.springframework.web.servlet.FrameworkServlet.doGet(FrameworkServlet.java:856)
	at javax.servlet.http.HttpServlet.service(HttpServlet.java:624)
	at org.springframework.web.servlet.FrameworkServlet.service(FrameworkServlet.java:841)
	at javax.servlet.http.HttpServlet.service(HttpServlet.java:731)
	at org.apache.catalina.core.ApplicationFilterChain.internalDoFilter(ApplicationFilterChain.java:303)
	at org.apache.catalina.core.ApplicationFilterChain.doFilter(ApplicationFilterChain.java:208)
	at org.apache.tomcat.websocket.server.WsFilter.doFilter(WsFilter.java:52)
	at org.apache.catalina.core.ApplicationFilterChain.internalDoFilter(ApplicationFilterChain.java:241)
	at org.apache.catalina.core.ApplicationFilterChain.doFilter(ApplicationFilterChain.java:208)
	at grails.plugin.cache.web.filter.PageFragmentCachingFilter.doFilter(PageFragmentCachingFilter.java:198)
	at grails.plugin.cache.web.filter.AbstractFilter.doFilter(AbstractFilter.java:63)
	at org.springframework.web.filter.DelegatingFilterProxy.invokeDelegate(DelegatingFilterProxy.java:344)
	at org.springframework.web.filter.DelegatingFilterProxy.doFilter(DelegatingFilterProxy.java:261)
	at org.apache.catalina.core.ApplicationFilterChain.internalDoFilter(ApplicationFilterChain.java:241)
	at org.apache.catalina.core.ApplicationFilterChain.doFilter(ApplicationFilterChain.java:208)
	at org.springframework.web.filter.OncePerRequestFilter.doFilter(OncePerRequestFilter.java:101)
	at org.apache.catalina.core.ApplicationFilterChain.internalDoFilter(ApplicationFilterChain.java:241)
	at org.apache.catalina.core.ApplicationFilterChain.doFilter(ApplicationFilterChain.java:208)
	at org.springframework.web.filter.OncePerRequestFilter.doFilter(OncePerRequestFilter.java:101)
	at org.apache.catalina.core.ApplicationFilterChain.internalDoFilter(ApplicationFilterChain.java:241)
	at org.apache.catalina.core.ApplicationFilterChain.doFilter(ApplicationFilterChain.java:208)
	at org.springframework.web.filter.OncePerRequestFilter.doFilter(OncePerRequestFilter.java:101)
	at org.apache.catalina.core.ApplicationFilterChain.internalDoFilter(ApplicationFilterChain.java:241)
	at org.apache.catalina.core.ApplicationFilterChain.doFilter(ApplicationFilterChain.java:208)
	at org.apache.catalina.core.ApplicationDispatcher.invoke(ApplicationDispatcher.java:747)
	at org.apache.catalina.core.ApplicationDispatcher.processRequest(ApplicationDispatcher.java:485)
	at org.apache.catalina.core.ApplicationDispatcher.doForward(ApplicationDispatcher.java:410)
	at org.apache.catalina.core.ApplicationDispatcher.forward(ApplicationDispatcher.java:337)
	at org.codehaus.groovy.grails.web.mapping.UrlMappingUtils.forwardRequestForUrlMappingInfo(UrlMappingUtils.java:178)
	at org.codehaus.groovy.grails.web.mapping.UrlMappingUtils.forwardRequestForUrlMappingInfo(UrlMappingUtils.java:144)
	at org.codehaus.groovy.grails.web.mapping.UrlMappingUtils.forwardRequestForUrlMappingInfo(UrlMappingUtils.java:135)
	at org.codehaus.groovy.grails.web.mapping.filter.UrlMappingsFilter.doFilterInternal(UrlMappingsFilter.java:216)
	at org.springframework.web.filter.OncePerRequestFilter.doFilter(OncePerRequestFilter.java:107)
	at org.apache.catalina.core.ApplicationFilterChain.internalDoFilter(ApplicationFilterChain.java:241)
	at org.apache.catalina.core.ApplicationFilterChain.doFilter(ApplicationFilterChain.java:208)
	at org.codehaus.groovy.grails.web.servlet.mvc.GrailsWebRequestFilter.doFilterInternal(GrailsWebRequestFilter.java:69)
	at org.springframework.web.filter.OncePerRequestFilter.doFilter(OncePerRequestFilter.java:107)
	at org.apache.catalina.core.ApplicationFilterChain.internalDoFilter(ApplicationFilterChain.java:241)
	at org.apache.catalina.core.ApplicationFilterChain.doFilter(ApplicationFilterChain.java:208)
	at org.codehaus.groovy.grails.web.filters.HiddenHttpMethodFilter.doFilterInternal(HiddenHttpMethodFilter.java:67)
	at org.springframework.web.filter.OncePerRequestFilter.doFilter(OncePerRequestFilter.java:107)
	at org.apache.catalina.core.ApplicationFilterChain.internalDoFilter(ApplicationFilterChain.java:241)
	at org.apache.catalina.core.ApplicationFilterChain.doFilter(ApplicationFilterChain.java:208)
	at org.springframework.web.filter.CharacterEncodingFilter.doFilterInternal(CharacterEncodingFilter.java:85)
	at org.springframework.web.filter.OncePerRequestFilter.doFilter(OncePerRequestFilter.java:107)
	at org.springframework.web.filter.DelegatingFilterProxy.invokeDelegate(DelegatingFilterProxy.java:344)
	at org.springframework.web.filter.DelegatingFilterProxy.doFilter(DelegatingFilterProxy.java:261)
	at org.apache.catalina.core.ApplicationFilterChain.internalDoFilter(ApplicationFilterChain.java:241)
	at org.apache.catalina.core.ApplicationFilterChain.doFilter(ApplicationFilterChain.java:208)
	at org.apache.catalina.core.StandardWrapperValve.invoke(StandardWrapperValve.java:218)
	at org.apache.catalina.core.StandardContextValve.invoke(StandardContextValve.java:122)
	at org.apache.catalina.core.StandardHostValve.invoke(StandardHostValve.java:169)
	at org.apache.catalina.valves.ErrorReportValve.invoke(ErrorReportValve.java:103)
	at org.apache.catalina.core.StandardEngineValve.invoke(StandardEngineValve.java:116)
	at org.apache.catalina.connector.CoyoteAdapter.service(CoyoteAdapter.java:442)
	at org.apache.coyote.http11.AbstractHttp11Processor.process(AbstractHttp11Processor.java:1082)
	at org.apache.coyote.AbstractProtocol$AbstractConnectionHandler.process(AbstractProtocol.java:623)
	at org.apache.tomcat.util.net.JIoEndpoint$SocketProcessor.run(JIoEndpoint.java:316)
	at java.util.concurrent.ThreadPoolExecutor.runWorker(ThreadPoolExecutor.java:1149)
	at java.util.concurrent.ThreadPoolExecutor$Worker.run(ThreadPoolExecutor.java:624)
	at org.apache.tomcat.util.threads.TaskThread$WrappingRunnable.run(TaskThread.java:61)
	at java.lang.Thread.run(Thread.java:748)
Caused by: org.codehaus.groovy.grails.web.taglib.exceptions.GrailsTagException: Expecting '=' after attribute name (bean="${tekEventInstance}" {--field="name"--}).
	at org.codehaus.groovy.grails.web.pages.GroovyPageParser.populateMapWithAttributes(GroovyPageParser.java:1197)
	at org.codehaus.groovy.grails.web.pages.GroovyPageParser.startTag(GroovyPageParser.java:1079)
	at org.codehaus.groovy.grails.web.pages.GroovyPageParser.page(GroovyPageParser.java:831)
	at org.codehaus.groovy.grails.web.pages.GroovyPageParser.generateGsp(GroovyPageParser.java:393)
	at org.codehaus.groovy.grails.web.pages.GroovyPageParser.parse(GroovyPageParser.java:349)
	at org.codehaus.groovy.grails.web.pages.GroovyPagesTemplateEngine.buildPageMetaInfo(GroovyPagesTemplateEngine.java:596)
	at org.codehaus.groovy.grails.web.pages.GroovyPagesTemplateEngine.buildPageMetaInfo(GroovyPagesTemplateEngine.java:493)
	at org.codehaus.groovy.grails.web.pages.GroovyPagesTemplateEngine$GroovyPagesTemplateEngineCacheEntry.updateValue(GroovyPagesTemplateEngine.java:159)
	at org.codehaus.groovy.grails.web.pages.GroovyPagesTemplateEngine$GroovyPagesTemplateEngineCacheEntry.updateValue(GroovyPagesTemplateEngine.java:138)
	at grails.util.CacheEntry.getValue(CacheEntry.java:144)
	at grails.util.CacheEntry.getValue(CacheEntry.java:84)
	at org.codehaus.groovy.grails.web.pages.GroovyPagesTemplateEngine.createTemplate(GroovyPagesTemplateEngine.java:316)
	at org.codehaus.groovy.grails.web.pages.GroovyPagesTemplateEngine.createTemplate(GroovyPagesTemplateEngine.java:306)
	at org.codehaus.groovy.grails.web.pages.GroovyPagesTemplateEngine.createTemplate(GroovyPagesTemplateEngine.java:408)
	at org.codehaus.groovy.grails.web.pages.GroovyPagesTemplateEngine.createTemplateForUri(GroovyPagesTemplateEngine.java:380)
	at org.codehaus.groovy.grails.web.pages.GroovyPagesTemplateEngine.createTemplateForUri(GroovyPagesTemplateEngine.java:373)
	at org.codehaus.groovy.grails.web.pages.GroovyPagesTemplateEngine.createTemplate(GroovyPagesTemplateEngine.java:344)
	at org.codehaus.groovy.grails.web.servlet.view.GroovyPageView.createGroovyPageException(GroovyPageView.java:108)
	at org.codehaus.groovy.grails.web.servlet.view.GroovyPageView.handleException(GroovyPageView.java:104)
	at org.codehaus.groovy.grails.web.servlet.view.GroovyPageView.afterPropertiesSet(GroovyPageView.java:161)
	at org.codehaus.groovy.grails.web.servlet.view.GroovyPageViewResolver.createGroovyPageView(GroovyPageViewResolver.java:208)
	... 74 more
2025-05-15 10:51:11,115 [http-bio-8080-exec-11] ERROR StackTrace  - Full Stack Trace:
org.codehaus.groovy.grails.web.taglib.exceptions.GrailsTagException: Expecting '=' after attribute name (bean="${tekEventInstance}" {--field="name"--}).
	at org.codehaus.groovy.grails.web.pages.GroovyPageParser.populateMapWithAttributes(GroovyPageParser.java:1197)
	at org.codehaus.groovy.grails.web.pages.GroovyPageParser.startTag(GroovyPageParser.java:1079)
	at org.codehaus.groovy.grails.web.pages.GroovyPageParser.page(GroovyPageParser.java:831)
	at org.codehaus.groovy.grails.web.pages.GroovyPageParser.generateGsp(GroovyPageParser.java:393)
	at org.codehaus.groovy.grails.web.pages.GroovyPageParser.parse(GroovyPageParser.java:349)
	at org.codehaus.groovy.grails.web.pages.GroovyPagesTemplateEngine.buildPageMetaInfo(GroovyPagesTemplateEngine.java:596)
	at org.codehaus.groovy.grails.web.pages.GroovyPagesTemplateEngine.buildPageMetaInfo(GroovyPagesTemplateEngine.java:493)
	at org.codehaus.groovy.grails.web.pages.GroovyPagesTemplateEngine$GroovyPagesTemplateEngineCacheEntry.updateValue(GroovyPagesTemplateEngine.java:159)
	at org.codehaus.groovy.grails.web.pages.GroovyPagesTemplateEngine$GroovyPagesTemplateEngineCacheEntry.updateValue(GroovyPagesTemplateEngine.java:138)
	at grails.util.CacheEntry.getValue(CacheEntry.java:144)
	at grails.util.CacheEntry.getValue(CacheEntry.java:84)
	at org.codehaus.groovy.grails.web.pages.GroovyPagesTemplateEngine.createTemplate(GroovyPagesTemplateEngine.java:316)
	at org.codehaus.groovy.grails.web.pages.GroovyPagesTemplateEngine.createTemplate(GroovyPagesTemplateEngine.java:306)
	at org.codehaus.groovy.grails.web.pages.GroovyPagesTemplateEngine.createTemplate(GroovyPagesTemplateEngine.java:408)
	at org.codehaus.groovy.grails.web.pages.GroovyPagesTemplateEngine.createTemplateForUri(GroovyPagesTemplateEngine.java:380)
	at org.codehaus.groovy.grails.web.pages.GroovyPagesTemplateEngine.createTemplateForUri(GroovyPagesTemplateEngine.java:373)
	at org.codehaus.groovy.grails.web.pages.GroovyPagesTemplateEngine.createTemplate(GroovyPagesTemplateEngine.java:344)
	at org.codehaus.groovy.grails.web.servlet.view.GroovyPageView.createGroovyPageException(GroovyPageView.java:108)
	at org.codehaus.groovy.grails.web.servlet.view.GroovyPageView.handleException(GroovyPageView.java:104)
	at org.codehaus.groovy.grails.web.servlet.view.GroovyPageView.afterPropertiesSet(GroovyPageView.java:161)
	at org.codehaus.groovy.grails.web.servlet.view.GroovyPageViewResolver.createGroovyPageView(GroovyPageViewResolver.java:208)
	at org.codehaus.groovy.grails.web.servlet.view.GroovyPageViewResolver.createGrailsView(GroovyPageViewResolver.java:191)
	at org.codehaus.groovy.grails.web.servlet.view.GroovyPageViewResolver.loadView(GroovyPageViewResolver.java:96)
	at org.springframework.web.servlet.view.AbstractCachingViewResolver.createView(AbstractCachingViewResolver.java:244)
	at org.springframework.web.servlet.view.UrlBasedViewResolver.createView(UrlBasedViewResolver.java:446)
	at org.springframework.web.servlet.view.AbstractCachingViewResolver.resolveViewName(AbstractCachingViewResolver.java:146)
	at org.codehaus.groovy.grails.web.servlet.view.GroovyPageViewResolver.resolveViewName(GroovyPageViewResolver.java:85)
	at org.codehaus.groovy.grails.web.servlet.view.GrailsLayoutViewResolver.resolveViewName(GrailsLayoutViewResolver.java:50)
	at org.springframework.web.servlet.DispatcherServlet.resolveViewName(DispatcherServlet.java:1282)
	at org.springframework.web.servlet.DispatcherServlet.render(DispatcherServlet.java:1223)
	at org.codehaus.groovy.grails.web.servlet.GrailsDispatcherServlet.doDispatch(GrailsDispatcherServlet.java:388)
	at org.springframework.web.servlet.DispatcherServlet.doService(DispatcherServlet.java:893)
	at org.springframework.web.servlet.FrameworkServlet.processRequest(FrameworkServlet.java:965)
	at org.springframework.web.servlet.FrameworkServlet.doGet(FrameworkServlet.java:856)
	at javax.servlet.http.HttpServlet.service(HttpServlet.java:624)
	at org.springframework.web.servlet.FrameworkServlet.service(FrameworkServlet.java:841)
	at javax.servlet.http.HttpServlet.service(HttpServlet.java:731)
	at org.apache.catalina.core.ApplicationFilterChain.internalDoFilter(ApplicationFilterChain.java:303)
	at org.apache.catalina.core.ApplicationFilterChain.doFilter(ApplicationFilterChain.java:208)
	at org.apache.tomcat.websocket.server.WsFilter.doFilter(WsFilter.java:52)
	at org.apache.catalina.core.ApplicationFilterChain.internalDoFilter(ApplicationFilterChain.java:241)
	at org.apache.catalina.core.ApplicationFilterChain.doFilter(ApplicationFilterChain.java:208)
	at grails.plugin.cache.web.filter.PageFragmentCachingFilter.doFilter(PageFragmentCachingFilter.java:198)
	at grails.plugin.cache.web.filter.AbstractFilter.doFilter(AbstractFilter.java:63)
	at org.springframework.web.filter.DelegatingFilterProxy.invokeDelegate(DelegatingFilterProxy.java:344)
	at org.springframework.web.filter.DelegatingFilterProxy.doFilter(DelegatingFilterProxy.java:261)
	at org.apache.catalina.core.ApplicationFilterChain.internalDoFilter(ApplicationFilterChain.java:241)
	at org.apache.catalina.core.ApplicationFilterChain.doFilter(ApplicationFilterChain.java:208)
	at org.springframework.web.filter.OncePerRequestFilter.doFilter(OncePerRequestFilter.java:101)
	at org.apache.catalina.core.ApplicationFilterChain.internalDoFilter(ApplicationFilterChain.java:241)
	at org.apache.catalina.core.ApplicationFilterChain.doFilter(ApplicationFilterChain.java:208)
	at org.springframework.web.filter.OncePerRequestFilter.doFilter(OncePerRequestFilter.java:101)
	at org.apache.catalina.core.ApplicationFilterChain.internalDoFilter(ApplicationFilterChain.java:241)
	at org.apache.catalina.core.ApplicationFilterChain.doFilter(ApplicationFilterChain.java:208)
	at org.springframework.web.filter.OncePerRequestFilter.doFilter(OncePerRequestFilter.java:101)
	at org.apache.catalina.core.ApplicationFilterChain.internalDoFilter(ApplicationFilterChain.java:241)
	at org.apache.catalina.core.ApplicationFilterChain.doFilter(ApplicationFilterChain.java:208)
	at org.apache.catalina.core.ApplicationDispatcher.invoke(ApplicationDispatcher.java:747)
	at org.apache.catalina.core.ApplicationDispatcher.processRequest(ApplicationDispatcher.java:485)
	at org.apache.catalina.core.ApplicationDispatcher.doForward(ApplicationDispatcher.java:410)
	at org.apache.catalina.core.ApplicationDispatcher.forward(ApplicationDispatcher.java:337)
	at org.codehaus.groovy.grails.web.mapping.UrlMappingUtils.forwardRequestForUrlMappingInfo(UrlMappingUtils.java:178)
	at org.codehaus.groovy.grails.web.mapping.UrlMappingUtils.forwardRequestForUrlMappingInfo(UrlMappingUtils.java:144)
	at org.codehaus.groovy.grails.web.mapping.UrlMappingUtils.forwardRequestForUrlMappingInfo(UrlMappingUtils.java:135)
	at org.codehaus.groovy.grails.web.mapping.filter.UrlMappingsFilter.doFilterInternal(UrlMappingsFilter.java:216)
	at org.springframework.web.filter.OncePerRequestFilter.doFilter(OncePerRequestFilter.java:107)
	at org.apache.catalina.core.ApplicationFilterChain.internalDoFilter(ApplicationFilterChain.java:241)
	at org.apache.catalina.core.ApplicationFilterChain.doFilter(ApplicationFilterChain.java:208)
	at org.codehaus.groovy.grails.web.servlet.mvc.GrailsWebRequestFilter.doFilterInternal(GrailsWebRequestFilter.java:69)
	at org.springframework.web.filter.OncePerRequestFilter.doFilter(OncePerRequestFilter.java:107)
	at org.apache.catalina.core.ApplicationFilterChain.internalDoFilter(ApplicationFilterChain.java:241)
	at org.apache.catalina.core.ApplicationFilterChain.doFilter(ApplicationFilterChain.java:208)
	at org.codehaus.groovy.grails.web.filters.HiddenHttpMethodFilter.doFilterInternal(HiddenHttpMethodFilter.java:67)
	at org.springframework.web.filter.OncePerRequestFilter.doFilter(OncePerRequestFilter.java:107)
	at org.apache.catalina.core.ApplicationFilterChain.internalDoFilter(ApplicationFilterChain.java:241)
	at org.apache.catalina.core.ApplicationFilterChain.doFilter(ApplicationFilterChain.java:208)
	at org.springframework.web.filter.CharacterEncodingFilter.doFilterInternal(CharacterEncodingFilter.java:85)
	at org.springframework.web.filter.OncePerRequestFilter.doFilter(OncePerRequestFilter.java:107)
	at org.springframework.web.filter.DelegatingFilterProxy.invokeDelegate(DelegatingFilterProxy.java:344)
	at org.springframework.web.filter.DelegatingFilterProxy.doFilter(DelegatingFilterProxy.java:261)
	at org.apache.catalina.core.ApplicationFilterChain.internalDoFilter(ApplicationFilterChain.java:241)
	at org.apache.catalina.core.ApplicationFilterChain.doFilter(ApplicationFilterChain.java:208)
	at org.apache.catalina.core.StandardWrapperValve.invoke(StandardWrapperValve.java:218)
	at org.apache.catalina.core.StandardContextValve.invoke(StandardContextValve.java:122)
	at org.apache.catalina.core.StandardHostValve.invoke(StandardHostValve.java:169)
	at org.apache.catalina.valves.ErrorReportValve.invoke(ErrorReportValve.java:103)
	at org.apache.catalina.core.StandardEngineValve.invoke(StandardEngineValve.java:116)
	at org.apache.catalina.connector.CoyoteAdapter.service(CoyoteAdapter.java:442)
	at org.apache.coyote.http11.AbstractHttp11Processor.process(AbstractHttp11Processor.java:1082)
	at org.apache.coyote.AbstractProtocol$AbstractConnectionHandler.process(AbstractProtocol.java:623)
	at org.apache.tomcat.util.net.JIoEndpoint$SocketProcessor.run(JIoEndpoint.java:316)
	at java.util.concurrent.ThreadPoolExecutor.runWorker(ThreadPoolExecutor.java:1149)
	at java.util.concurrent.ThreadPoolExecutor$Worker.run(ThreadPoolExecutor.java:624)
	at org.apache.tomcat.util.threads.TaskThread$WrappingRunnable.run(TaskThread.java:61)
	at java.lang.Thread.run(Thread.java:748)
2025-05-15 10:51:11,115 [http-bio-8080-exec-11] ERROR StackTrace  - Full Stack Trace:
java.lang.RuntimeException: Error initializing GroovyPageView
	at grails.plugin.cache.web.filter.PageFragmentCachingFilter.doFilter(PageFragmentCachingFilter.java:198)
	at grails.plugin.cache.web.filter.AbstractFilter.doFilter(AbstractFilter.java:63)
	at java.util.concurrent.ThreadPoolExecutor.runWorker(ThreadPoolExecutor.java:1149)
	at java.util.concurrent.ThreadPoolExecutor$Worker.run(ThreadPoolExecutor.java:624)
	at java.lang.Thread.run(Thread.java:748)
Caused by: org.codehaus.groovy.grails.web.taglib.exceptions.GrailsTagException: Expecting '=' after attribute name (bean="${tekEventInstance}" {--field="name"--}).
	at grails.util.CacheEntry.getValue(CacheEntry.java:144)
	at grails.util.CacheEntry.getValue(CacheEntry.java:84)
	... 5 more
2025-05-15 10:51:11,121 [http-bio-8080-exec-11] ERROR StackTrace  - Full Stack Trace:
java.lang.RuntimeException: Error initializing GroovyPageView
	at grails.plugin.cache.web.filter.PageFragmentCachingFilter.doFilter(PageFragmentCachingFilter.java:198)
	at grails.plugin.cache.web.filter.AbstractFilter.doFilter(AbstractFilter.java:63)
	at java.util.concurrent.ThreadPoolExecutor.runWorker(ThreadPoolExecutor.java:1149)
	at java.util.concurrent.ThreadPoolExecutor$Worker.run(ThreadPoolExecutor.java:624)
	at java.lang.Thread.run(Thread.java:748)
Caused by: org.codehaus.groovy.grails.web.taglib.exceptions.GrailsTagException: Expecting '=' after attribute name (bean="${tekEventInstance}" {--field="name"--}).
	at grails.util.CacheEntry.getValue(CacheEntry.java:144)
	at grails.util.CacheEntry.getValue(CacheEntry.java:84)
	... 5 more
2025-05-15 10:51:11,121 [http-bio-8080-exec-11] ERROR StackTrace  - Full Stack Trace:
org.codehaus.groovy.grails.web.taglib.exceptions.GrailsTagException: Expecting '=' after attribute name (bean="${tekEventInstance}" {--field="name"--}).
	at grails.util.CacheEntry.getValue(CacheEntry.java:144)
	at grails.util.CacheEntry.getValue(CacheEntry.java:84)
	at grails.plugin.cache.web.filter.PageFragmentCachingFilter.doFilter(PageFragmentCachingFilter.java:198)
	at grails.plugin.cache.web.filter.AbstractFilter.doFilter(AbstractFilter.java:63)
	at java.util.concurrent.ThreadPoolExecutor.runWorker(ThreadPoolExecutor.java:1149)
	at java.util.concurrent.ThreadPoolExecutor$Worker.run(ThreadPoolExecutor.java:624)
	at java.lang.Thread.run(Thread.java:748)
2025-05-15 10:51:11,121 [http-bio-8080-exec-11] ERROR StackTrace  - Full Stack Trace:
java.lang.RuntimeException: Error initializing GroovyPageView
	at grails.plugin.cache.web.filter.PageFragmentCachingFilter.doFilter(PageFragmentCachingFilter.java:198)
	at grails.plugin.cache.web.filter.AbstractFilter.doFilter(AbstractFilter.java:63)
	at java.util.concurrent.ThreadPoolExecutor.runWorker(ThreadPoolExecutor.java:1149)
	at java.util.concurrent.ThreadPoolExecutor$Worker.run(ThreadPoolExecutor.java:624)
	at java.lang.Thread.run(Thread.java:748)
Caused by: org.codehaus.groovy.grails.web.taglib.exceptions.GrailsTagException: Expecting '=' after attribute name (bean="${tekEventInstance}" {--field="name"--}).
	at grails.util.CacheEntry.getValue(CacheEntry.java:144)
	at grails.util.CacheEntry.getValue(CacheEntry.java:84)
	... 5 more
2025-05-15 10:51:11,121 [http-bio-8080-exec-11] ERROR StackTrace  - Full Stack Trace:
java.lang.RuntimeException: Error initializing GroovyPageView
	at grails.plugin.cache.web.filter.PageFragmentCachingFilter.doFilter(PageFragmentCachingFilter.java:198)
	at grails.plugin.cache.web.filter.AbstractFilter.doFilter(AbstractFilter.java:63)
	at java.util.concurrent.ThreadPoolExecutor.runWorker(ThreadPoolExecutor.java:1149)
	at java.util.concurrent.ThreadPoolExecutor$Worker.run(ThreadPoolExecutor.java:624)
	at java.lang.Thread.run(Thread.java:748)
Caused by: org.codehaus.groovy.grails.web.taglib.exceptions.GrailsTagException: Expecting '=' after attribute name (bean="${tekEventInstance}" {--field="name"--}).
	at grails.util.CacheEntry.getValue(CacheEntry.java:144)
	at grails.util.CacheEntry.getValue(CacheEntry.java:84)
	... 5 more
2025-05-15 10:51:11,121 [http-bio-8080-exec-11] ERROR StackTrace  - Full Stack Trace:
org.codehaus.groovy.grails.web.taglib.exceptions.GrailsTagException: Expecting '=' after attribute name (bean="${tekEventInstance}" {--field="name"--}).
	at grails.util.CacheEntry.getValue(CacheEntry.java:144)
	at grails.util.CacheEntry.getValue(CacheEntry.java:84)
	at grails.plugin.cache.web.filter.PageFragmentCachingFilter.doFilter(PageFragmentCachingFilter.java:198)
	at grails.plugin.cache.web.filter.AbstractFilter.doFilter(AbstractFilter.java:63)
	at java.util.concurrent.ThreadPoolExecutor.runWorker(ThreadPoolExecutor.java:1149)
	at java.util.concurrent.ThreadPoolExecutor$Worker.run(ThreadPoolExecutor.java:624)
	at java.lang.Thread.run(Thread.java:748)
2025-05-15 10:51:11,122 [http-bio-8080-exec-11] ERROR StackTrace  - Full Stack Trace:
java.lang.RuntimeException: Error initializing GroovyPageView
	at grails.plugin.cache.web.filter.PageFragmentCachingFilter.doFilter(PageFragmentCachingFilter.java:198)
	at grails.plugin.cache.web.filter.AbstractFilter.doFilter(AbstractFilter.java:63)
	at java.util.concurrent.ThreadPoolExecutor.runWorker(ThreadPoolExecutor.java:1149)
	at java.util.concurrent.ThreadPoolExecutor$Worker.run(ThreadPoolExecutor.java:624)
	at java.lang.Thread.run(Thread.java:748)
Caused by: org.codehaus.groovy.grails.web.taglib.exceptions.GrailsTagException: Expecting '=' after attribute name (bean="${tekEventInstance}" {--field="name"--}).
	at grails.util.CacheEntry.getValue(CacheEntry.java:144)
	at grails.util.CacheEntry.getValue(CacheEntry.java:84)
	... 5 more
2025-05-15 10:51:12,182 [http-bio-8080-exec-19] ERROR StackTrace  - Full Stack Trace:
java.lang.RuntimeException: Error initializing GroovyPageView
	at org.codehaus.groovy.grails.web.servlet.view.GroovyPageViewResolver.createGroovyPageView(GroovyPageViewResolver.java:210)
	at org.codehaus.groovy.grails.web.servlet.view.GroovyPageViewResolver.createGrailsView(GroovyPageViewResolver.java:191)
	at org.codehaus.groovy.grails.web.servlet.view.GroovyPageViewResolver.loadView(GroovyPageViewResolver.java:96)
	at org.springframework.web.servlet.view.AbstractCachingViewResolver.createView(AbstractCachingViewResolver.java:244)
	at org.springframework.web.servlet.view.UrlBasedViewResolver.createView(UrlBasedViewResolver.java:446)
	at org.springframework.web.servlet.view.AbstractCachingViewResolver.resolveViewName(AbstractCachingViewResolver.java:146)
	at org.codehaus.groovy.grails.web.servlet.view.GroovyPageViewResolver.resolveViewName(GroovyPageViewResolver.java:85)
	at org.codehaus.groovy.grails.web.servlet.view.GrailsLayoutViewResolver.resolveViewName(GrailsLayoutViewResolver.java:50)
	at org.springframework.web.servlet.DispatcherServlet.resolveViewName(DispatcherServlet.java:1282)
	at org.springframework.web.servlet.DispatcherServlet.render(DispatcherServlet.java:1223)
	at org.codehaus.groovy.grails.web.servlet.GrailsDispatcherServlet.doDispatch(GrailsDispatcherServlet.java:388)
	at org.springframework.web.servlet.DispatcherServlet.doService(DispatcherServlet.java:893)
	at org.springframework.web.servlet.FrameworkServlet.processRequest(FrameworkServlet.java:965)
	at org.springframework.web.servlet.FrameworkServlet.doGet(FrameworkServlet.java:856)
	at javax.servlet.http.HttpServlet.service(HttpServlet.java:624)
	at org.springframework.web.servlet.FrameworkServlet.service(FrameworkServlet.java:841)
	at javax.servlet.http.HttpServlet.service(HttpServlet.java:731)
	at org.apache.catalina.core.ApplicationFilterChain.internalDoFilter(ApplicationFilterChain.java:303)
	at org.apache.catalina.core.ApplicationFilterChain.doFilter(ApplicationFilterChain.java:208)
	at org.apache.tomcat.websocket.server.WsFilter.doFilter(WsFilter.java:52)
	at org.apache.catalina.core.ApplicationFilterChain.internalDoFilter(ApplicationFilterChain.java:241)
	at org.apache.catalina.core.ApplicationFilterChain.doFilter(ApplicationFilterChain.java:208)
	at grails.plugin.cache.web.filter.PageFragmentCachingFilter.doFilter(PageFragmentCachingFilter.java:198)
	at grails.plugin.cache.web.filter.AbstractFilter.doFilter(AbstractFilter.java:63)
	at org.springframework.web.filter.DelegatingFilterProxy.invokeDelegate(DelegatingFilterProxy.java:344)
	at org.springframework.web.filter.DelegatingFilterProxy.doFilter(DelegatingFilterProxy.java:261)
	at org.apache.catalina.core.ApplicationFilterChain.internalDoFilter(ApplicationFilterChain.java:241)
	at org.apache.catalina.core.ApplicationFilterChain.doFilter(ApplicationFilterChain.java:208)
	at org.springframework.web.filter.OncePerRequestFilter.doFilter(OncePerRequestFilter.java:101)
	at org.apache.catalina.core.ApplicationFilterChain.internalDoFilter(ApplicationFilterChain.java:241)
	at org.apache.catalina.core.ApplicationFilterChain.doFilter(ApplicationFilterChain.java:208)
	at org.springframework.web.filter.OncePerRequestFilter.doFilter(OncePerRequestFilter.java:101)
	at org.apache.catalina.core.ApplicationFilterChain.internalDoFilter(ApplicationFilterChain.java:241)
	at org.apache.catalina.core.ApplicationFilterChain.doFilter(ApplicationFilterChain.java:208)
	at org.springframework.web.filter.OncePerRequestFilter.doFilter(OncePerRequestFilter.java:101)
	at org.apache.catalina.core.ApplicationFilterChain.internalDoFilter(ApplicationFilterChain.java:241)
	at org.apache.catalina.core.ApplicationFilterChain.doFilter(ApplicationFilterChain.java:208)
	at org.apache.catalina.core.ApplicationDispatcher.invoke(ApplicationDispatcher.java:747)
	at org.apache.catalina.core.ApplicationDispatcher.processRequest(ApplicationDispatcher.java:485)
	at org.apache.catalina.core.ApplicationDispatcher.doForward(ApplicationDispatcher.java:410)
	at org.apache.catalina.core.ApplicationDispatcher.forward(ApplicationDispatcher.java:337)
	at org.codehaus.groovy.grails.web.mapping.UrlMappingUtils.forwardRequestForUrlMappingInfo(UrlMappingUtils.java:178)
	at org.codehaus.groovy.grails.web.mapping.UrlMappingUtils.forwardRequestForUrlMappingInfo(UrlMappingUtils.java:144)
	at org.codehaus.groovy.grails.web.mapping.UrlMappingUtils.forwardRequestForUrlMappingInfo(UrlMappingUtils.java:135)
	at org.codehaus.groovy.grails.web.mapping.filter.UrlMappingsFilter.doFilterInternal(UrlMappingsFilter.java:216)
	at org.springframework.web.filter.OncePerRequestFilter.doFilter(OncePerRequestFilter.java:107)
	at org.apache.catalina.core.ApplicationFilterChain.internalDoFilter(ApplicationFilterChain.java:241)
	at org.apache.catalina.core.ApplicationFilterChain.doFilter(ApplicationFilterChain.java:208)
	at org.codehaus.groovy.grails.web.servlet.mvc.GrailsWebRequestFilter.doFilterInternal(GrailsWebRequestFilter.java:69)
	at org.springframework.web.filter.OncePerRequestFilter.doFilter(OncePerRequestFilter.java:107)
	at org.apache.catalina.core.ApplicationFilterChain.internalDoFilter(ApplicationFilterChain.java:241)
	at org.apache.catalina.core.ApplicationFilterChain.doFilter(ApplicationFilterChain.java:208)
	at org.codehaus.groovy.grails.web.filters.HiddenHttpMethodFilter.doFilterInternal(HiddenHttpMethodFilter.java:67)
	at org.springframework.web.filter.OncePerRequestFilter.doFilter(OncePerRequestFilter.java:107)
	at org.apache.catalina.core.ApplicationFilterChain.internalDoFilter(ApplicationFilterChain.java:241)
	at org.apache.catalina.core.ApplicationFilterChain.doFilter(ApplicationFilterChain.java:208)
	at org.springframework.web.filter.CharacterEncodingFilter.doFilterInternal(CharacterEncodingFilter.java:85)
	at org.springframework.web.filter.OncePerRequestFilter.doFilter(OncePerRequestFilter.java:107)
	at org.springframework.web.filter.DelegatingFilterProxy.invokeDelegate(DelegatingFilterProxy.java:344)
	at org.springframework.web.filter.DelegatingFilterProxy.doFilter(DelegatingFilterProxy.java:261)
	at org.apache.catalina.core.ApplicationFilterChain.internalDoFilter(ApplicationFilterChain.java:241)
	at org.apache.catalina.core.ApplicationFilterChain.doFilter(ApplicationFilterChain.java:208)
	at org.apache.catalina.core.StandardWrapperValve.invoke(StandardWrapperValve.java:218)
	at org.apache.catalina.core.StandardContextValve.invoke(StandardContextValve.java:122)
	at org.apache.catalina.core.StandardHostValve.invoke(StandardHostValve.java:169)
	at org.apache.catalina.valves.ErrorReportValve.invoke(ErrorReportValve.java:103)
	at org.apache.catalina.core.StandardEngineValve.invoke(StandardEngineValve.java:116)
	at org.apache.catalina.connector.CoyoteAdapter.service(CoyoteAdapter.java:442)
	at org.apache.coyote.http11.AbstractHttp11Processor.process(AbstractHttp11Processor.java:1082)
	at org.apache.coyote.AbstractProtocol$AbstractConnectionHandler.process(AbstractProtocol.java:623)
	at org.apache.tomcat.util.net.JIoEndpoint$SocketProcessor.run(JIoEndpoint.java:318)
	at java.util.concurrent.ThreadPoolExecutor.runWorker(ThreadPoolExecutor.java:1149)
	at java.util.concurrent.ThreadPoolExecutor$Worker.run(ThreadPoolExecutor.java:624)
	at org.apache.tomcat.util.threads.TaskThread$WrappingRunnable.run(TaskThread.java:61)
	at java.lang.Thread.run(Thread.java:748)
Caused by: org.codehaus.groovy.grails.web.taglib.exceptions.GrailsTagException: Expecting '=' after attribute name (bean="${tekEventInstance}" {--field="name"--}).
	at org.codehaus.groovy.grails.web.pages.GroovyPageParser.populateMapWithAttributes(GroovyPageParser.java:1197)
	at org.codehaus.groovy.grails.web.pages.GroovyPageParser.startTag(GroovyPageParser.java:1079)
	at org.codehaus.groovy.grails.web.pages.GroovyPageParser.page(GroovyPageParser.java:831)
	at org.codehaus.groovy.grails.web.pages.GroovyPageParser.generateGsp(GroovyPageParser.java:393)
	at org.codehaus.groovy.grails.web.pages.GroovyPageParser.parse(GroovyPageParser.java:349)
	at org.codehaus.groovy.grails.web.pages.GroovyPagesTemplateEngine.buildPageMetaInfo(GroovyPagesTemplateEngine.java:596)
	at org.codehaus.groovy.grails.web.pages.GroovyPagesTemplateEngine.buildPageMetaInfo(GroovyPagesTemplateEngine.java:493)
	at org.codehaus.groovy.grails.web.pages.GroovyPagesTemplateEngine$GroovyPagesTemplateEngineCacheEntry.updateValue(GroovyPagesTemplateEngine.java:159)
	at org.codehaus.groovy.grails.web.pages.GroovyPagesTemplateEngine$GroovyPagesTemplateEngineCacheEntry.updateValue(GroovyPagesTemplateEngine.java:138)
	at grails.util.CacheEntry.getValue(CacheEntry.java:144)
	at grails.util.CacheEntry.getValue(CacheEntry.java:84)
	at org.codehaus.groovy.grails.web.pages.GroovyPagesTemplateEngine.createTemplate(GroovyPagesTemplateEngine.java:316)
	at org.codehaus.groovy.grails.web.pages.GroovyPagesTemplateEngine.createTemplate(GroovyPagesTemplateEngine.java:306)
	at org.codehaus.groovy.grails.web.pages.GroovyPagesTemplateEngine.createTemplate(GroovyPagesTemplateEngine.java:408)
	at org.codehaus.groovy.grails.web.pages.GroovyPagesTemplateEngine.createTemplateForUri(GroovyPagesTemplateEngine.java:380)
	at org.codehaus.groovy.grails.web.pages.GroovyPagesTemplateEngine.createTemplateForUri(GroovyPagesTemplateEngine.java:373)
	at org.codehaus.groovy.grails.web.pages.GroovyPagesTemplateEngine.createTemplate(GroovyPagesTemplateEngine.java:344)
	at org.codehaus.groovy.grails.web.servlet.view.GroovyPageView.createGroovyPageException(GroovyPageView.java:108)
	at org.codehaus.groovy.grails.web.servlet.view.GroovyPageView.handleException(GroovyPageView.java:104)
	at org.codehaus.groovy.grails.web.servlet.view.GroovyPageView.afterPropertiesSet(GroovyPageView.java:161)
	at org.codehaus.groovy.grails.web.servlet.view.GroovyPageViewResolver.createGroovyPageView(GroovyPageViewResolver.java:208)
	... 74 more
2025-05-15 10:51:12,183 [http-bio-8080-exec-19] ERROR StackTrace  - Full Stack Trace:
org.codehaus.groovy.grails.web.taglib.exceptions.GrailsTagException: Expecting '=' after attribute name (bean="${tekEventInstance}" {--field="name"--}).
	at org.codehaus.groovy.grails.web.pages.GroovyPageParser.populateMapWithAttributes(GroovyPageParser.java:1197)
	at org.codehaus.groovy.grails.web.pages.GroovyPageParser.startTag(GroovyPageParser.java:1079)
	at org.codehaus.groovy.grails.web.pages.GroovyPageParser.page(GroovyPageParser.java:831)
	at org.codehaus.groovy.grails.web.pages.GroovyPageParser.generateGsp(GroovyPageParser.java:393)
	at org.codehaus.groovy.grails.web.pages.GroovyPageParser.parse(GroovyPageParser.java:349)
	at org.codehaus.groovy.grails.web.pages.GroovyPagesTemplateEngine.buildPageMetaInfo(GroovyPagesTemplateEngine.java:596)
	at org.codehaus.groovy.grails.web.pages.GroovyPagesTemplateEngine.buildPageMetaInfo(GroovyPagesTemplateEngine.java:493)
	at org.codehaus.groovy.grails.web.pages.GroovyPagesTemplateEngine$GroovyPagesTemplateEngineCacheEntry.updateValue(GroovyPagesTemplateEngine.java:159)
	at org.codehaus.groovy.grails.web.pages.GroovyPagesTemplateEngine$GroovyPagesTemplateEngineCacheEntry.updateValue(GroovyPagesTemplateEngine.java:138)
	at grails.util.CacheEntry.getValue(CacheEntry.java:144)
	at grails.util.CacheEntry.getValue(CacheEntry.java:84)
	at org.codehaus.groovy.grails.web.pages.GroovyPagesTemplateEngine.createTemplate(GroovyPagesTemplateEngine.java:316)
	at org.codehaus.groovy.grails.web.pages.GroovyPagesTemplateEngine.createTemplate(GroovyPagesTemplateEngine.java:306)
	at org.codehaus.groovy.grails.web.pages.GroovyPagesTemplateEngine.createTemplate(GroovyPagesTemplateEngine.java:408)
	at org.codehaus.groovy.grails.web.pages.GroovyPagesTemplateEngine.createTemplateForUri(GroovyPagesTemplateEngine.java:380)
	at org.codehaus.groovy.grails.web.pages.GroovyPagesTemplateEngine.createTemplateForUri(GroovyPagesTemplateEngine.java:373)
	at org.codehaus.groovy.grails.web.pages.GroovyPagesTemplateEngine.createTemplate(GroovyPagesTemplateEngine.java:344)
	at org.codehaus.groovy.grails.web.servlet.view.GroovyPageView.createGroovyPageException(GroovyPageView.java:108)
	at org.codehaus.groovy.grails.web.servlet.view.GroovyPageView.handleException(GroovyPageView.java:104)
	at org.codehaus.groovy.grails.web.servlet.view.GroovyPageView.afterPropertiesSet(GroovyPageView.java:161)
	at org.codehaus.groovy.grails.web.servlet.view.GroovyPageViewResolver.createGroovyPageView(GroovyPageViewResolver.java:208)
	at org.codehaus.groovy.grails.web.servlet.view.GroovyPageViewResolver.createGrailsView(GroovyPageViewResolver.java:191)
	at org.codehaus.groovy.grails.web.servlet.view.GroovyPageViewResolver.loadView(GroovyPageViewResolver.java:96)
	at org.springframework.web.servlet.view.AbstractCachingViewResolver.createView(AbstractCachingViewResolver.java:244)
	at org.springframework.web.servlet.view.UrlBasedViewResolver.createView(UrlBasedViewResolver.java:446)
	at org.springframework.web.servlet.view.AbstractCachingViewResolver.resolveViewName(AbstractCachingViewResolver.java:146)
	at org.codehaus.groovy.grails.web.servlet.view.GroovyPageViewResolver.resolveViewName(GroovyPageViewResolver.java:85)
	at org.codehaus.groovy.grails.web.servlet.view.GrailsLayoutViewResolver.resolveViewName(GrailsLayoutViewResolver.java:50)
	at org.springframework.web.servlet.DispatcherServlet.resolveViewName(DispatcherServlet.java:1282)
	at org.springframework.web.servlet.DispatcherServlet.render(DispatcherServlet.java:1223)
	at org.codehaus.groovy.grails.web.servlet.GrailsDispatcherServlet.doDispatch(GrailsDispatcherServlet.java:388)
	at org.springframework.web.servlet.DispatcherServlet.doService(DispatcherServlet.java:893)
	at org.springframework.web.servlet.FrameworkServlet.processRequest(FrameworkServlet.java:965)
	at org.springframework.web.servlet.FrameworkServlet.doGet(FrameworkServlet.java:856)
	at javax.servlet.http.HttpServlet.service(HttpServlet.java:624)
	at org.springframework.web.servlet.FrameworkServlet.service(FrameworkServlet.java:841)
	at javax.servlet.http.HttpServlet.service(HttpServlet.java:731)
	at org.apache.catalina.core.ApplicationFilterChain.internalDoFilter(ApplicationFilterChain.java:303)
	at org.apache.catalina.core.ApplicationFilterChain.doFilter(ApplicationFilterChain.java:208)
	at org.apache.tomcat.websocket.server.WsFilter.doFilter(WsFilter.java:52)
	at org.apache.catalina.core.ApplicationFilterChain.internalDoFilter(ApplicationFilterChain.java:241)
	at org.apache.catalina.core.ApplicationFilterChain.doFilter(ApplicationFilterChain.java:208)
	at grails.plugin.cache.web.filter.PageFragmentCachingFilter.doFilter(PageFragmentCachingFilter.java:198)
	at grails.plugin.cache.web.filter.AbstractFilter.doFilter(AbstractFilter.java:63)
	at org.springframework.web.filter.DelegatingFilterProxy.invokeDelegate(DelegatingFilterProxy.java:344)
	at org.springframework.web.filter.DelegatingFilterProxy.doFilter(DelegatingFilterProxy.java:261)
	at org.apache.catalina.core.ApplicationFilterChain.internalDoFilter(ApplicationFilterChain.java:241)
	at org.apache.catalina.core.ApplicationFilterChain.doFilter(ApplicationFilterChain.java:208)
	at org.springframework.web.filter.OncePerRequestFilter.doFilter(OncePerRequestFilter.java:101)
	at org.apache.catalina.core.ApplicationFilterChain.internalDoFilter(ApplicationFilterChain.java:241)
	at org.apache.catalina.core.ApplicationFilterChain.doFilter(ApplicationFilterChain.java:208)
	at org.springframework.web.filter.OncePerRequestFilter.doFilter(OncePerRequestFilter.java:101)
	at org.apache.catalina.core.ApplicationFilterChain.internalDoFilter(ApplicationFilterChain.java:241)
	at org.apache.catalina.core.ApplicationFilterChain.doFilter(ApplicationFilterChain.java:208)
	at org.springframework.web.filter.OncePerRequestFilter.doFilter(OncePerRequestFilter.java:101)
	at org.apache.catalina.core.ApplicationFilterChain.internalDoFilter(ApplicationFilterChain.java:241)
	at org.apache.catalina.core.ApplicationFilterChain.doFilter(ApplicationFilterChain.java:208)
	at org.apache.catalina.core.ApplicationDispatcher.invoke(ApplicationDispatcher.java:747)
	at org.apache.catalina.core.ApplicationDispatcher.processRequest(ApplicationDispatcher.java:485)
	at org.apache.catalina.core.ApplicationDispatcher.doForward(ApplicationDispatcher.java:410)
	at org.apache.catalina.core.ApplicationDispatcher.forward(ApplicationDispatcher.java:337)
	at org.codehaus.groovy.grails.web.mapping.UrlMappingUtils.forwardRequestForUrlMappingInfo(UrlMappingUtils.java:178)
	at org.codehaus.groovy.grails.web.mapping.UrlMappingUtils.forwardRequestForUrlMappingInfo(UrlMappingUtils.java:144)
	at org.codehaus.groovy.grails.web.mapping.UrlMappingUtils.forwardRequestForUrlMappingInfo(UrlMappingUtils.java:135)
	at org.codehaus.groovy.grails.web.mapping.filter.UrlMappingsFilter.doFilterInternal(UrlMappingsFilter.java:216)
	at org.springframework.web.filter.OncePerRequestFilter.doFilter(OncePerRequestFilter.java:107)
	at org.apache.catalina.core.ApplicationFilterChain.internalDoFilter(ApplicationFilterChain.java:241)
	at org.apache.catalina.core.ApplicationFilterChain.doFilter(ApplicationFilterChain.java:208)
	at org.codehaus.groovy.grails.web.servlet.mvc.GrailsWebRequestFilter.doFilterInternal(GrailsWebRequestFilter.java:69)
	at org.springframework.web.filter.OncePerRequestFilter.doFilter(OncePerRequestFilter.java:107)
	at org.apache.catalina.core.ApplicationFilterChain.internalDoFilter(ApplicationFilterChain.java:241)
	at org.apache.catalina.core.ApplicationFilterChain.doFilter(ApplicationFilterChain.java:208)
	at org.codehaus.groovy.grails.web.filters.HiddenHttpMethodFilter.doFilterInternal(HiddenHttpMethodFilter.java:67)
	at org.springframework.web.filter.OncePerRequestFilter.doFilter(OncePerRequestFilter.java:107)
	at org.apache.catalina.core.ApplicationFilterChain.internalDoFilter(ApplicationFilterChain.java:241)
	at org.apache.catalina.core.ApplicationFilterChain.doFilter(ApplicationFilterChain.java:208)
	at org.springframework.web.filter.CharacterEncodingFilter.doFilterInternal(CharacterEncodingFilter.java:85)
	at org.springframework.web.filter.OncePerRequestFilter.doFilter(OncePerRequestFilter.java:107)
	at org.springframework.web.filter.DelegatingFilterProxy.invokeDelegate(DelegatingFilterProxy.java:344)
	at org.springframework.web.filter.DelegatingFilterProxy.doFilter(DelegatingFilterProxy.java:261)
	at org.apache.catalina.core.ApplicationFilterChain.internalDoFilter(ApplicationFilterChain.java:241)
	at org.apache.catalina.core.ApplicationFilterChain.doFilter(ApplicationFilterChain.java:208)
	at org.apache.catalina.core.StandardWrapperValve.invoke(StandardWrapperValve.java:218)
	at org.apache.catalina.core.StandardContextValve.invoke(StandardContextValve.java:122)
	at org.apache.catalina.core.StandardHostValve.invoke(StandardHostValve.java:169)
	at org.apache.catalina.valves.ErrorReportValve.invoke(ErrorReportValve.java:103)
	at org.apache.catalina.core.StandardEngineValve.invoke(StandardEngineValve.java:116)
	at org.apache.catalina.connector.CoyoteAdapter.service(CoyoteAdapter.java:442)
	at org.apache.coyote.http11.AbstractHttp11Processor.process(AbstractHttp11Processor.java:1082)
	at org.apache.coyote.AbstractProtocol$AbstractConnectionHandler.process(AbstractProtocol.java:623)
	at org.apache.tomcat.util.net.JIoEndpoint$SocketProcessor.run(JIoEndpoint.java:318)
	at java.util.concurrent.ThreadPoolExecutor.runWorker(ThreadPoolExecutor.java:1149)
	at java.util.concurrent.ThreadPoolExecutor$Worker.run(ThreadPoolExecutor.java:624)
	at org.apache.tomcat.util.threads.TaskThread$WrappingRunnable.run(TaskThread.java:61)
	at java.lang.Thread.run(Thread.java:748)
2025-05-15 10:51:12,183 [http-bio-8080-exec-19] ERROR StackTrace  - Full Stack Trace:
java.lang.RuntimeException: Error initializing GroovyPageView
	at grails.plugin.cache.web.filter.PageFragmentCachingFilter.doFilter(PageFragmentCachingFilter.java:198)
	at grails.plugin.cache.web.filter.AbstractFilter.doFilter(AbstractFilter.java:63)
	at java.util.concurrent.ThreadPoolExecutor.runWorker(ThreadPoolExecutor.java:1149)
	at java.util.concurrent.ThreadPoolExecutor$Worker.run(ThreadPoolExecutor.java:624)
	at java.lang.Thread.run(Thread.java:748)
Caused by: org.codehaus.groovy.grails.web.taglib.exceptions.GrailsTagException: Expecting '=' after attribute name (bean="${tekEventInstance}" {--field="name"--}).
	at grails.util.CacheEntry.getValue(CacheEntry.java:144)
	at grails.util.CacheEntry.getValue(CacheEntry.java:84)
	... 5 more
2025-05-15 10:51:12,185 [http-bio-8080-exec-19] ERROR StackTrace  - Full Stack Trace:
java.lang.RuntimeException: Error initializing GroovyPageView
	at grails.plugin.cache.web.filter.PageFragmentCachingFilter.doFilter(PageFragmentCachingFilter.java:198)
	at grails.plugin.cache.web.filter.AbstractFilter.doFilter(AbstractFilter.java:63)
	at java.util.concurrent.ThreadPoolExecutor.runWorker(ThreadPoolExecutor.java:1149)
	at java.util.concurrent.ThreadPoolExecutor$Worker.run(ThreadPoolExecutor.java:624)
	at java.lang.Thread.run(Thread.java:748)
Caused by: org.codehaus.groovy.grails.web.taglib.exceptions.GrailsTagException: Expecting '=' after attribute name (bean="${tekEventInstance}" {--field="name"--}).
	at grails.util.CacheEntry.getValue(CacheEntry.java:144)
	at grails.util.CacheEntry.getValue(CacheEntry.java:84)
	... 5 more
2025-05-15 10:51:12,185 [http-bio-8080-exec-19] ERROR StackTrace  - Full Stack Trace:
org.codehaus.groovy.grails.web.taglib.exceptions.GrailsTagException: Expecting '=' after attribute name (bean="${tekEventInstance}" {--field="name"--}).
	at grails.util.CacheEntry.getValue(CacheEntry.java:144)
	at grails.util.CacheEntry.getValue(CacheEntry.java:84)
	at grails.plugin.cache.web.filter.PageFragmentCachingFilter.doFilter(PageFragmentCachingFilter.java:198)
	at grails.plugin.cache.web.filter.AbstractFilter.doFilter(AbstractFilter.java:63)
	at java.util.concurrent.ThreadPoolExecutor.runWorker(ThreadPoolExecutor.java:1149)
	at java.util.concurrent.ThreadPoolExecutor$Worker.run(ThreadPoolExecutor.java:624)
	at java.lang.Thread.run(Thread.java:748)
2025-05-15 10:51:12,185 [http-bio-8080-exec-19] ERROR StackTrace  - Full Stack Trace:
java.lang.RuntimeException: Error initializing GroovyPageView
	at grails.plugin.cache.web.filter.PageFragmentCachingFilter.doFilter(PageFragmentCachingFilter.java:198)
	at grails.plugin.cache.web.filter.AbstractFilter.doFilter(AbstractFilter.java:63)
	at java.util.concurrent.ThreadPoolExecutor.runWorker(ThreadPoolExecutor.java:1149)
	at java.util.concurrent.ThreadPoolExecutor$Worker.run(ThreadPoolExecutor.java:624)
	at java.lang.Thread.run(Thread.java:748)
Caused by: org.codehaus.groovy.grails.web.taglib.exceptions.GrailsTagException: Expecting '=' after attribute name (bean="${tekEventInstance}" {--field="name"--}).
	at grails.util.CacheEntry.getValue(CacheEntry.java:144)
	at grails.util.CacheEntry.getValue(CacheEntry.java:84)
	... 5 more
2025-05-15 10:51:12,185 [http-bio-8080-exec-19] ERROR StackTrace  - Full Stack Trace:
java.lang.RuntimeException: Error initializing GroovyPageView
	at grails.plugin.cache.web.filter.PageFragmentCachingFilter.doFilter(PageFragmentCachingFilter.java:198)
	at grails.plugin.cache.web.filter.AbstractFilter.doFilter(AbstractFilter.java:63)
	at java.util.concurrent.ThreadPoolExecutor.runWorker(ThreadPoolExecutor.java:1149)
	at java.util.concurrent.ThreadPoolExecutor$Worker.run(ThreadPoolExecutor.java:624)
	at java.lang.Thread.run(Thread.java:748)
Caused by: org.codehaus.groovy.grails.web.taglib.exceptions.GrailsTagException: Expecting '=' after attribute name (bean="${tekEventInstance}" {--field="name"--}).
	at grails.util.CacheEntry.getValue(CacheEntry.java:144)
	at grails.util.CacheEntry.getValue(CacheEntry.java:84)
	... 5 more
2025-05-15 10:51:12,185 [http-bio-8080-exec-19] ERROR StackTrace  - Full Stack Trace:
org.codehaus.groovy.grails.web.taglib.exceptions.GrailsTagException: Expecting '=' after attribute name (bean="${tekEventInstance}" {--field="name"--}).
	at grails.util.CacheEntry.getValue(CacheEntry.java:144)
	at grails.util.CacheEntry.getValue(CacheEntry.java:84)
	at grails.plugin.cache.web.filter.PageFragmentCachingFilter.doFilter(PageFragmentCachingFilter.java:198)
	at grails.plugin.cache.web.filter.AbstractFilter.doFilter(AbstractFilter.java:63)
	at java.util.concurrent.ThreadPoolExecutor.runWorker(ThreadPoolExecutor.java:1149)
	at java.util.concurrent.ThreadPoolExecutor$Worker.run(ThreadPoolExecutor.java:624)
	at java.lang.Thread.run(Thread.java:748)
2025-05-15 10:51:12,185 [http-bio-8080-exec-19] ERROR StackTrace  - Full Stack Trace:
java.lang.RuntimeException: Error initializing GroovyPageView
	at grails.plugin.cache.web.filter.PageFragmentCachingFilter.doFilter(PageFragmentCachingFilter.java:198)
	at grails.plugin.cache.web.filter.AbstractFilter.doFilter(AbstractFilter.java:63)
	at java.util.concurrent.ThreadPoolExecutor.runWorker(ThreadPoolExecutor.java:1149)
	at java.util.concurrent.ThreadPoolExecutor$Worker.run(ThreadPoolExecutor.java:624)
	at java.lang.Thread.run(Thread.java:748)
Caused by: org.codehaus.groovy.grails.web.taglib.exceptions.GrailsTagException: Expecting '=' after attribute name (bean="${tekEventInstance}" {--field="name"--}).
	at grails.util.CacheEntry.getValue(CacheEntry.java:144)
	at grails.util.CacheEntry.getValue(CacheEntry.java:84)
	... 5 more
2025-05-15 10:51:13,186 [http-bio-8080-exec-24] ERROR StackTrace  - Full Stack Trace:
java.lang.RuntimeException: Error initializing GroovyPageView
	at org.codehaus.groovy.grails.web.servlet.view.GroovyPageViewResolver.createGroovyPageView(GroovyPageViewResolver.java:210)
	at org.codehaus.groovy.grails.web.servlet.view.GroovyPageViewResolver.createGrailsView(GroovyPageViewResolver.java:191)
	at org.codehaus.groovy.grails.web.servlet.view.GroovyPageViewResolver.loadView(GroovyPageViewResolver.java:96)
	at org.springframework.web.servlet.view.AbstractCachingViewResolver.createView(AbstractCachingViewResolver.java:244)
	at org.springframework.web.servlet.view.UrlBasedViewResolver.createView(UrlBasedViewResolver.java:446)
	at org.springframework.web.servlet.view.AbstractCachingViewResolver.resolveViewName(AbstractCachingViewResolver.java:146)
	at org.codehaus.groovy.grails.web.servlet.view.GroovyPageViewResolver.resolveViewName(GroovyPageViewResolver.java:85)
	at org.codehaus.groovy.grails.web.servlet.view.GrailsLayoutViewResolver.resolveViewName(GrailsLayoutViewResolver.java:50)
	at org.springframework.web.servlet.DispatcherServlet.resolveViewName(DispatcherServlet.java:1282)
	at org.springframework.web.servlet.DispatcherServlet.render(DispatcherServlet.java:1223)
	at org.codehaus.groovy.grails.web.servlet.GrailsDispatcherServlet.doDispatch(GrailsDispatcherServlet.java:388)
	at org.springframework.web.servlet.DispatcherServlet.doService(DispatcherServlet.java:893)
	at org.springframework.web.servlet.FrameworkServlet.processRequest(FrameworkServlet.java:965)
	at org.springframework.web.servlet.FrameworkServlet.doGet(FrameworkServlet.java:856)
	at javax.servlet.http.HttpServlet.service(HttpServlet.java:624)
	at org.springframework.web.servlet.FrameworkServlet.service(FrameworkServlet.java:841)
	at javax.servlet.http.HttpServlet.service(HttpServlet.java:731)
	at org.apache.catalina.core.ApplicationFilterChain.internalDoFilter(ApplicationFilterChain.java:303)
	at org.apache.catalina.core.ApplicationFilterChain.doFilter(ApplicationFilterChain.java:208)
	at org.apache.tomcat.websocket.server.WsFilter.doFilter(WsFilter.java:52)
	at org.apache.catalina.core.ApplicationFilterChain.internalDoFilter(ApplicationFilterChain.java:241)
	at org.apache.catalina.core.ApplicationFilterChain.doFilter(ApplicationFilterChain.java:208)
	at grails.plugin.cache.web.filter.PageFragmentCachingFilter.doFilter(PageFragmentCachingFilter.java:198)
	at grails.plugin.cache.web.filter.AbstractFilter.doFilter(AbstractFilter.java:63)
	at org.springframework.web.filter.DelegatingFilterProxy.invokeDelegate(DelegatingFilterProxy.java:344)
	at org.springframework.web.filter.DelegatingFilterProxy.doFilter(DelegatingFilterProxy.java:261)
	at org.apache.catalina.core.ApplicationFilterChain.internalDoFilter(ApplicationFilterChain.java:241)
	at org.apache.catalina.core.ApplicationFilterChain.doFilter(ApplicationFilterChain.java:208)
	at org.springframework.web.filter.OncePerRequestFilter.doFilter(OncePerRequestFilter.java:101)
	at org.apache.catalina.core.ApplicationFilterChain.internalDoFilter(ApplicationFilterChain.java:241)
	at org.apache.catalina.core.ApplicationFilterChain.doFilter(ApplicationFilterChain.java:208)
	at org.springframework.web.filter.OncePerRequestFilter.doFilter(OncePerRequestFilter.java:101)
	at org.apache.catalina.core.ApplicationFilterChain.internalDoFilter(ApplicationFilterChain.java:241)
	at org.apache.catalina.core.ApplicationFilterChain.doFilter(ApplicationFilterChain.java:208)
	at org.springframework.web.filter.OncePerRequestFilter.doFilter(OncePerRequestFilter.java:101)
	at org.apache.catalina.core.ApplicationFilterChain.internalDoFilter(ApplicationFilterChain.java:241)
	at org.apache.catalina.core.ApplicationFilterChain.doFilter(ApplicationFilterChain.java:208)
	at org.apache.catalina.core.ApplicationDispatcher.invoke(ApplicationDispatcher.java:747)
	at org.apache.catalina.core.ApplicationDispatcher.processRequest(ApplicationDispatcher.java:485)
	at org.apache.catalina.core.ApplicationDispatcher.doForward(ApplicationDispatcher.java:410)
	at org.apache.catalina.core.ApplicationDispatcher.forward(ApplicationDispatcher.java:337)
	at org.codehaus.groovy.grails.web.mapping.UrlMappingUtils.forwardRequestForUrlMappingInfo(UrlMappingUtils.java:178)
	at org.codehaus.groovy.grails.web.mapping.UrlMappingUtils.forwardRequestForUrlMappingInfo(UrlMappingUtils.java:144)
	at org.codehaus.groovy.grails.web.mapping.UrlMappingUtils.forwardRequestForUrlMappingInfo(UrlMappingUtils.java:135)
	at org.codehaus.groovy.grails.web.mapping.filter.UrlMappingsFilter.doFilterInternal(UrlMappingsFilter.java:216)
	at org.springframework.web.filter.OncePerRequestFilter.doFilter(OncePerRequestFilter.java:107)
	at org.apache.catalina.core.ApplicationFilterChain.internalDoFilter(ApplicationFilterChain.java:241)
	at org.apache.catalina.core.ApplicationFilterChain.doFilter(ApplicationFilterChain.java:208)
	at org.codehaus.groovy.grails.web.servlet.mvc.GrailsWebRequestFilter.doFilterInternal(GrailsWebRequestFilter.java:69)
	at org.springframework.web.filter.OncePerRequestFilter.doFilter(OncePerRequestFilter.java:107)
	at org.apache.catalina.core.ApplicationFilterChain.internalDoFilter(ApplicationFilterChain.java:241)
	at org.apache.catalina.core.ApplicationFilterChain.doFilter(ApplicationFilterChain.java:208)
	at org.codehaus.groovy.grails.web.filters.HiddenHttpMethodFilter.doFilterInternal(HiddenHttpMethodFilter.java:67)
	at org.springframework.web.filter.OncePerRequestFilter.doFilter(OncePerRequestFilter.java:107)
	at org.apache.catalina.core.ApplicationFilterChain.internalDoFilter(ApplicationFilterChain.java:241)
	at org.apache.catalina.core.ApplicationFilterChain.doFilter(ApplicationFilterChain.java:208)
	at org.springframework.web.filter.CharacterEncodingFilter.doFilterInternal(CharacterEncodingFilter.java:85)
	at org.springframework.web.filter.OncePerRequestFilter.doFilter(OncePerRequestFilter.java:107)
	at org.springframework.web.filter.DelegatingFilterProxy.invokeDelegate(DelegatingFilterProxy.java:344)
	at org.springframework.web.filter.DelegatingFilterProxy.doFilter(DelegatingFilterProxy.java:261)
	at org.apache.catalina.core.ApplicationFilterChain.internalDoFilter(ApplicationFilterChain.java:241)
	at org.apache.catalina.core.ApplicationFilterChain.doFilter(ApplicationFilterChain.java:208)
	at org.apache.catalina.core.StandardWrapperValve.invoke(StandardWrapperValve.java:218)
	at org.apache.catalina.core.StandardContextValve.invoke(StandardContextValve.java:122)
	at org.apache.catalina.core.StandardHostValve.invoke(StandardHostValve.java:169)
	at org.apache.catalina.valves.ErrorReportValve.invoke(ErrorReportValve.java:103)
	at org.apache.catalina.core.StandardEngineValve.invoke(StandardEngineValve.java:116)
	at org.apache.catalina.connector.CoyoteAdapter.service(CoyoteAdapter.java:442)
	at org.apache.coyote.http11.AbstractHttp11Processor.process(AbstractHttp11Processor.java:1082)
	at org.apache.coyote.AbstractProtocol$AbstractConnectionHandler.process(AbstractProtocol.java:623)
	at org.apache.tomcat.util.net.JIoEndpoint$SocketProcessor.run(JIoEndpoint.java:318)
	at java.util.concurrent.ThreadPoolExecutor.runWorker(ThreadPoolExecutor.java:1149)
	at java.util.concurrent.ThreadPoolExecutor$Worker.run(ThreadPoolExecutor.java:624)
	at org.apache.tomcat.util.threads.TaskThread$WrappingRunnable.run(TaskThread.java:61)
	at java.lang.Thread.run(Thread.java:748)
Caused by: org.codehaus.groovy.grails.web.taglib.exceptions.GrailsTagException: Expecting '=' after attribute name (bean="${tekEventInstance}" {--field="name"--}).
	at org.codehaus.groovy.grails.web.pages.GroovyPageParser.populateMapWithAttributes(GroovyPageParser.java:1197)
	at org.codehaus.groovy.grails.web.pages.GroovyPageParser.startTag(GroovyPageParser.java:1079)
	at org.codehaus.groovy.grails.web.pages.GroovyPageParser.page(GroovyPageParser.java:831)
	at org.codehaus.groovy.grails.web.pages.GroovyPageParser.generateGsp(GroovyPageParser.java:393)
	at org.codehaus.groovy.grails.web.pages.GroovyPageParser.parse(GroovyPageParser.java:349)
	at org.codehaus.groovy.grails.web.pages.GroovyPagesTemplateEngine.buildPageMetaInfo(GroovyPagesTemplateEngine.java:596)
	at org.codehaus.groovy.grails.web.pages.GroovyPagesTemplateEngine.buildPageMetaInfo(GroovyPagesTemplateEngine.java:493)
	at org.codehaus.groovy.grails.web.pages.GroovyPagesTemplateEngine$GroovyPagesTemplateEngineCacheEntry.updateValue(GroovyPagesTemplateEngine.java:159)
	at org.codehaus.groovy.grails.web.pages.GroovyPagesTemplateEngine$GroovyPagesTemplateEngineCacheEntry.updateValue(GroovyPagesTemplateEngine.java:138)
	at grails.util.CacheEntry.getValue(CacheEntry.java:144)
	at grails.util.CacheEntry.getValue(CacheEntry.java:84)
	at org.codehaus.groovy.grails.web.pages.GroovyPagesTemplateEngine.createTemplate(GroovyPagesTemplateEngine.java:316)
	at org.codehaus.groovy.grails.web.pages.GroovyPagesTemplateEngine.createTemplate(GroovyPagesTemplateEngine.java:306)
	at org.codehaus.groovy.grails.web.pages.GroovyPagesTemplateEngine.createTemplate(GroovyPagesTemplateEngine.java:408)
	at org.codehaus.groovy.grails.web.pages.GroovyPagesTemplateEngine.createTemplateForUri(GroovyPagesTemplateEngine.java:380)
	at org.codehaus.groovy.grails.web.pages.GroovyPagesTemplateEngine.createTemplateForUri(GroovyPagesTemplateEngine.java:373)
	at org.codehaus.groovy.grails.web.pages.GroovyPagesTemplateEngine.createTemplate(GroovyPagesTemplateEngine.java:344)
	at org.codehaus.groovy.grails.web.servlet.view.GroovyPageView.createGroovyPageException(GroovyPageView.java:108)
	at org.codehaus.groovy.grails.web.servlet.view.GroovyPageView.handleException(GroovyPageView.java:104)
	at org.codehaus.groovy.grails.web.servlet.view.GroovyPageView.afterPropertiesSet(GroovyPageView.java:161)
	at org.codehaus.groovy.grails.web.servlet.view.GroovyPageViewResolver.createGroovyPageView(GroovyPageViewResolver.java:208)
	... 74 more
2025-05-15 10:51:13,187 [http-bio-8080-exec-24] ERROR StackTrace  - Full Stack Trace:
org.codehaus.groovy.grails.web.taglib.exceptions.GrailsTagException: Expecting '=' after attribute name (bean="${tekEventInstance}" {--field="name"--}).
	at org.codehaus.groovy.grails.web.pages.GroovyPageParser.populateMapWithAttributes(GroovyPageParser.java:1197)
	at org.codehaus.groovy.grails.web.pages.GroovyPageParser.startTag(GroovyPageParser.java:1079)
	at org.codehaus.groovy.grails.web.pages.GroovyPageParser.page(GroovyPageParser.java:831)
	at org.codehaus.groovy.grails.web.pages.GroovyPageParser.generateGsp(GroovyPageParser.java:393)
	at org.codehaus.groovy.grails.web.pages.GroovyPageParser.parse(GroovyPageParser.java:349)
	at org.codehaus.groovy.grails.web.pages.GroovyPagesTemplateEngine.buildPageMetaInfo(GroovyPagesTemplateEngine.java:596)
	at org.codehaus.groovy.grails.web.pages.GroovyPagesTemplateEngine.buildPageMetaInfo(GroovyPagesTemplateEngine.java:493)
	at org.codehaus.groovy.grails.web.pages.GroovyPagesTemplateEngine$GroovyPagesTemplateEngineCacheEntry.updateValue(GroovyPagesTemplateEngine.java:159)
	at org.codehaus.groovy.grails.web.pages.GroovyPagesTemplateEngine$GroovyPagesTemplateEngineCacheEntry.updateValue(GroovyPagesTemplateEngine.java:138)
	at grails.util.CacheEntry.getValue(CacheEntry.java:144)
	at grails.util.CacheEntry.getValue(CacheEntry.java:84)
	at org.codehaus.groovy.grails.web.pages.GroovyPagesTemplateEngine.createTemplate(GroovyPagesTemplateEngine.java:316)
	at org.codehaus.groovy.grails.web.pages.GroovyPagesTemplateEngine.createTemplate(GroovyPagesTemplateEngine.java:306)
	at org.codehaus.groovy.grails.web.pages.GroovyPagesTemplateEngine.createTemplate(GroovyPagesTemplateEngine.java:408)
	at org.codehaus.groovy.grails.web.pages.GroovyPagesTemplateEngine.createTemplateForUri(GroovyPagesTemplateEngine.java:380)
	at org.codehaus.groovy.grails.web.pages.GroovyPagesTemplateEngine.createTemplateForUri(GroovyPagesTemplateEngine.java:373)
	at org.codehaus.groovy.grails.web.pages.GroovyPagesTemplateEngine.createTemplate(GroovyPagesTemplateEngine.java:344)
	at org.codehaus.groovy.grails.web.servlet.view.GroovyPageView.createGroovyPageException(GroovyPageView.java:108)
	at org.codehaus.groovy.grails.web.servlet.view.GroovyPageView.handleException(GroovyPageView.java:104)
	at org.codehaus.groovy.grails.web.servlet.view.GroovyPageView.afterPropertiesSet(GroovyPageView.java:161)
	at org.codehaus.groovy.grails.web.servlet.view.GroovyPageViewResolver.createGroovyPageView(GroovyPageViewResolver.java:208)
	at org.codehaus.groovy.grails.web.servlet.view.GroovyPageViewResolver.createGrailsView(GroovyPageViewResolver.java:191)
	at org.codehaus.groovy.grails.web.servlet.view.GroovyPageViewResolver.loadView(GroovyPageViewResolver.java:96)
	at org.springframework.web.servlet.view.AbstractCachingViewResolver.createView(AbstractCachingViewResolver.java:244)
	at org.springframework.web.servlet.view.UrlBasedViewResolver.createView(UrlBasedViewResolver.java:446)
	at org.springframework.web.servlet.view.AbstractCachingViewResolver.resolveViewName(AbstractCachingViewResolver.java:146)
	at org.codehaus.groovy.grails.web.servlet.view.GroovyPageViewResolver.resolveViewName(GroovyPageViewResolver.java:85)
	at org.codehaus.groovy.grails.web.servlet.view.GrailsLayoutViewResolver.resolveViewName(GrailsLayoutViewResolver.java:50)
	at org.springframework.web.servlet.DispatcherServlet.resolveViewName(DispatcherServlet.java:1282)
	at org.springframework.web.servlet.DispatcherServlet.render(DispatcherServlet.java:1223)
	at org.codehaus.groovy.grails.web.servlet.GrailsDispatcherServlet.doDispatch(GrailsDispatcherServlet.java:388)
	at org.springframework.web.servlet.DispatcherServlet.doService(DispatcherServlet.java:893)
	at org.springframework.web.servlet.FrameworkServlet.processRequest(FrameworkServlet.java:965)
	at org.springframework.web.servlet.FrameworkServlet.doGet(FrameworkServlet.java:856)
	at javax.servlet.http.HttpServlet.service(HttpServlet.java:624)
	at org.springframework.web.servlet.FrameworkServlet.service(FrameworkServlet.java:841)
	at javax.servlet.http.HttpServlet.service(HttpServlet.java:731)
	at org.apache.catalina.core.ApplicationFilterChain.internalDoFilter(ApplicationFilterChain.java:303)
	at org.apache.catalina.core.ApplicationFilterChain.doFilter(ApplicationFilterChain.java:208)
	at org.apache.tomcat.websocket.server.WsFilter.doFilter(WsFilter.java:52)
	at org.apache.catalina.core.ApplicationFilterChain.internalDoFilter(ApplicationFilterChain.java:241)
	at org.apache.catalina.core.ApplicationFilterChain.doFilter(ApplicationFilterChain.java:208)
	at grails.plugin.cache.web.filter.PageFragmentCachingFilter.doFilter(PageFragmentCachingFilter.java:198)
	at grails.plugin.cache.web.filter.AbstractFilter.doFilter(AbstractFilter.java:63)
	at org.springframework.web.filter.DelegatingFilterProxy.invokeDelegate(DelegatingFilterProxy.java:344)
	at org.springframework.web.filter.DelegatingFilterProxy.doFilter(DelegatingFilterProxy.java:261)
	at org.apache.catalina.core.ApplicationFilterChain.internalDoFilter(ApplicationFilterChain.java:241)
	at org.apache.catalina.core.ApplicationFilterChain.doFilter(ApplicationFilterChain.java:208)
	at org.springframework.web.filter.OncePerRequestFilter.doFilter(OncePerRequestFilter.java:101)
	at org.apache.catalina.core.ApplicationFilterChain.internalDoFilter(ApplicationFilterChain.java:241)
	at org.apache.catalina.core.ApplicationFilterChain.doFilter(ApplicationFilterChain.java:208)
	at org.springframework.web.filter.OncePerRequestFilter.doFilter(OncePerRequestFilter.java:101)
	at org.apache.catalina.core.ApplicationFilterChain.internalDoFilter(ApplicationFilterChain.java:241)
	at org.apache.catalina.core.ApplicationFilterChain.doFilter(ApplicationFilterChain.java:208)
	at org.springframework.web.filter.OncePerRequestFilter.doFilter(OncePerRequestFilter.java:101)
	at org.apache.catalina.core.ApplicationFilterChain.internalDoFilter(ApplicationFilterChain.java:241)
	at org.apache.catalina.core.ApplicationFilterChain.doFilter(ApplicationFilterChain.java:208)
	at org.apache.catalina.core.ApplicationDispatcher.invoke(ApplicationDispatcher.java:747)
	at org.apache.catalina.core.ApplicationDispatcher.processRequest(ApplicationDispatcher.java:485)
	at org.apache.catalina.core.ApplicationDispatcher.doForward(ApplicationDispatcher.java:410)
	at org.apache.catalina.core.ApplicationDispatcher.forward(ApplicationDispatcher.java:337)
	at org.codehaus.groovy.grails.web.mapping.UrlMappingUtils.forwardRequestForUrlMappingInfo(UrlMappingUtils.java:178)
	at org.codehaus.groovy.grails.web.mapping.UrlMappingUtils.forwardRequestForUrlMappingInfo(UrlMappingUtils.java:144)
	at org.codehaus.groovy.grails.web.mapping.UrlMappingUtils.forwardRequestForUrlMappingInfo(UrlMappingUtils.java:135)
	at org.codehaus.groovy.grails.web.mapping.filter.UrlMappingsFilter.doFilterInternal(UrlMappingsFilter.java:216)
	at org.springframework.web.filter.OncePerRequestFilter.doFilter(OncePerRequestFilter.java:107)
	at org.apache.catalina.core.ApplicationFilterChain.internalDoFilter(ApplicationFilterChain.java:241)
	at org.apache.catalina.core.ApplicationFilterChain.doFilter(ApplicationFilterChain.java:208)
	at org.codehaus.groovy.grails.web.servlet.mvc.GrailsWebRequestFilter.doFilterInternal(GrailsWebRequestFilter.java:69)
	at org.springframework.web.filter.OncePerRequestFilter.doFilter(OncePerRequestFilter.java:107)
	at org.apache.catalina.core.ApplicationFilterChain.internalDoFilter(ApplicationFilterChain.java:241)
	at org.apache.catalina.core.ApplicationFilterChain.doFilter(ApplicationFilterChain.java:208)
	at org.codehaus.groovy.grails.web.filters.HiddenHttpMethodFilter.doFilterInternal(HiddenHttpMethodFilter.java:67)
	at org.springframework.web.filter.OncePerRequestFilter.doFilter(OncePerRequestFilter.java:107)
	at org.apache.catalina.core.ApplicationFilterChain.internalDoFilter(ApplicationFilterChain.java:241)
	at org.apache.catalina.core.ApplicationFilterChain.doFilter(ApplicationFilterChain.java:208)
	at org.springframework.web.filter.CharacterEncodingFilter.doFilterInternal(CharacterEncodingFilter.java:85)
	at org.springframework.web.filter.OncePerRequestFilter.doFilter(OncePerRequestFilter.java:107)
	at org.springframework.web.filter.DelegatingFilterProxy.invokeDelegate(DelegatingFilterProxy.java:344)
	at org.springframework.web.filter.DelegatingFilterProxy.doFilter(DelegatingFilterProxy.java:261)
	at org.apache.catalina.core.ApplicationFilterChain.internalDoFilter(ApplicationFilterChain.java:241)
	at org.apache.catalina.core.ApplicationFilterChain.doFilter(ApplicationFilterChain.java:208)
	at org.apache.catalina.core.StandardWrapperValve.invoke(StandardWrapperValve.java:218)
	at org.apache.catalina.core.StandardContextValve.invoke(StandardContextValve.java:122)
	at org.apache.catalina.core.StandardHostValve.invoke(StandardHostValve.java:169)
	at org.apache.catalina.valves.ErrorReportValve.invoke(ErrorReportValve.java:103)
	at org.apache.catalina.core.StandardEngineValve.invoke(StandardEngineValve.java:116)
	at org.apache.catalina.connector.CoyoteAdapter.service(CoyoteAdapter.java:442)
	at org.apache.coyote.http11.AbstractHttp11Processor.process(AbstractHttp11Processor.java:1082)
	at org.apache.coyote.AbstractProtocol$AbstractConnectionHandler.process(AbstractProtocol.java:623)
	at org.apache.tomcat.util.net.JIoEndpoint$SocketProcessor.run(JIoEndpoint.java:318)
	at java.util.concurrent.ThreadPoolExecutor.runWorker(ThreadPoolExecutor.java:1149)
	at java.util.concurrent.ThreadPoolExecutor$Worker.run(ThreadPoolExecutor.java:624)
	at org.apache.tomcat.util.threads.TaskThread$WrappingRunnable.run(TaskThread.java:61)
	at java.lang.Thread.run(Thread.java:748)
2025-05-15 10:51:13,187 [http-bio-8080-exec-24] ERROR StackTrace  - Full Stack Trace:
java.lang.RuntimeException: Error initializing GroovyPageView
	at grails.plugin.cache.web.filter.PageFragmentCachingFilter.doFilter(PageFragmentCachingFilter.java:198)
	at grails.plugin.cache.web.filter.AbstractFilter.doFilter(AbstractFilter.java:63)
	at java.util.concurrent.ThreadPoolExecutor.runWorker(ThreadPoolExecutor.java:1149)
	at java.util.concurrent.ThreadPoolExecutor$Worker.run(ThreadPoolExecutor.java:624)
	at java.lang.Thread.run(Thread.java:748)
Caused by: org.codehaus.groovy.grails.web.taglib.exceptions.GrailsTagException: Expecting '=' after attribute name (bean="${tekEventInstance}" {--field="name"--}).
	at grails.util.CacheEntry.getValue(CacheEntry.java:144)
	at grails.util.CacheEntry.getValue(CacheEntry.java:84)
	... 5 more
2025-05-15 10:51:13,188 [http-bio-8080-exec-24] ERROR StackTrace  - Full Stack Trace:
java.lang.RuntimeException: Error initializing GroovyPageView
	at grails.plugin.cache.web.filter.PageFragmentCachingFilter.doFilter(PageFragmentCachingFilter.java:198)
	at grails.plugin.cache.web.filter.AbstractFilter.doFilter(AbstractFilter.java:63)
	at java.util.concurrent.ThreadPoolExecutor.runWorker(ThreadPoolExecutor.java:1149)
	at java.util.concurrent.ThreadPoolExecutor$Worker.run(ThreadPoolExecutor.java:624)
	at java.lang.Thread.run(Thread.java:748)
Caused by: org.codehaus.groovy.grails.web.taglib.exceptions.GrailsTagException: Expecting '=' after attribute name (bean="${tekEventInstance}" {--field="name"--}).
	at grails.util.CacheEntry.getValue(CacheEntry.java:144)
	at grails.util.CacheEntry.getValue(CacheEntry.java:84)
	... 5 more
2025-05-15 10:51:13,188 [http-bio-8080-exec-24] ERROR StackTrace  - Full Stack Trace:
org.codehaus.groovy.grails.web.taglib.exceptions.GrailsTagException: Expecting '=' after attribute name (bean="${tekEventInstance}" {--field="name"--}).
	at grails.util.CacheEntry.getValue(CacheEntry.java:144)
	at grails.util.CacheEntry.getValue(CacheEntry.java:84)
	at grails.plugin.cache.web.filter.PageFragmentCachingFilter.doFilter(PageFragmentCachingFilter.java:198)
	at grails.plugin.cache.web.filter.AbstractFilter.doFilter(AbstractFilter.java:63)
	at java.util.concurrent.ThreadPoolExecutor.runWorker(ThreadPoolExecutor.java:1149)
	at java.util.concurrent.ThreadPoolExecutor$Worker.run(ThreadPoolExecutor.java:624)
	at java.lang.Thread.run(Thread.java:748)
2025-05-15 10:51:13,188 [http-bio-8080-exec-24] ERROR StackTrace  - Full Stack Trace:
java.lang.RuntimeException: Error initializing GroovyPageView
	at grails.plugin.cache.web.filter.PageFragmentCachingFilter.doFilter(PageFragmentCachingFilter.java:198)
	at grails.plugin.cache.web.filter.AbstractFilter.doFilter(AbstractFilter.java:63)
	at java.util.concurrent.ThreadPoolExecutor.runWorker(ThreadPoolExecutor.java:1149)
	at java.util.concurrent.ThreadPoolExecutor$Worker.run(ThreadPoolExecutor.java:624)
	at java.lang.Thread.run(Thread.java:748)
Caused by: org.codehaus.groovy.grails.web.taglib.exceptions.GrailsTagException: Expecting '=' after attribute name (bean="${tekEventInstance}" {--field="name"--}).
	at grails.util.CacheEntry.getValue(CacheEntry.java:144)
	at grails.util.CacheEntry.getValue(CacheEntry.java:84)
	... 5 more
2025-05-15 10:51:13,188 [http-bio-8080-exec-24] ERROR StackTrace  - Full Stack Trace:
java.lang.RuntimeException: Error initializing GroovyPageView
	at grails.plugin.cache.web.filter.PageFragmentCachingFilter.doFilter(PageFragmentCachingFilter.java:198)
	at grails.plugin.cache.web.filter.AbstractFilter.doFilter(AbstractFilter.java:63)
	at java.util.concurrent.ThreadPoolExecutor.runWorker(ThreadPoolExecutor.java:1149)
	at java.util.concurrent.ThreadPoolExecutor$Worker.run(ThreadPoolExecutor.java:624)
	at java.lang.Thread.run(Thread.java:748)
Caused by: org.codehaus.groovy.grails.web.taglib.exceptions.GrailsTagException: Expecting '=' after attribute name (bean="${tekEventInstance}" {--field="name"--}).
	at grails.util.CacheEntry.getValue(CacheEntry.java:144)
	at grails.util.CacheEntry.getValue(CacheEntry.java:84)
	... 5 more
2025-05-15 10:51:13,188 [http-bio-8080-exec-24] ERROR StackTrace  - Full Stack Trace:
org.codehaus.groovy.grails.web.taglib.exceptions.GrailsTagException: Expecting '=' after attribute name (bean="${tekEventInstance}" {--field="name"--}).
	at grails.util.CacheEntry.getValue(CacheEntry.java:144)
	at grails.util.CacheEntry.getValue(CacheEntry.java:84)
	at grails.plugin.cache.web.filter.PageFragmentCachingFilter.doFilter(PageFragmentCachingFilter.java:198)
	at grails.plugin.cache.web.filter.AbstractFilter.doFilter(AbstractFilter.java:63)
	at java.util.concurrent.ThreadPoolExecutor.runWorker(ThreadPoolExecutor.java:1149)
	at java.util.concurrent.ThreadPoolExecutor$Worker.run(ThreadPoolExecutor.java:624)
	at java.lang.Thread.run(Thread.java:748)
2025-05-15 10:51:13,188 [http-bio-8080-exec-24] ERROR StackTrace  - Full Stack Trace:
java.lang.RuntimeException: Error initializing GroovyPageView
	at grails.plugin.cache.web.filter.PageFragmentCachingFilter.doFilter(PageFragmentCachingFilter.java:198)
	at grails.plugin.cache.web.filter.AbstractFilter.doFilter(AbstractFilter.java:63)
	at java.util.concurrent.ThreadPoolExecutor.runWorker(ThreadPoolExecutor.java:1149)
	at java.util.concurrent.ThreadPoolExecutor$Worker.run(ThreadPoolExecutor.java:624)
	at java.lang.Thread.run(Thread.java:748)
Caused by: org.codehaus.groovy.grails.web.taglib.exceptions.GrailsTagException: Expecting '=' after attribute name (bean="${tekEventInstance}" {--field="name"--}).
	at grails.util.CacheEntry.getValue(CacheEntry.java:144)
	at grails.util.CacheEntry.getValue(CacheEntry.java:84)
	... 5 more
2025-05-15 10:51:47,622 [http-bio-8080-exec-12] ERROR StackTrace  - Full Stack Trace:
java.lang.RuntimeException: Error initializing GroovyPageView
	at org.codehaus.groovy.grails.web.servlet.view.GroovyPageViewResolver.createGroovyPageView(GroovyPageViewResolver.java:210)
	at org.codehaus.groovy.grails.web.servlet.view.GroovyPageViewResolver.createGrailsView(GroovyPageViewResolver.java:191)
	at org.codehaus.groovy.grails.web.servlet.view.GroovyPageViewResolver.loadView(GroovyPageViewResolver.java:96)
	at org.springframework.web.servlet.view.AbstractCachingViewResolver.createView(AbstractCachingViewResolver.java:244)
	at org.springframework.web.servlet.view.UrlBasedViewResolver.createView(UrlBasedViewResolver.java:446)
	at org.springframework.web.servlet.view.AbstractCachingViewResolver.resolveViewName(AbstractCachingViewResolver.java:146)
	at org.codehaus.groovy.grails.web.servlet.view.GroovyPageViewResolver.resolveViewName(GroovyPageViewResolver.java:85)
	at org.codehaus.groovy.grails.web.servlet.view.GrailsLayoutViewResolver.resolveViewName(GrailsLayoutViewResolver.java:50)
	at org.springframework.web.servlet.DispatcherServlet.resolveViewName(DispatcherServlet.java:1282)
	at org.springframework.web.servlet.DispatcherServlet.render(DispatcherServlet.java:1223)
	at org.codehaus.groovy.grails.web.servlet.GrailsDispatcherServlet.doDispatch(GrailsDispatcherServlet.java:388)
	at org.springframework.web.servlet.DispatcherServlet.doService(DispatcherServlet.java:893)
	at org.springframework.web.servlet.FrameworkServlet.processRequest(FrameworkServlet.java:965)
	at org.springframework.web.servlet.FrameworkServlet.doGet(FrameworkServlet.java:856)
	at javax.servlet.http.HttpServlet.service(HttpServlet.java:624)
	at org.springframework.web.servlet.FrameworkServlet.service(FrameworkServlet.java:841)
	at javax.servlet.http.HttpServlet.service(HttpServlet.java:731)
	at org.apache.catalina.core.ApplicationFilterChain.internalDoFilter(ApplicationFilterChain.java:303)
	at org.apache.catalina.core.ApplicationFilterChain.doFilter(ApplicationFilterChain.java:208)
	at org.apache.tomcat.websocket.server.WsFilter.doFilter(WsFilter.java:52)
	at org.apache.catalina.core.ApplicationFilterChain.internalDoFilter(ApplicationFilterChain.java:241)
	at org.apache.catalina.core.ApplicationFilterChain.doFilter(ApplicationFilterChain.java:208)
	at grails.plugin.cache.web.filter.PageFragmentCachingFilter.doFilter(PageFragmentCachingFilter.java:198)
	at grails.plugin.cache.web.filter.AbstractFilter.doFilter(AbstractFilter.java:63)
	at org.springframework.web.filter.DelegatingFilterProxy.invokeDelegate(DelegatingFilterProxy.java:344)
	at org.springframework.web.filter.DelegatingFilterProxy.doFilter(DelegatingFilterProxy.java:261)
	at org.apache.catalina.core.ApplicationFilterChain.internalDoFilter(ApplicationFilterChain.java:241)
	at org.apache.catalina.core.ApplicationFilterChain.doFilter(ApplicationFilterChain.java:208)
	at org.springframework.web.filter.OncePerRequestFilter.doFilter(OncePerRequestFilter.java:101)
	at org.apache.catalina.core.ApplicationFilterChain.internalDoFilter(ApplicationFilterChain.java:241)
	at org.apache.catalina.core.ApplicationFilterChain.doFilter(ApplicationFilterChain.java:208)
	at org.springframework.web.filter.OncePerRequestFilter.doFilter(OncePerRequestFilter.java:101)
	at org.apache.catalina.core.ApplicationFilterChain.internalDoFilter(ApplicationFilterChain.java:241)
	at org.apache.catalina.core.ApplicationFilterChain.doFilter(ApplicationFilterChain.java:208)
	at org.springframework.web.filter.OncePerRequestFilter.doFilter(OncePerRequestFilter.java:101)
	at org.apache.catalina.core.ApplicationFilterChain.internalDoFilter(ApplicationFilterChain.java:241)
	at org.apache.catalina.core.ApplicationFilterChain.doFilter(ApplicationFilterChain.java:208)
	at org.apache.catalina.core.ApplicationDispatcher.invoke(ApplicationDispatcher.java:747)
	at org.apache.catalina.core.ApplicationDispatcher.processRequest(ApplicationDispatcher.java:485)
	at org.apache.catalina.core.ApplicationDispatcher.doForward(ApplicationDispatcher.java:410)
	at org.apache.catalina.core.ApplicationDispatcher.forward(ApplicationDispatcher.java:337)
	at org.codehaus.groovy.grails.web.mapping.UrlMappingUtils.forwardRequestForUrlMappingInfo(UrlMappingUtils.java:178)
	at org.codehaus.groovy.grails.web.mapping.UrlMappingUtils.forwardRequestForUrlMappingInfo(UrlMappingUtils.java:144)
	at org.codehaus.groovy.grails.web.mapping.UrlMappingUtils.forwardRequestForUrlMappingInfo(UrlMappingUtils.java:135)
	at org.codehaus.groovy.grails.web.mapping.filter.UrlMappingsFilter.doFilterInternal(UrlMappingsFilter.java:216)
	at org.springframework.web.filter.OncePerRequestFilter.doFilter(OncePerRequestFilter.java:107)
	at org.apache.catalina.core.ApplicationFilterChain.internalDoFilter(ApplicationFilterChain.java:241)
	at org.apache.catalina.core.ApplicationFilterChain.doFilter(ApplicationFilterChain.java:208)
	at org.codehaus.groovy.grails.web.servlet.mvc.GrailsWebRequestFilter.doFilterInternal(GrailsWebRequestFilter.java:69)
	at org.springframework.web.filter.OncePerRequestFilter.doFilter(OncePerRequestFilter.java:107)
	at org.apache.catalina.core.ApplicationFilterChain.internalDoFilter(ApplicationFilterChain.java:241)
	at org.apache.catalina.core.ApplicationFilterChain.doFilter(ApplicationFilterChain.java:208)
	at org.codehaus.groovy.grails.web.filters.HiddenHttpMethodFilter.doFilterInternal(HiddenHttpMethodFilter.java:67)
	at org.springframework.web.filter.OncePerRequestFilter.doFilter(OncePerRequestFilter.java:107)
	at org.apache.catalina.core.ApplicationFilterChain.internalDoFilter(ApplicationFilterChain.java:241)
	at org.apache.catalina.core.ApplicationFilterChain.doFilter(ApplicationFilterChain.java:208)
	at org.springframework.web.filter.CharacterEncodingFilter.doFilterInternal(CharacterEncodingFilter.java:85)
	at org.springframework.web.filter.OncePerRequestFilter.doFilter(OncePerRequestFilter.java:107)
	at org.springframework.web.filter.DelegatingFilterProxy.invokeDelegate(DelegatingFilterProxy.java:344)
	at org.springframework.web.filter.DelegatingFilterProxy.doFilter(DelegatingFilterProxy.java:261)
	at org.apache.catalina.core.ApplicationFilterChain.internalDoFilter(ApplicationFilterChain.java:241)
	at org.apache.catalina.core.ApplicationFilterChain.doFilter(ApplicationFilterChain.java:208)
	at org.apache.catalina.core.StandardWrapperValve.invoke(StandardWrapperValve.java:218)
	at org.apache.catalina.core.StandardContextValve.invoke(StandardContextValve.java:122)
	at org.apache.catalina.core.StandardHostValve.invoke(StandardHostValve.java:169)
	at org.apache.catalina.valves.ErrorReportValve.invoke(ErrorReportValve.java:103)
	at org.apache.catalina.core.StandardEngineValve.invoke(StandardEngineValve.java:116)
	at org.apache.catalina.connector.CoyoteAdapter.service(CoyoteAdapter.java:442)
	at org.apache.coyote.http11.AbstractHttp11Processor.process(AbstractHttp11Processor.java:1082)
	at org.apache.coyote.AbstractProtocol$AbstractConnectionHandler.process(AbstractProtocol.java:623)
	at org.apache.tomcat.util.net.JIoEndpoint$SocketProcessor.run(JIoEndpoint.java:318)
	at java.util.concurrent.ThreadPoolExecutor.runWorker(ThreadPoolExecutor.java:1149)
	at java.util.concurrent.ThreadPoolExecutor$Worker.run(ThreadPoolExecutor.java:624)
	at org.apache.tomcat.util.threads.TaskThread$WrappingRunnable.run(TaskThread.java:61)
	at java.lang.Thread.run(Thread.java:748)
Caused by: org.codehaus.groovy.grails.web.taglib.exceptions.GrailsTagException: Expecting '=' after attribute name (bean="${tekEventInstance}" field="name"}).
	at org.codehaus.groovy.grails.web.pages.GroovyPageParser.populateMapWithAttributes(GroovyPageParser.java:1197)
	at org.codehaus.groovy.grails.web.pages.GroovyPageParser.startTag(GroovyPageParser.java:1079)
	at org.codehaus.groovy.grails.web.pages.GroovyPageParser.page(GroovyPageParser.java:831)
	at org.codehaus.groovy.grails.web.pages.GroovyPageParser.generateGsp(GroovyPageParser.java:393)
	at org.codehaus.groovy.grails.web.pages.GroovyPageParser.parse(GroovyPageParser.java:349)
	at org.codehaus.groovy.grails.web.pages.GroovyPagesTemplateEngine.buildPageMetaInfo(GroovyPagesTemplateEngine.java:596)
	at org.codehaus.groovy.grails.web.pages.GroovyPagesTemplateEngine.buildPageMetaInfo(GroovyPagesTemplateEngine.java:493)
	at org.codehaus.groovy.grails.web.pages.GroovyPagesTemplateEngine$GroovyPagesTemplateEngineCacheEntry.updateValue(GroovyPagesTemplateEngine.java:159)
	at org.codehaus.groovy.grails.web.pages.GroovyPagesTemplateEngine$GroovyPagesTemplateEngineCacheEntry.updateValue(GroovyPagesTemplateEngine.java:138)
	at grails.util.CacheEntry.getValue(CacheEntry.java:144)
	at grails.util.CacheEntry.getValue(CacheEntry.java:84)
	at org.codehaus.groovy.grails.web.pages.GroovyPagesTemplateEngine.createTemplate(GroovyPagesTemplateEngine.java:316)
	at org.codehaus.groovy.grails.web.pages.GroovyPagesTemplateEngine.createTemplate(GroovyPagesTemplateEngine.java:306)
	at org.codehaus.groovy.grails.web.pages.GroovyPagesTemplateEngine.createTemplate(GroovyPagesTemplateEngine.java:408)
	at org.codehaus.groovy.grails.web.pages.GroovyPagesTemplateEngine.createTemplateForUri(GroovyPagesTemplateEngine.java:380)
	at org.codehaus.groovy.grails.web.pages.GroovyPagesTemplateEngine.createTemplateForUri(GroovyPagesTemplateEngine.java:373)
	at org.codehaus.groovy.grails.web.pages.GroovyPagesTemplateEngine.createTemplate(GroovyPagesTemplateEngine.java:344)
	at org.codehaus.groovy.grails.web.servlet.view.GroovyPageView.createGroovyPageException(GroovyPageView.java:108)
	at org.codehaus.groovy.grails.web.servlet.view.GroovyPageView.handleException(GroovyPageView.java:104)
	at org.codehaus.groovy.grails.web.servlet.view.GroovyPageView.afterPropertiesSet(GroovyPageView.java:161)
	at org.codehaus.groovy.grails.web.servlet.view.GroovyPageViewResolver.createGroovyPageView(GroovyPageViewResolver.java:208)
	... 74 more
2025-05-15 10:51:47,623 [http-bio-8080-exec-12] ERROR StackTrace  - Full Stack Trace:
org.codehaus.groovy.grails.web.taglib.exceptions.GrailsTagException: Expecting '=' after attribute name (bean="${tekEventInstance}" field="name"}).
	at org.codehaus.groovy.grails.web.pages.GroovyPageParser.populateMapWithAttributes(GroovyPageParser.java:1197)
	at org.codehaus.groovy.grails.web.pages.GroovyPageParser.startTag(GroovyPageParser.java:1079)
	at org.codehaus.groovy.grails.web.pages.GroovyPageParser.page(GroovyPageParser.java:831)
	at org.codehaus.groovy.grails.web.pages.GroovyPageParser.generateGsp(GroovyPageParser.java:393)
	at org.codehaus.groovy.grails.web.pages.GroovyPageParser.parse(GroovyPageParser.java:349)
	at org.codehaus.groovy.grails.web.pages.GroovyPagesTemplateEngine.buildPageMetaInfo(GroovyPagesTemplateEngine.java:596)
	at org.codehaus.groovy.grails.web.pages.GroovyPagesTemplateEngine.buildPageMetaInfo(GroovyPagesTemplateEngine.java:493)
	at org.codehaus.groovy.grails.web.pages.GroovyPagesTemplateEngine$GroovyPagesTemplateEngineCacheEntry.updateValue(GroovyPagesTemplateEngine.java:159)
	at org.codehaus.groovy.grails.web.pages.GroovyPagesTemplateEngine$GroovyPagesTemplateEngineCacheEntry.updateValue(GroovyPagesTemplateEngine.java:138)
	at grails.util.CacheEntry.getValue(CacheEntry.java:144)
	at grails.util.CacheEntry.getValue(CacheEntry.java:84)
	at org.codehaus.groovy.grails.web.pages.GroovyPagesTemplateEngine.createTemplate(GroovyPagesTemplateEngine.java:316)
	at org.codehaus.groovy.grails.web.pages.GroovyPagesTemplateEngine.createTemplate(GroovyPagesTemplateEngine.java:306)
	at org.codehaus.groovy.grails.web.pages.GroovyPagesTemplateEngine.createTemplate(GroovyPagesTemplateEngine.java:408)
	at org.codehaus.groovy.grails.web.pages.GroovyPagesTemplateEngine.createTemplateForUri(GroovyPagesTemplateEngine.java:380)
	at org.codehaus.groovy.grails.web.pages.GroovyPagesTemplateEngine.createTemplateForUri(GroovyPagesTemplateEngine.java:373)
	at org.codehaus.groovy.grails.web.pages.GroovyPagesTemplateEngine.createTemplate(GroovyPagesTemplateEngine.java:344)
	at org.codehaus.groovy.grails.web.servlet.view.GroovyPageView.createGroovyPageException(GroovyPageView.java:108)
	at org.codehaus.groovy.grails.web.servlet.view.GroovyPageView.handleException(GroovyPageView.java:104)
	at org.codehaus.groovy.grails.web.servlet.view.GroovyPageView.afterPropertiesSet(GroovyPageView.java:161)
	at org.codehaus.groovy.grails.web.servlet.view.GroovyPageViewResolver.createGroovyPageView(GroovyPageViewResolver.java:208)
	at org.codehaus.groovy.grails.web.servlet.view.GroovyPageViewResolver.createGrailsView(GroovyPageViewResolver.java:191)
	at org.codehaus.groovy.grails.web.servlet.view.GroovyPageViewResolver.loadView(GroovyPageViewResolver.java:96)
	at org.springframework.web.servlet.view.AbstractCachingViewResolver.createView(AbstractCachingViewResolver.java:244)
	at org.springframework.web.servlet.view.UrlBasedViewResolver.createView(UrlBasedViewResolver.java:446)
	at org.springframework.web.servlet.view.AbstractCachingViewResolver.resolveViewName(AbstractCachingViewResolver.java:146)
	at org.codehaus.groovy.grails.web.servlet.view.GroovyPageViewResolver.resolveViewName(GroovyPageViewResolver.java:85)
	at org.codehaus.groovy.grails.web.servlet.view.GrailsLayoutViewResolver.resolveViewName(GrailsLayoutViewResolver.java:50)
	at org.springframework.web.servlet.DispatcherServlet.resolveViewName(DispatcherServlet.java:1282)
	at org.springframework.web.servlet.DispatcherServlet.render(DispatcherServlet.java:1223)
	at org.codehaus.groovy.grails.web.servlet.GrailsDispatcherServlet.doDispatch(GrailsDispatcherServlet.java:388)
	at org.springframework.web.servlet.DispatcherServlet.doService(DispatcherServlet.java:893)
	at org.springframework.web.servlet.FrameworkServlet.processRequest(FrameworkServlet.java:965)
	at org.springframework.web.servlet.FrameworkServlet.doGet(FrameworkServlet.java:856)
	at javax.servlet.http.HttpServlet.service(HttpServlet.java:624)
	at org.springframework.web.servlet.FrameworkServlet.service(FrameworkServlet.java:841)
	at javax.servlet.http.HttpServlet.service(HttpServlet.java:731)
	at org.apache.catalina.core.ApplicationFilterChain.internalDoFilter(ApplicationFilterChain.java:303)
	at org.apache.catalina.core.ApplicationFilterChain.doFilter(ApplicationFilterChain.java:208)
	at org.apache.tomcat.websocket.server.WsFilter.doFilter(WsFilter.java:52)
	at org.apache.catalina.core.ApplicationFilterChain.internalDoFilter(ApplicationFilterChain.java:241)
	at org.apache.catalina.core.ApplicationFilterChain.doFilter(ApplicationFilterChain.java:208)
	at grails.plugin.cache.web.filter.PageFragmentCachingFilter.doFilter(PageFragmentCachingFilter.java:198)
	at grails.plugin.cache.web.filter.AbstractFilter.doFilter(AbstractFilter.java:63)
	at org.springframework.web.filter.DelegatingFilterProxy.invokeDelegate(DelegatingFilterProxy.java:344)
	at org.springframework.web.filter.DelegatingFilterProxy.doFilter(DelegatingFilterProxy.java:261)
	at org.apache.catalina.core.ApplicationFilterChain.internalDoFilter(ApplicationFilterChain.java:241)
	at org.apache.catalina.core.ApplicationFilterChain.doFilter(ApplicationFilterChain.java:208)
	at org.springframework.web.filter.OncePerRequestFilter.doFilter(OncePerRequestFilter.java:101)
	at org.apache.catalina.core.ApplicationFilterChain.internalDoFilter(ApplicationFilterChain.java:241)
	at org.apache.catalina.core.ApplicationFilterChain.doFilter(ApplicationFilterChain.java:208)
	at org.springframework.web.filter.OncePerRequestFilter.doFilter(OncePerRequestFilter.java:101)
	at org.apache.catalina.core.ApplicationFilterChain.internalDoFilter(ApplicationFilterChain.java:241)
	at org.apache.catalina.core.ApplicationFilterChain.doFilter(ApplicationFilterChain.java:208)
	at org.springframework.web.filter.OncePerRequestFilter.doFilter(OncePerRequestFilter.java:101)
	at org.apache.catalina.core.ApplicationFilterChain.internalDoFilter(ApplicationFilterChain.java:241)
	at org.apache.catalina.core.ApplicationFilterChain.doFilter(ApplicationFilterChain.java:208)
	at org.apache.catalina.core.ApplicationDispatcher.invoke(ApplicationDispatcher.java:747)
	at org.apache.catalina.core.ApplicationDispatcher.processRequest(ApplicationDispatcher.java:485)
	at org.apache.catalina.core.ApplicationDispatcher.doForward(ApplicationDispatcher.java:410)
	at org.apache.catalina.core.ApplicationDispatcher.forward(ApplicationDispatcher.java:337)
	at org.codehaus.groovy.grails.web.mapping.UrlMappingUtils.forwardRequestForUrlMappingInfo(UrlMappingUtils.java:178)
	at org.codehaus.groovy.grails.web.mapping.UrlMappingUtils.forwardRequestForUrlMappingInfo(UrlMappingUtils.java:144)
	at org.codehaus.groovy.grails.web.mapping.UrlMappingUtils.forwardRequestForUrlMappingInfo(UrlMappingUtils.java:135)
	at org.codehaus.groovy.grails.web.mapping.filter.UrlMappingsFilter.doFilterInternal(UrlMappingsFilter.java:216)
	at org.springframework.web.filter.OncePerRequestFilter.doFilter(OncePerRequestFilter.java:107)
	at org.apache.catalina.core.ApplicationFilterChain.internalDoFilter(ApplicationFilterChain.java:241)
	at org.apache.catalina.core.ApplicationFilterChain.doFilter(ApplicationFilterChain.java:208)
	at org.codehaus.groovy.grails.web.servlet.mvc.GrailsWebRequestFilter.doFilterInternal(GrailsWebRequestFilter.java:69)
	at org.springframework.web.filter.OncePerRequestFilter.doFilter(OncePerRequestFilter.java:107)
	at org.apache.catalina.core.ApplicationFilterChain.internalDoFilter(ApplicationFilterChain.java:241)
	at org.apache.catalina.core.ApplicationFilterChain.doFilter(ApplicationFilterChain.java:208)
	at org.codehaus.groovy.grails.web.filters.HiddenHttpMethodFilter.doFilterInternal(HiddenHttpMethodFilter.java:67)
	at org.springframework.web.filter.OncePerRequestFilter.doFilter(OncePerRequestFilter.java:107)
	at org.apache.catalina.core.ApplicationFilterChain.internalDoFilter(ApplicationFilterChain.java:241)
	at org.apache.catalina.core.ApplicationFilterChain.doFilter(ApplicationFilterChain.java:208)
	at org.springframework.web.filter.CharacterEncodingFilter.doFilterInternal(CharacterEncodingFilter.java:85)
	at org.springframework.web.filter.OncePerRequestFilter.doFilter(OncePerRequestFilter.java:107)
	at org.springframework.web.filter.DelegatingFilterProxy.invokeDelegate(DelegatingFilterProxy.java:344)
	at org.springframework.web.filter.DelegatingFilterProxy.doFilter(DelegatingFilterProxy.java:261)
	at org.apache.catalina.core.ApplicationFilterChain.internalDoFilter(ApplicationFilterChain.java:241)
	at org.apache.catalina.core.ApplicationFilterChain.doFilter(ApplicationFilterChain.java:208)
	at org.apache.catalina.core.StandardWrapperValve.invoke(StandardWrapperValve.java:218)
	at org.apache.catalina.core.StandardContextValve.invoke(StandardContextValve.java:122)
	at org.apache.catalina.core.StandardHostValve.invoke(StandardHostValve.java:169)
	at org.apache.catalina.valves.ErrorReportValve.invoke(ErrorReportValve.java:103)
	at org.apache.catalina.core.StandardEngineValve.invoke(StandardEngineValve.java:116)
	at org.apache.catalina.connector.CoyoteAdapter.service(CoyoteAdapter.java:442)
	at org.apache.coyote.http11.AbstractHttp11Processor.process(AbstractHttp11Processor.java:1082)
	at org.apache.coyote.AbstractProtocol$AbstractConnectionHandler.process(AbstractProtocol.java:623)
	at org.apache.tomcat.util.net.JIoEndpoint$SocketProcessor.run(JIoEndpoint.java:318)
	at java.util.concurrent.ThreadPoolExecutor.runWorker(ThreadPoolExecutor.java:1149)
	at java.util.concurrent.ThreadPoolExecutor$Worker.run(ThreadPoolExecutor.java:624)
	at org.apache.tomcat.util.threads.TaskThread$WrappingRunnable.run(TaskThread.java:61)
	at java.lang.Thread.run(Thread.java:748)
2025-05-15 10:51:47,623 [http-bio-8080-exec-12] ERROR StackTrace  - Full Stack Trace:
java.lang.RuntimeException: Error initializing GroovyPageView
	at grails.plugin.cache.web.filter.PageFragmentCachingFilter.doFilter(PageFragmentCachingFilter.java:198)
	at grails.plugin.cache.web.filter.AbstractFilter.doFilter(AbstractFilter.java:63)
	at java.util.concurrent.ThreadPoolExecutor.runWorker(ThreadPoolExecutor.java:1149)
	at java.util.concurrent.ThreadPoolExecutor$Worker.run(ThreadPoolExecutor.java:624)
	at java.lang.Thread.run(Thread.java:748)
Caused by: org.codehaus.groovy.grails.web.taglib.exceptions.GrailsTagException: Expecting '=' after attribute name (bean="${tekEventInstance}" field="name"}).
	at grails.util.CacheEntry.getValue(CacheEntry.java:144)
	at grails.util.CacheEntry.getValue(CacheEntry.java:84)
	... 5 more
2025-05-15 10:51:47,624 [http-bio-8080-exec-12] ERROR StackTrace  - Full Stack Trace:
java.lang.RuntimeException: Error initializing GroovyPageView
	at grails.plugin.cache.web.filter.PageFragmentCachingFilter.doFilter(PageFragmentCachingFilter.java:198)
	at grails.plugin.cache.web.filter.AbstractFilter.doFilter(AbstractFilter.java:63)
	at java.util.concurrent.ThreadPoolExecutor.runWorker(ThreadPoolExecutor.java:1149)
	at java.util.concurrent.ThreadPoolExecutor$Worker.run(ThreadPoolExecutor.java:624)
	at java.lang.Thread.run(Thread.java:748)
Caused by: org.codehaus.groovy.grails.web.taglib.exceptions.GrailsTagException: Expecting '=' after attribute name (bean="${tekEventInstance}" field="name"}).
	at grails.util.CacheEntry.getValue(CacheEntry.java:144)
	at grails.util.CacheEntry.getValue(CacheEntry.java:84)
	... 5 more
2025-05-15 10:51:47,624 [http-bio-8080-exec-12] ERROR StackTrace  - Full Stack Trace:
org.codehaus.groovy.grails.web.taglib.exceptions.GrailsTagException: Expecting '=' after attribute name (bean="${tekEventInstance}" field="name"}).
	at grails.util.CacheEntry.getValue(CacheEntry.java:144)
	at grails.util.CacheEntry.getValue(CacheEntry.java:84)
	at grails.plugin.cache.web.filter.PageFragmentCachingFilter.doFilter(PageFragmentCachingFilter.java:198)
	at grails.plugin.cache.web.filter.AbstractFilter.doFilter(AbstractFilter.java:63)
	at java.util.concurrent.ThreadPoolExecutor.runWorker(ThreadPoolExecutor.java:1149)
	at java.util.concurrent.ThreadPoolExecutor$Worker.run(ThreadPoolExecutor.java:624)
	at java.lang.Thread.run(Thread.java:748)
2025-05-15 10:51:47,624 [http-bio-8080-exec-12] ERROR StackTrace  - Full Stack Trace:
java.lang.RuntimeException: Error initializing GroovyPageView
	at grails.plugin.cache.web.filter.PageFragmentCachingFilter.doFilter(PageFragmentCachingFilter.java:198)
	at grails.plugin.cache.web.filter.AbstractFilter.doFilter(AbstractFilter.java:63)
	at java.util.concurrent.ThreadPoolExecutor.runWorker(ThreadPoolExecutor.java:1149)
	at java.util.concurrent.ThreadPoolExecutor$Worker.run(ThreadPoolExecutor.java:624)
	at java.lang.Thread.run(Thread.java:748)
Caused by: org.codehaus.groovy.grails.web.taglib.exceptions.GrailsTagException: Expecting '=' after attribute name (bean="${tekEventInstance}" field="name"}).
	at grails.util.CacheEntry.getValue(CacheEntry.java:144)
	at grails.util.CacheEntry.getValue(CacheEntry.java:84)
	... 5 more
2025-05-15 10:51:47,624 [http-bio-8080-exec-12] ERROR StackTrace  - Full Stack Trace:
java.lang.RuntimeException: Error initializing GroovyPageView
	at grails.plugin.cache.web.filter.PageFragmentCachingFilter.doFilter(PageFragmentCachingFilter.java:198)
	at grails.plugin.cache.web.filter.AbstractFilter.doFilter(AbstractFilter.java:63)
	at java.util.concurrent.ThreadPoolExecutor.runWorker(ThreadPoolExecutor.java:1149)
	at java.util.concurrent.ThreadPoolExecutor$Worker.run(ThreadPoolExecutor.java:624)
	at java.lang.Thread.run(Thread.java:748)
Caused by: org.codehaus.groovy.grails.web.taglib.exceptions.GrailsTagException: Expecting '=' after attribute name (bean="${tekEventInstance}" field="name"}).
	at grails.util.CacheEntry.getValue(CacheEntry.java:144)
	at grails.util.CacheEntry.getValue(CacheEntry.java:84)
	... 5 more
2025-05-15 10:51:47,624 [http-bio-8080-exec-12] ERROR StackTrace  - Full Stack Trace:
org.codehaus.groovy.grails.web.taglib.exceptions.GrailsTagException: Expecting '=' after attribute name (bean="${tekEventInstance}" field="name"}).
	at grails.util.CacheEntry.getValue(CacheEntry.java:144)
	at grails.util.CacheEntry.getValue(CacheEntry.java:84)
	at grails.plugin.cache.web.filter.PageFragmentCachingFilter.doFilter(PageFragmentCachingFilter.java:198)
	at grails.plugin.cache.web.filter.AbstractFilter.doFilter(AbstractFilter.java:63)
	at java.util.concurrent.ThreadPoolExecutor.runWorker(ThreadPoolExecutor.java:1149)
	at java.util.concurrent.ThreadPoolExecutor$Worker.run(ThreadPoolExecutor.java:624)
	at java.lang.Thread.run(Thread.java:748)
2025-05-15 10:51:47,624 [http-bio-8080-exec-12] ERROR StackTrace  - Full Stack Trace:
java.lang.RuntimeException: Error initializing GroovyPageView
	at grails.plugin.cache.web.filter.PageFragmentCachingFilter.doFilter(PageFragmentCachingFilter.java:198)
	at grails.plugin.cache.web.filter.AbstractFilter.doFilter(AbstractFilter.java:63)
	at java.util.concurrent.ThreadPoolExecutor.runWorker(ThreadPoolExecutor.java:1149)
	at java.util.concurrent.ThreadPoolExecutor$Worker.run(ThreadPoolExecutor.java:624)
	at java.lang.Thread.run(Thread.java:748)
Caused by: org.codehaus.groovy.grails.web.taglib.exceptions.GrailsTagException: Expecting '=' after attribute name (bean="${tekEventInstance}" field="name"}).
	at grails.util.CacheEntry.getValue(CacheEntry.java:144)
	at grails.util.CacheEntry.getValue(CacheEntry.java:84)
	... 5 more
2025-05-15 10:51:48,382 [http-bio-8080-exec-19] ERROR StackTrace  - Full Stack Trace:
java.lang.RuntimeException: Error initializing GroovyPageView
	at org.codehaus.groovy.grails.web.servlet.view.GroovyPageViewResolver.createGroovyPageView(GroovyPageViewResolver.java:210)
	at org.codehaus.groovy.grails.web.servlet.view.GroovyPageViewResolver.createGrailsView(GroovyPageViewResolver.java:191)
	at org.codehaus.groovy.grails.web.servlet.view.GroovyPageViewResolver.loadView(GroovyPageViewResolver.java:96)
	at org.springframework.web.servlet.view.AbstractCachingViewResolver.createView(AbstractCachingViewResolver.java:244)
	at org.springframework.web.servlet.view.UrlBasedViewResolver.createView(UrlBasedViewResolver.java:446)
	at org.springframework.web.servlet.view.AbstractCachingViewResolver.resolveViewName(AbstractCachingViewResolver.java:146)
	at org.codehaus.groovy.grails.web.servlet.view.GroovyPageViewResolver.resolveViewName(GroovyPageViewResolver.java:85)
	at org.codehaus.groovy.grails.web.servlet.view.GrailsLayoutViewResolver.resolveViewName(GrailsLayoutViewResolver.java:50)
	at org.springframework.web.servlet.DispatcherServlet.resolveViewName(DispatcherServlet.java:1282)
	at org.springframework.web.servlet.DispatcherServlet.render(DispatcherServlet.java:1223)
	at org.codehaus.groovy.grails.web.servlet.GrailsDispatcherServlet.doDispatch(GrailsDispatcherServlet.java:388)
	at org.springframework.web.servlet.DispatcherServlet.doService(DispatcherServlet.java:893)
	at org.springframework.web.servlet.FrameworkServlet.processRequest(FrameworkServlet.java:965)
	at org.springframework.web.servlet.FrameworkServlet.doGet(FrameworkServlet.java:856)
	at javax.servlet.http.HttpServlet.service(HttpServlet.java:624)
	at org.springframework.web.servlet.FrameworkServlet.service(FrameworkServlet.java:841)
	at javax.servlet.http.HttpServlet.service(HttpServlet.java:731)
	at org.apache.catalina.core.ApplicationFilterChain.internalDoFilter(ApplicationFilterChain.java:303)
	at org.apache.catalina.core.ApplicationFilterChain.doFilter(ApplicationFilterChain.java:208)
	at org.apache.tomcat.websocket.server.WsFilter.doFilter(WsFilter.java:52)
	at org.apache.catalina.core.ApplicationFilterChain.internalDoFilter(ApplicationFilterChain.java:241)
	at org.apache.catalina.core.ApplicationFilterChain.doFilter(ApplicationFilterChain.java:208)
	at grails.plugin.cache.web.filter.PageFragmentCachingFilter.doFilter(PageFragmentCachingFilter.java:198)
	at grails.plugin.cache.web.filter.AbstractFilter.doFilter(AbstractFilter.java:63)
	at org.springframework.web.filter.DelegatingFilterProxy.invokeDelegate(DelegatingFilterProxy.java:344)
	at org.springframework.web.filter.DelegatingFilterProxy.doFilter(DelegatingFilterProxy.java:261)
	at org.apache.catalina.core.ApplicationFilterChain.internalDoFilter(ApplicationFilterChain.java:241)
	at org.apache.catalina.core.ApplicationFilterChain.doFilter(ApplicationFilterChain.java:208)
	at org.springframework.web.filter.OncePerRequestFilter.doFilter(OncePerRequestFilter.java:101)
	at org.apache.catalina.core.ApplicationFilterChain.internalDoFilter(ApplicationFilterChain.java:241)
	at org.apache.catalina.core.ApplicationFilterChain.doFilter(ApplicationFilterChain.java:208)
	at org.springframework.web.filter.OncePerRequestFilter.doFilter(OncePerRequestFilter.java:101)
	at org.apache.catalina.core.ApplicationFilterChain.internalDoFilter(ApplicationFilterChain.java:241)
	at org.apache.catalina.core.ApplicationFilterChain.doFilter(ApplicationFilterChain.java:208)
	at org.springframework.web.filter.OncePerRequestFilter.doFilter(OncePerRequestFilter.java:101)
	at org.apache.catalina.core.ApplicationFilterChain.internalDoFilter(ApplicationFilterChain.java:241)
	at org.apache.catalina.core.ApplicationFilterChain.doFilter(ApplicationFilterChain.java:208)
	at org.apache.catalina.core.ApplicationDispatcher.invoke(ApplicationDispatcher.java:747)
	at org.apache.catalina.core.ApplicationDispatcher.processRequest(ApplicationDispatcher.java:485)
	at org.apache.catalina.core.ApplicationDispatcher.doForward(ApplicationDispatcher.java:410)
	at org.apache.catalina.core.ApplicationDispatcher.forward(ApplicationDispatcher.java:337)
	at org.codehaus.groovy.grails.web.mapping.UrlMappingUtils.forwardRequestForUrlMappingInfo(UrlMappingUtils.java:178)
	at org.codehaus.groovy.grails.web.mapping.UrlMappingUtils.forwardRequestForUrlMappingInfo(UrlMappingUtils.java:144)
	at org.codehaus.groovy.grails.web.mapping.UrlMappingUtils.forwardRequestForUrlMappingInfo(UrlMappingUtils.java:135)
	at org.codehaus.groovy.grails.web.mapping.filter.UrlMappingsFilter.doFilterInternal(UrlMappingsFilter.java:216)
	at org.springframework.web.filter.OncePerRequestFilter.doFilter(OncePerRequestFilter.java:107)
	at org.apache.catalina.core.ApplicationFilterChain.internalDoFilter(ApplicationFilterChain.java:241)
	at org.apache.catalina.core.ApplicationFilterChain.doFilter(ApplicationFilterChain.java:208)
	at org.codehaus.groovy.grails.web.servlet.mvc.GrailsWebRequestFilter.doFilterInternal(GrailsWebRequestFilter.java:69)
	at org.springframework.web.filter.OncePerRequestFilter.doFilter(OncePerRequestFilter.java:107)
	at org.apache.catalina.core.ApplicationFilterChain.internalDoFilter(ApplicationFilterChain.java:241)
	at org.apache.catalina.core.ApplicationFilterChain.doFilter(ApplicationFilterChain.java:208)
	at org.codehaus.groovy.grails.web.filters.HiddenHttpMethodFilter.doFilterInternal(HiddenHttpMethodFilter.java:67)
	at org.springframework.web.filter.OncePerRequestFilter.doFilter(OncePerRequestFilter.java:107)
	at org.apache.catalina.core.ApplicationFilterChain.internalDoFilter(ApplicationFilterChain.java:241)
	at org.apache.catalina.core.ApplicationFilterChain.doFilter(ApplicationFilterChain.java:208)
	at org.springframework.web.filter.CharacterEncodingFilter.doFilterInternal(CharacterEncodingFilter.java:85)
	at org.springframework.web.filter.OncePerRequestFilter.doFilter(OncePerRequestFilter.java:107)
	at org.springframework.web.filter.DelegatingFilterProxy.invokeDelegate(DelegatingFilterProxy.java:344)
	at org.springframework.web.filter.DelegatingFilterProxy.doFilter(DelegatingFilterProxy.java:261)
	at org.apache.catalina.core.ApplicationFilterChain.internalDoFilter(ApplicationFilterChain.java:241)
	at org.apache.catalina.core.ApplicationFilterChain.doFilter(ApplicationFilterChain.java:208)
	at org.apache.catalina.core.StandardWrapperValve.invoke(StandardWrapperValve.java:218)
	at org.apache.catalina.core.StandardContextValve.invoke(StandardContextValve.java:122)
	at org.apache.catalina.core.StandardHostValve.invoke(StandardHostValve.java:169)
	at org.apache.catalina.valves.ErrorReportValve.invoke(ErrorReportValve.java:103)
	at org.apache.catalina.core.StandardEngineValve.invoke(StandardEngineValve.java:116)
	at org.apache.catalina.connector.CoyoteAdapter.service(CoyoteAdapter.java:442)
	at org.apache.coyote.http11.AbstractHttp11Processor.process(AbstractHttp11Processor.java:1082)
	at org.apache.coyote.AbstractProtocol$AbstractConnectionHandler.process(AbstractProtocol.java:623)
	at org.apache.tomcat.util.net.JIoEndpoint$SocketProcessor.run(JIoEndpoint.java:318)
	at java.util.concurrent.ThreadPoolExecutor.runWorker(ThreadPoolExecutor.java:1149)
	at java.util.concurrent.ThreadPoolExecutor$Worker.run(ThreadPoolExecutor.java:624)
	at org.apache.tomcat.util.threads.TaskThread$WrappingRunnable.run(TaskThread.java:61)
	at java.lang.Thread.run(Thread.java:748)
Caused by: org.codehaus.groovy.grails.web.taglib.exceptions.GrailsTagException: Expecting '=' after attribute name (bean="${tekEventInstance}" field="name"}).
	at org.codehaus.groovy.grails.web.pages.GroovyPageParser.populateMapWithAttributes(GroovyPageParser.java:1197)
	at org.codehaus.groovy.grails.web.pages.GroovyPageParser.startTag(GroovyPageParser.java:1079)
	at org.codehaus.groovy.grails.web.pages.GroovyPageParser.page(GroovyPageParser.java:831)
	at org.codehaus.groovy.grails.web.pages.GroovyPageParser.generateGsp(GroovyPageParser.java:393)
	at org.codehaus.groovy.grails.web.pages.GroovyPageParser.parse(GroovyPageParser.java:349)
	at org.codehaus.groovy.grails.web.pages.GroovyPagesTemplateEngine.buildPageMetaInfo(GroovyPagesTemplateEngine.java:596)
	at org.codehaus.groovy.grails.web.pages.GroovyPagesTemplateEngine.buildPageMetaInfo(GroovyPagesTemplateEngine.java:493)
	at org.codehaus.groovy.grails.web.pages.GroovyPagesTemplateEngine$GroovyPagesTemplateEngineCacheEntry.updateValue(GroovyPagesTemplateEngine.java:159)
	at org.codehaus.groovy.grails.web.pages.GroovyPagesTemplateEngine$GroovyPagesTemplateEngineCacheEntry.updateValue(GroovyPagesTemplateEngine.java:138)
	at grails.util.CacheEntry.getValue(CacheEntry.java:144)
	at grails.util.CacheEntry.getValue(CacheEntry.java:84)
	at org.codehaus.groovy.grails.web.pages.GroovyPagesTemplateEngine.createTemplate(GroovyPagesTemplateEngine.java:316)
	at org.codehaus.groovy.grails.web.pages.GroovyPagesTemplateEngine.createTemplate(GroovyPagesTemplateEngine.java:306)
	at org.codehaus.groovy.grails.web.pages.GroovyPagesTemplateEngine.createTemplate(GroovyPagesTemplateEngine.java:408)
	at org.codehaus.groovy.grails.web.pages.GroovyPagesTemplateEngine.createTemplateForUri(GroovyPagesTemplateEngine.java:380)
	at org.codehaus.groovy.grails.web.pages.GroovyPagesTemplateEngine.createTemplateForUri(GroovyPagesTemplateEngine.java:373)
	at org.codehaus.groovy.grails.web.pages.GroovyPagesTemplateEngine.createTemplate(GroovyPagesTemplateEngine.java:344)
	at org.codehaus.groovy.grails.web.servlet.view.GroovyPageView.createGroovyPageException(GroovyPageView.java:108)
	at org.codehaus.groovy.grails.web.servlet.view.GroovyPageView.handleException(GroovyPageView.java:104)
	at org.codehaus.groovy.grails.web.servlet.view.GroovyPageView.afterPropertiesSet(GroovyPageView.java:161)
	at org.codehaus.groovy.grails.web.servlet.view.GroovyPageViewResolver.createGroovyPageView(GroovyPageViewResolver.java:208)
	... 74 more
2025-05-15 10:51:48,382 [http-bio-8080-exec-19] ERROR StackTrace  - Full Stack Trace:
org.codehaus.groovy.grails.web.taglib.exceptions.GrailsTagException: Expecting '=' after attribute name (bean="${tekEventInstance}" field="name"}).
	at org.codehaus.groovy.grails.web.pages.GroovyPageParser.populateMapWithAttributes(GroovyPageParser.java:1197)
	at org.codehaus.groovy.grails.web.pages.GroovyPageParser.startTag(GroovyPageParser.java:1079)
	at org.codehaus.groovy.grails.web.pages.GroovyPageParser.page(GroovyPageParser.java:831)
	at org.codehaus.groovy.grails.web.pages.GroovyPageParser.generateGsp(GroovyPageParser.java:393)
	at org.codehaus.groovy.grails.web.pages.GroovyPageParser.parse(GroovyPageParser.java:349)
	at org.codehaus.groovy.grails.web.pages.GroovyPagesTemplateEngine.buildPageMetaInfo(GroovyPagesTemplateEngine.java:596)
	at org.codehaus.groovy.grails.web.pages.GroovyPagesTemplateEngine.buildPageMetaInfo(GroovyPagesTemplateEngine.java:493)
	at org.codehaus.groovy.grails.web.pages.GroovyPagesTemplateEngine$GroovyPagesTemplateEngineCacheEntry.updateValue(GroovyPagesTemplateEngine.java:159)
	at org.codehaus.groovy.grails.web.pages.GroovyPagesTemplateEngine$GroovyPagesTemplateEngineCacheEntry.updateValue(GroovyPagesTemplateEngine.java:138)
	at grails.util.CacheEntry.getValue(CacheEntry.java:144)
	at grails.util.CacheEntry.getValue(CacheEntry.java:84)
	at org.codehaus.groovy.grails.web.pages.GroovyPagesTemplateEngine.createTemplate(GroovyPagesTemplateEngine.java:316)
	at org.codehaus.groovy.grails.web.pages.GroovyPagesTemplateEngine.createTemplate(GroovyPagesTemplateEngine.java:306)
	at org.codehaus.groovy.grails.web.pages.GroovyPagesTemplateEngine.createTemplate(GroovyPagesTemplateEngine.java:408)
	at org.codehaus.groovy.grails.web.pages.GroovyPagesTemplateEngine.createTemplateForUri(GroovyPagesTemplateEngine.java:380)
	at org.codehaus.groovy.grails.web.pages.GroovyPagesTemplateEngine.createTemplateForUri(GroovyPagesTemplateEngine.java:373)
	at org.codehaus.groovy.grails.web.pages.GroovyPagesTemplateEngine.createTemplate(GroovyPagesTemplateEngine.java:344)
	at org.codehaus.groovy.grails.web.servlet.view.GroovyPageView.createGroovyPageException(GroovyPageView.java:108)
	at org.codehaus.groovy.grails.web.servlet.view.GroovyPageView.handleException(GroovyPageView.java:104)
	at org.codehaus.groovy.grails.web.servlet.view.GroovyPageView.afterPropertiesSet(GroovyPageView.java:161)
	at org.codehaus.groovy.grails.web.servlet.view.GroovyPageViewResolver.createGroovyPageView(GroovyPageViewResolver.java:208)
	at org.codehaus.groovy.grails.web.servlet.view.GroovyPageViewResolver.createGrailsView(GroovyPageViewResolver.java:191)
	at org.codehaus.groovy.grails.web.servlet.view.GroovyPageViewResolver.loadView(GroovyPageViewResolver.java:96)
	at org.springframework.web.servlet.view.AbstractCachingViewResolver.createView(AbstractCachingViewResolver.java:244)
	at org.springframework.web.servlet.view.UrlBasedViewResolver.createView(UrlBasedViewResolver.java:446)
	at org.springframework.web.servlet.view.AbstractCachingViewResolver.resolveViewName(AbstractCachingViewResolver.java:146)
	at org.codehaus.groovy.grails.web.servlet.view.GroovyPageViewResolver.resolveViewName(GroovyPageViewResolver.java:85)
	at org.codehaus.groovy.grails.web.servlet.view.GrailsLayoutViewResolver.resolveViewName(GrailsLayoutViewResolver.java:50)
	at org.springframework.web.servlet.DispatcherServlet.resolveViewName(DispatcherServlet.java:1282)
	at org.springframework.web.servlet.DispatcherServlet.render(DispatcherServlet.java:1223)
	at org.codehaus.groovy.grails.web.servlet.GrailsDispatcherServlet.doDispatch(GrailsDispatcherServlet.java:388)
	at org.springframework.web.servlet.DispatcherServlet.doService(DispatcherServlet.java:893)
	at org.springframework.web.servlet.FrameworkServlet.processRequest(FrameworkServlet.java:965)
	at org.springframework.web.servlet.FrameworkServlet.doGet(FrameworkServlet.java:856)
	at javax.servlet.http.HttpServlet.service(HttpServlet.java:624)
	at org.springframework.web.servlet.FrameworkServlet.service(FrameworkServlet.java:841)
	at javax.servlet.http.HttpServlet.service(HttpServlet.java:731)
	at org.apache.catalina.core.ApplicationFilterChain.internalDoFilter(ApplicationFilterChain.java:303)
	at org.apache.catalina.core.ApplicationFilterChain.doFilter(ApplicationFilterChain.java:208)
	at org.apache.tomcat.websocket.server.WsFilter.doFilter(WsFilter.java:52)
	at org.apache.catalina.core.ApplicationFilterChain.internalDoFilter(ApplicationFilterChain.java:241)
	at org.apache.catalina.core.ApplicationFilterChain.doFilter(ApplicationFilterChain.java:208)
	at grails.plugin.cache.web.filter.PageFragmentCachingFilter.doFilter(PageFragmentCachingFilter.java:198)
	at grails.plugin.cache.web.filter.AbstractFilter.doFilter(AbstractFilter.java:63)
	at org.springframework.web.filter.DelegatingFilterProxy.invokeDelegate(DelegatingFilterProxy.java:344)
	at org.springframework.web.filter.DelegatingFilterProxy.doFilter(DelegatingFilterProxy.java:261)
	at org.apache.catalina.core.ApplicationFilterChain.internalDoFilter(ApplicationFilterChain.java:241)
	at org.apache.catalina.core.ApplicationFilterChain.doFilter(ApplicationFilterChain.java:208)
	at org.springframework.web.filter.OncePerRequestFilter.doFilter(OncePerRequestFilter.java:101)
	at org.apache.catalina.core.ApplicationFilterChain.internalDoFilter(ApplicationFilterChain.java:241)
	at org.apache.catalina.core.ApplicationFilterChain.doFilter(ApplicationFilterChain.java:208)
	at org.springframework.web.filter.OncePerRequestFilter.doFilter(OncePerRequestFilter.java:101)
	at org.apache.catalina.core.ApplicationFilterChain.internalDoFilter(ApplicationFilterChain.java:241)
	at org.apache.catalina.core.ApplicationFilterChain.doFilter(ApplicationFilterChain.java:208)
	at org.springframework.web.filter.OncePerRequestFilter.doFilter(OncePerRequestFilter.java:101)
	at org.apache.catalina.core.ApplicationFilterChain.internalDoFilter(ApplicationFilterChain.java:241)
	at org.apache.catalina.core.ApplicationFilterChain.doFilter(ApplicationFilterChain.java:208)
	at org.apache.catalina.core.ApplicationDispatcher.invoke(ApplicationDispatcher.java:747)
	at org.apache.catalina.core.ApplicationDispatcher.processRequest(ApplicationDispatcher.java:485)
	at org.apache.catalina.core.ApplicationDispatcher.doForward(ApplicationDispatcher.java:410)
	at org.apache.catalina.core.ApplicationDispatcher.forward(ApplicationDispatcher.java:337)
	at org.codehaus.groovy.grails.web.mapping.UrlMappingUtils.forwardRequestForUrlMappingInfo(UrlMappingUtils.java:178)
	at org.codehaus.groovy.grails.web.mapping.UrlMappingUtils.forwardRequestForUrlMappingInfo(UrlMappingUtils.java:144)
	at org.codehaus.groovy.grails.web.mapping.UrlMappingUtils.forwardRequestForUrlMappingInfo(UrlMappingUtils.java:135)
	at org.codehaus.groovy.grails.web.mapping.filter.UrlMappingsFilter.doFilterInternal(UrlMappingsFilter.java:216)
	at org.springframework.web.filter.OncePerRequestFilter.doFilter(OncePerRequestFilter.java:107)
	at org.apache.catalina.core.ApplicationFilterChain.internalDoFilter(ApplicationFilterChain.java:241)
	at org.apache.catalina.core.ApplicationFilterChain.doFilter(ApplicationFilterChain.java:208)
	at org.codehaus.groovy.grails.web.servlet.mvc.GrailsWebRequestFilter.doFilterInternal(GrailsWebRequestFilter.java:69)
	at org.springframework.web.filter.OncePerRequestFilter.doFilter(OncePerRequestFilter.java:107)
	at org.apache.catalina.core.ApplicationFilterChain.internalDoFilter(ApplicationFilterChain.java:241)
	at org.apache.catalina.core.ApplicationFilterChain.doFilter(ApplicationFilterChain.java:208)
	at org.codehaus.groovy.grails.web.filters.HiddenHttpMethodFilter.doFilterInternal(HiddenHttpMethodFilter.java:67)
	at org.springframework.web.filter.OncePerRequestFilter.doFilter(OncePerRequestFilter.java:107)
	at org.apache.catalina.core.ApplicationFilterChain.internalDoFilter(ApplicationFilterChain.java:241)
	at org.apache.catalina.core.ApplicationFilterChain.doFilter(ApplicationFilterChain.java:208)
	at org.springframework.web.filter.CharacterEncodingFilter.doFilterInternal(CharacterEncodingFilter.java:85)
	at org.springframework.web.filter.OncePerRequestFilter.doFilter(OncePerRequestFilter.java:107)
	at org.springframework.web.filter.DelegatingFilterProxy.invokeDelegate(DelegatingFilterProxy.java:344)
	at org.springframework.web.filter.DelegatingFilterProxy.doFilter(DelegatingFilterProxy.java:261)
	at org.apache.catalina.core.ApplicationFilterChain.internalDoFilter(ApplicationFilterChain.java:241)
	at org.apache.catalina.core.ApplicationFilterChain.doFilter(ApplicationFilterChain.java:208)
	at org.apache.catalina.core.StandardWrapperValve.invoke(StandardWrapperValve.java:218)
	at org.apache.catalina.core.StandardContextValve.invoke(StandardContextValve.java:122)
	at org.apache.catalina.core.StandardHostValve.invoke(StandardHostValve.java:169)
	at org.apache.catalina.valves.ErrorReportValve.invoke(ErrorReportValve.java:103)
	at org.apache.catalina.core.StandardEngineValve.invoke(StandardEngineValve.java:116)
	at org.apache.catalina.connector.CoyoteAdapter.service(CoyoteAdapter.java:442)
	at org.apache.coyote.http11.AbstractHttp11Processor.process(AbstractHttp11Processor.java:1082)
	at org.apache.coyote.AbstractProtocol$AbstractConnectionHandler.process(AbstractProtocol.java:623)
	at org.apache.tomcat.util.net.JIoEndpoint$SocketProcessor.run(JIoEndpoint.java:318)
	at java.util.concurrent.ThreadPoolExecutor.runWorker(ThreadPoolExecutor.java:1149)
	at java.util.concurrent.ThreadPoolExecutor$Worker.run(ThreadPoolExecutor.java:624)
	at org.apache.tomcat.util.threads.TaskThread$WrappingRunnable.run(TaskThread.java:61)
	at java.lang.Thread.run(Thread.java:748)
2025-05-15 10:51:48,382 [http-bio-8080-exec-19] ERROR StackTrace  - Full Stack Trace:
java.lang.RuntimeException: Error initializing GroovyPageView
	at grails.plugin.cache.web.filter.PageFragmentCachingFilter.doFilter(PageFragmentCachingFilter.java:198)
	at grails.plugin.cache.web.filter.AbstractFilter.doFilter(AbstractFilter.java:63)
	at java.util.concurrent.ThreadPoolExecutor.runWorker(ThreadPoolExecutor.java:1149)
	at java.util.concurrent.ThreadPoolExecutor$Worker.run(ThreadPoolExecutor.java:624)
	at java.lang.Thread.run(Thread.java:748)
Caused by: org.codehaus.groovy.grails.web.taglib.exceptions.GrailsTagException: Expecting '=' after attribute name (bean="${tekEventInstance}" field="name"}).
	at grails.util.CacheEntry.getValue(CacheEntry.java:144)
	at grails.util.CacheEntry.getValue(CacheEntry.java:84)
	... 5 more
2025-05-15 10:51:48,383 [http-bio-8080-exec-19] ERROR StackTrace  - Full Stack Trace:
java.lang.RuntimeException: Error initializing GroovyPageView
	at grails.plugin.cache.web.filter.PageFragmentCachingFilter.doFilter(PageFragmentCachingFilter.java:198)
	at grails.plugin.cache.web.filter.AbstractFilter.doFilter(AbstractFilter.java:63)
	at java.util.concurrent.ThreadPoolExecutor.runWorker(ThreadPoolExecutor.java:1149)
	at java.util.concurrent.ThreadPoolExecutor$Worker.run(ThreadPoolExecutor.java:624)
	at java.lang.Thread.run(Thread.java:748)
Caused by: org.codehaus.groovy.grails.web.taglib.exceptions.GrailsTagException: Expecting '=' after attribute name (bean="${tekEventInstance}" field="name"}).
	at grails.util.CacheEntry.getValue(CacheEntry.java:144)
	at grails.util.CacheEntry.getValue(CacheEntry.java:84)
	... 5 more
2025-05-15 10:51:48,383 [http-bio-8080-exec-19] ERROR StackTrace  - Full Stack Trace:
org.codehaus.groovy.grails.web.taglib.exceptions.GrailsTagException: Expecting '=' after attribute name (bean="${tekEventInstance}" field="name"}).
	at grails.util.CacheEntry.getValue(CacheEntry.java:144)
	at grails.util.CacheEntry.getValue(CacheEntry.java:84)
	at grails.plugin.cache.web.filter.PageFragmentCachingFilter.doFilter(PageFragmentCachingFilter.java:198)
	at grails.plugin.cache.web.filter.AbstractFilter.doFilter(AbstractFilter.java:63)
	at java.util.concurrent.ThreadPoolExecutor.runWorker(ThreadPoolExecutor.java:1149)
	at java.util.concurrent.ThreadPoolExecutor$Worker.run(ThreadPoolExecutor.java:624)
	at java.lang.Thread.run(Thread.java:748)
2025-05-15 10:51:48,383 [http-bio-8080-exec-19] ERROR StackTrace  - Full Stack Trace:
java.lang.RuntimeException: Error initializing GroovyPageView
	at grails.plugin.cache.web.filter.PageFragmentCachingFilter.doFilter(PageFragmentCachingFilter.java:198)
	at grails.plugin.cache.web.filter.AbstractFilter.doFilter(AbstractFilter.java:63)
	at java.util.concurrent.ThreadPoolExecutor.runWorker(ThreadPoolExecutor.java:1149)
	at java.util.concurrent.ThreadPoolExecutor$Worker.run(ThreadPoolExecutor.java:624)
	at java.lang.Thread.run(Thread.java:748)
Caused by: org.codehaus.groovy.grails.web.taglib.exceptions.GrailsTagException: Expecting '=' after attribute name (bean="${tekEventInstance}" field="name"}).
	at grails.util.CacheEntry.getValue(CacheEntry.java:144)
	at grails.util.CacheEntry.getValue(CacheEntry.java:84)
	... 5 more
2025-05-15 10:51:48,383 [http-bio-8080-exec-19] ERROR StackTrace  - Full Stack Trace:
java.lang.RuntimeException: Error initializing GroovyPageView
	at grails.plugin.cache.web.filter.PageFragmentCachingFilter.doFilter(PageFragmentCachingFilter.java:198)
	at grails.plugin.cache.web.filter.AbstractFilter.doFilter(AbstractFilter.java:63)
	at java.util.concurrent.ThreadPoolExecutor.runWorker(ThreadPoolExecutor.java:1149)
	at java.util.concurrent.ThreadPoolExecutor$Worker.run(ThreadPoolExecutor.java:624)
	at java.lang.Thread.run(Thread.java:748)
Caused by: org.codehaus.groovy.grails.web.taglib.exceptions.GrailsTagException: Expecting '=' after attribute name (bean="${tekEventInstance}" field="name"}).
	at grails.util.CacheEntry.getValue(CacheEntry.java:144)
	at grails.util.CacheEntry.getValue(CacheEntry.java:84)
	... 5 more
2025-05-15 10:51:48,383 [http-bio-8080-exec-19] ERROR StackTrace  - Full Stack Trace:
org.codehaus.groovy.grails.web.taglib.exceptions.GrailsTagException: Expecting '=' after attribute name (bean="${tekEventInstance}" field="name"}).
	at grails.util.CacheEntry.getValue(CacheEntry.java:144)
	at grails.util.CacheEntry.getValue(CacheEntry.java:84)
	at grails.plugin.cache.web.filter.PageFragmentCachingFilter.doFilter(PageFragmentCachingFilter.java:198)
	at grails.plugin.cache.web.filter.AbstractFilter.doFilter(AbstractFilter.java:63)
	at java.util.concurrent.ThreadPoolExecutor.runWorker(ThreadPoolExecutor.java:1149)
	at java.util.concurrent.ThreadPoolExecutor$Worker.run(ThreadPoolExecutor.java:624)
	at java.lang.Thread.run(Thread.java:748)
2025-05-15 10:51:48,383 [http-bio-8080-exec-19] ERROR StackTrace  - Full Stack Trace:
java.lang.RuntimeException: Error initializing GroovyPageView
	at grails.plugin.cache.web.filter.PageFragmentCachingFilter.doFilter(PageFragmentCachingFilter.java:198)
	at grails.plugin.cache.web.filter.AbstractFilter.doFilter(AbstractFilter.java:63)
	at java.util.concurrent.ThreadPoolExecutor.runWorker(ThreadPoolExecutor.java:1149)
	at java.util.concurrent.ThreadPoolExecutor$Worker.run(ThreadPoolExecutor.java:624)
	at java.lang.Thread.run(Thread.java:748)
Caused by: org.codehaus.groovy.grails.web.taglib.exceptions.GrailsTagException: Expecting '=' after attribute name (bean="${tekEventInstance}" field="name"}).
	at grails.util.CacheEntry.getValue(CacheEntry.java:144)
	at grails.util.CacheEntry.getValue(CacheEntry.java:84)
	... 5 more
2025-05-15 10:51:49,252 [http-bio-8080-exec-25] ERROR StackTrace  - Full Stack Trace:
java.lang.RuntimeException: Error initializing GroovyPageView
	at org.codehaus.groovy.grails.web.servlet.view.GroovyPageViewResolver.createGroovyPageView(GroovyPageViewResolver.java:210)
	at org.codehaus.groovy.grails.web.servlet.view.GroovyPageViewResolver.createGrailsView(GroovyPageViewResolver.java:191)
	at org.codehaus.groovy.grails.web.servlet.view.GroovyPageViewResolver.loadView(GroovyPageViewResolver.java:96)
	at org.springframework.web.servlet.view.AbstractCachingViewResolver.createView(AbstractCachingViewResolver.java:244)
	at org.springframework.web.servlet.view.UrlBasedViewResolver.createView(UrlBasedViewResolver.java:446)
	at org.springframework.web.servlet.view.AbstractCachingViewResolver.resolveViewName(AbstractCachingViewResolver.java:146)
	at org.codehaus.groovy.grails.web.servlet.view.GroovyPageViewResolver.resolveViewName(GroovyPageViewResolver.java:85)
	at org.codehaus.groovy.grails.web.servlet.view.GrailsLayoutViewResolver.resolveViewName(GrailsLayoutViewResolver.java:50)
	at org.springframework.web.servlet.DispatcherServlet.resolveViewName(DispatcherServlet.java:1282)
	at org.springframework.web.servlet.DispatcherServlet.render(DispatcherServlet.java:1223)
	at org.codehaus.groovy.grails.web.servlet.GrailsDispatcherServlet.doDispatch(GrailsDispatcherServlet.java:388)
	at org.springframework.web.servlet.DispatcherServlet.doService(DispatcherServlet.java:893)
	at org.springframework.web.servlet.FrameworkServlet.processRequest(FrameworkServlet.java:965)
	at org.springframework.web.servlet.FrameworkServlet.doGet(FrameworkServlet.java:856)
	at javax.servlet.http.HttpServlet.service(HttpServlet.java:624)
	at org.springframework.web.servlet.FrameworkServlet.service(FrameworkServlet.java:841)
	at javax.servlet.http.HttpServlet.service(HttpServlet.java:731)
	at org.apache.catalina.core.ApplicationFilterChain.internalDoFilter(ApplicationFilterChain.java:303)
	at org.apache.catalina.core.ApplicationFilterChain.doFilter(ApplicationFilterChain.java:208)
	at org.apache.tomcat.websocket.server.WsFilter.doFilter(WsFilter.java:52)
	at org.apache.catalina.core.ApplicationFilterChain.internalDoFilter(ApplicationFilterChain.java:241)
	at org.apache.catalina.core.ApplicationFilterChain.doFilter(ApplicationFilterChain.java:208)
	at grails.plugin.cache.web.filter.PageFragmentCachingFilter.doFilter(PageFragmentCachingFilter.java:198)
	at grails.plugin.cache.web.filter.AbstractFilter.doFilter(AbstractFilter.java:63)
	at org.springframework.web.filter.DelegatingFilterProxy.invokeDelegate(DelegatingFilterProxy.java:344)
	at org.springframework.web.filter.DelegatingFilterProxy.doFilter(DelegatingFilterProxy.java:261)
	at org.apache.catalina.core.ApplicationFilterChain.internalDoFilter(ApplicationFilterChain.java:241)
	at org.apache.catalina.core.ApplicationFilterChain.doFilter(ApplicationFilterChain.java:208)
	at org.springframework.web.filter.OncePerRequestFilter.doFilter(OncePerRequestFilter.java:101)
	at org.apache.catalina.core.ApplicationFilterChain.internalDoFilter(ApplicationFilterChain.java:241)
	at org.apache.catalina.core.ApplicationFilterChain.doFilter(ApplicationFilterChain.java:208)
	at org.springframework.web.filter.OncePerRequestFilter.doFilter(OncePerRequestFilter.java:101)
	at org.apache.catalina.core.ApplicationFilterChain.internalDoFilter(ApplicationFilterChain.java:241)
	at org.apache.catalina.core.ApplicationFilterChain.doFilter(ApplicationFilterChain.java:208)
	at org.springframework.web.filter.OncePerRequestFilter.doFilter(OncePerRequestFilter.java:101)
	at org.apache.catalina.core.ApplicationFilterChain.internalDoFilter(ApplicationFilterChain.java:241)
	at org.apache.catalina.core.ApplicationFilterChain.doFilter(ApplicationFilterChain.java:208)
	at org.apache.catalina.core.ApplicationDispatcher.invoke(ApplicationDispatcher.java:747)
	at org.apache.catalina.core.ApplicationDispatcher.processRequest(ApplicationDispatcher.java:485)
	at org.apache.catalina.core.ApplicationDispatcher.doForward(ApplicationDispatcher.java:410)
	at org.apache.catalina.core.ApplicationDispatcher.forward(ApplicationDispatcher.java:337)
	at org.codehaus.groovy.grails.web.mapping.UrlMappingUtils.forwardRequestForUrlMappingInfo(UrlMappingUtils.java:178)
	at org.codehaus.groovy.grails.web.mapping.UrlMappingUtils.forwardRequestForUrlMappingInfo(UrlMappingUtils.java:144)
	at org.codehaus.groovy.grails.web.mapping.UrlMappingUtils.forwardRequestForUrlMappingInfo(UrlMappingUtils.java:135)
	at org.codehaus.groovy.grails.web.mapping.filter.UrlMappingsFilter.doFilterInternal(UrlMappingsFilter.java:216)
	at org.springframework.web.filter.OncePerRequestFilter.doFilter(OncePerRequestFilter.java:107)
	at org.apache.catalina.core.ApplicationFilterChain.internalDoFilter(ApplicationFilterChain.java:241)
	at org.apache.catalina.core.ApplicationFilterChain.doFilter(ApplicationFilterChain.java:208)
	at org.codehaus.groovy.grails.web.servlet.mvc.GrailsWebRequestFilter.doFilterInternal(GrailsWebRequestFilter.java:69)
	at org.springframework.web.filter.OncePerRequestFilter.doFilter(OncePerRequestFilter.java:107)
	at org.apache.catalina.core.ApplicationFilterChain.internalDoFilter(ApplicationFilterChain.java:241)
	at org.apache.catalina.core.ApplicationFilterChain.doFilter(ApplicationFilterChain.java:208)
	at org.codehaus.groovy.grails.web.filters.HiddenHttpMethodFilter.doFilterInternal(HiddenHttpMethodFilter.java:67)
	at org.springframework.web.filter.OncePerRequestFilter.doFilter(OncePerRequestFilter.java:107)
	at org.apache.catalina.core.ApplicationFilterChain.internalDoFilter(ApplicationFilterChain.java:241)
	at org.apache.catalina.core.ApplicationFilterChain.doFilter(ApplicationFilterChain.java:208)
	at org.springframework.web.filter.CharacterEncodingFilter.doFilterInternal(CharacterEncodingFilter.java:85)
	at org.springframework.web.filter.OncePerRequestFilter.doFilter(OncePerRequestFilter.java:107)
	at org.springframework.web.filter.DelegatingFilterProxy.invokeDelegate(DelegatingFilterProxy.java:344)
	at org.springframework.web.filter.DelegatingFilterProxy.doFilter(DelegatingFilterProxy.java:261)
	at org.apache.catalina.core.ApplicationFilterChain.internalDoFilter(ApplicationFilterChain.java:241)
	at org.apache.catalina.core.ApplicationFilterChain.doFilter(ApplicationFilterChain.java:208)
	at org.apache.catalina.core.StandardWrapperValve.invoke(StandardWrapperValve.java:218)
	at org.apache.catalina.core.StandardContextValve.invoke(StandardContextValve.java:122)
	at org.apache.catalina.core.StandardHostValve.invoke(StandardHostValve.java:169)
	at org.apache.catalina.valves.ErrorReportValve.invoke(ErrorReportValve.java:103)
	at org.apache.catalina.core.StandardEngineValve.invoke(StandardEngineValve.java:116)
	at org.apache.catalina.connector.CoyoteAdapter.service(CoyoteAdapter.java:442)
	at org.apache.coyote.http11.AbstractHttp11Processor.process(AbstractHttp11Processor.java:1082)
	at org.apache.coyote.AbstractProtocol$AbstractConnectionHandler.process(AbstractProtocol.java:623)
	at org.apache.tomcat.util.net.JIoEndpoint$SocketProcessor.run(JIoEndpoint.java:318)
	at java.util.concurrent.ThreadPoolExecutor.runWorker(ThreadPoolExecutor.java:1149)
	at java.util.concurrent.ThreadPoolExecutor$Worker.run(ThreadPoolExecutor.java:624)
	at org.apache.tomcat.util.threads.TaskThread$WrappingRunnable.run(TaskThread.java:61)
	at java.lang.Thread.run(Thread.java:748)
Caused by: org.codehaus.groovy.grails.web.taglib.exceptions.GrailsTagException: Expecting '=' after attribute name (bean="${tekEventInstance}" field="name"}).
	at org.codehaus.groovy.grails.web.pages.GroovyPageParser.populateMapWithAttributes(GroovyPageParser.java:1197)
	at org.codehaus.groovy.grails.web.pages.GroovyPageParser.startTag(GroovyPageParser.java:1079)
	at org.codehaus.groovy.grails.web.pages.GroovyPageParser.page(GroovyPageParser.java:831)
	at org.codehaus.groovy.grails.web.pages.GroovyPageParser.generateGsp(GroovyPageParser.java:393)
	at org.codehaus.groovy.grails.web.pages.GroovyPageParser.parse(GroovyPageParser.java:349)
	at org.codehaus.groovy.grails.web.pages.GroovyPagesTemplateEngine.buildPageMetaInfo(GroovyPagesTemplateEngine.java:596)
	at org.codehaus.groovy.grails.web.pages.GroovyPagesTemplateEngine.buildPageMetaInfo(GroovyPagesTemplateEngine.java:493)
	at org.codehaus.groovy.grails.web.pages.GroovyPagesTemplateEngine$GroovyPagesTemplateEngineCacheEntry.updateValue(GroovyPagesTemplateEngine.java:159)
	at org.codehaus.groovy.grails.web.pages.GroovyPagesTemplateEngine$GroovyPagesTemplateEngineCacheEntry.updateValue(GroovyPagesTemplateEngine.java:138)
	at grails.util.CacheEntry.getValue(CacheEntry.java:144)
	at grails.util.CacheEntry.getValue(CacheEntry.java:84)
	at org.codehaus.groovy.grails.web.pages.GroovyPagesTemplateEngine.createTemplate(GroovyPagesTemplateEngine.java:316)
	at org.codehaus.groovy.grails.web.pages.GroovyPagesTemplateEngine.createTemplate(GroovyPagesTemplateEngine.java:306)
	at org.codehaus.groovy.grails.web.pages.GroovyPagesTemplateEngine.createTemplate(GroovyPagesTemplateEngine.java:408)
	at org.codehaus.groovy.grails.web.pages.GroovyPagesTemplateEngine.createTemplateForUri(GroovyPagesTemplateEngine.java:380)
	at org.codehaus.groovy.grails.web.pages.GroovyPagesTemplateEngine.createTemplateForUri(GroovyPagesTemplateEngine.java:373)
	at org.codehaus.groovy.grails.web.pages.GroovyPagesTemplateEngine.createTemplate(GroovyPagesTemplateEngine.java:344)
	at org.codehaus.groovy.grails.web.servlet.view.GroovyPageView.createGroovyPageException(GroovyPageView.java:108)
	at org.codehaus.groovy.grails.web.servlet.view.GroovyPageView.handleException(GroovyPageView.java:104)
	at org.codehaus.groovy.grails.web.servlet.view.GroovyPageView.afterPropertiesSet(GroovyPageView.java:161)
	at org.codehaus.groovy.grails.web.servlet.view.GroovyPageViewResolver.createGroovyPageView(GroovyPageViewResolver.java:208)
	... 74 more
2025-05-15 10:51:49,252 [http-bio-8080-exec-25] ERROR StackTrace  - Full Stack Trace:
org.codehaus.groovy.grails.web.taglib.exceptions.GrailsTagException: Expecting '=' after attribute name (bean="${tekEventInstance}" field="name"}).
	at org.codehaus.groovy.grails.web.pages.GroovyPageParser.populateMapWithAttributes(GroovyPageParser.java:1197)
	at org.codehaus.groovy.grails.web.pages.GroovyPageParser.startTag(GroovyPageParser.java:1079)
	at org.codehaus.groovy.grails.web.pages.GroovyPageParser.page(GroovyPageParser.java:831)
	at org.codehaus.groovy.grails.web.pages.GroovyPageParser.generateGsp(GroovyPageParser.java:393)
	at org.codehaus.groovy.grails.web.pages.GroovyPageParser.parse(GroovyPageParser.java:349)
	at org.codehaus.groovy.grails.web.pages.GroovyPagesTemplateEngine.buildPageMetaInfo(GroovyPagesTemplateEngine.java:596)
	at org.codehaus.groovy.grails.web.pages.GroovyPagesTemplateEngine.buildPageMetaInfo(GroovyPagesTemplateEngine.java:493)
	at org.codehaus.groovy.grails.web.pages.GroovyPagesTemplateEngine$GroovyPagesTemplateEngineCacheEntry.updateValue(GroovyPagesTemplateEngine.java:159)
	at org.codehaus.groovy.grails.web.pages.GroovyPagesTemplateEngine$GroovyPagesTemplateEngineCacheEntry.updateValue(GroovyPagesTemplateEngine.java:138)
	at grails.util.CacheEntry.getValue(CacheEntry.java:144)
	at grails.util.CacheEntry.getValue(CacheEntry.java:84)
	at org.codehaus.groovy.grails.web.pages.GroovyPagesTemplateEngine.createTemplate(GroovyPagesTemplateEngine.java:316)
	at org.codehaus.groovy.grails.web.pages.GroovyPagesTemplateEngine.createTemplate(GroovyPagesTemplateEngine.java:306)
	at org.codehaus.groovy.grails.web.pages.GroovyPagesTemplateEngine.createTemplate(GroovyPagesTemplateEngine.java:408)
	at org.codehaus.groovy.grails.web.pages.GroovyPagesTemplateEngine.createTemplateForUri(GroovyPagesTemplateEngine.java:380)
	at org.codehaus.groovy.grails.web.pages.GroovyPagesTemplateEngine.createTemplateForUri(GroovyPagesTemplateEngine.java:373)
	at org.codehaus.groovy.grails.web.pages.GroovyPagesTemplateEngine.createTemplate(GroovyPagesTemplateEngine.java:344)
	at org.codehaus.groovy.grails.web.servlet.view.GroovyPageView.createGroovyPageException(GroovyPageView.java:108)
	at org.codehaus.groovy.grails.web.servlet.view.GroovyPageView.handleException(GroovyPageView.java:104)
	at org.codehaus.groovy.grails.web.servlet.view.GroovyPageView.afterPropertiesSet(GroovyPageView.java:161)
	at org.codehaus.groovy.grails.web.servlet.view.GroovyPageViewResolver.createGroovyPageView(GroovyPageViewResolver.java:208)
	at org.codehaus.groovy.grails.web.servlet.view.GroovyPageViewResolver.createGrailsView(GroovyPageViewResolver.java:191)
	at org.codehaus.groovy.grails.web.servlet.view.GroovyPageViewResolver.loadView(GroovyPageViewResolver.java:96)
	at org.springframework.web.servlet.view.AbstractCachingViewResolver.createView(AbstractCachingViewResolver.java:244)
	at org.springframework.web.servlet.view.UrlBasedViewResolver.createView(UrlBasedViewResolver.java:446)
	at org.springframework.web.servlet.view.AbstractCachingViewResolver.resolveViewName(AbstractCachingViewResolver.java:146)
	at org.codehaus.groovy.grails.web.servlet.view.GroovyPageViewResolver.resolveViewName(GroovyPageViewResolver.java:85)
	at org.codehaus.groovy.grails.web.servlet.view.GrailsLayoutViewResolver.resolveViewName(GrailsLayoutViewResolver.java:50)
	at org.springframework.web.servlet.DispatcherServlet.resolveViewName(DispatcherServlet.java:1282)
	at org.springframework.web.servlet.DispatcherServlet.render(DispatcherServlet.java:1223)
	at org.codehaus.groovy.grails.web.servlet.GrailsDispatcherServlet.doDispatch(GrailsDispatcherServlet.java:388)
	at org.springframework.web.servlet.DispatcherServlet.doService(DispatcherServlet.java:893)
	at org.springframework.web.servlet.FrameworkServlet.processRequest(FrameworkServlet.java:965)
	at org.springframework.web.servlet.FrameworkServlet.doGet(FrameworkServlet.java:856)
	at javax.servlet.http.HttpServlet.service(HttpServlet.java:624)
	at org.springframework.web.servlet.FrameworkServlet.service(FrameworkServlet.java:841)
	at javax.servlet.http.HttpServlet.service(HttpServlet.java:731)
	at org.apache.catalina.core.ApplicationFilterChain.internalDoFilter(ApplicationFilterChain.java:303)
	at org.apache.catalina.core.ApplicationFilterChain.doFilter(ApplicationFilterChain.java:208)
	at org.apache.tomcat.websocket.server.WsFilter.doFilter(WsFilter.java:52)
	at org.apache.catalina.core.ApplicationFilterChain.internalDoFilter(ApplicationFilterChain.java:241)
	at org.apache.catalina.core.ApplicationFilterChain.doFilter(ApplicationFilterChain.java:208)
	at grails.plugin.cache.web.filter.PageFragmentCachingFilter.doFilter(PageFragmentCachingFilter.java:198)
	at grails.plugin.cache.web.filter.AbstractFilter.doFilter(AbstractFilter.java:63)
	at org.springframework.web.filter.DelegatingFilterProxy.invokeDelegate(DelegatingFilterProxy.java:344)
	at org.springframework.web.filter.DelegatingFilterProxy.doFilter(DelegatingFilterProxy.java:261)
	at org.apache.catalina.core.ApplicationFilterChain.internalDoFilter(ApplicationFilterChain.java:241)
	at org.apache.catalina.core.ApplicationFilterChain.doFilter(ApplicationFilterChain.java:208)
	at org.springframework.web.filter.OncePerRequestFilter.doFilter(OncePerRequestFilter.java:101)
	at org.apache.catalina.core.ApplicationFilterChain.internalDoFilter(ApplicationFilterChain.java:241)
	at org.apache.catalina.core.ApplicationFilterChain.doFilter(ApplicationFilterChain.java:208)
	at org.springframework.web.filter.OncePerRequestFilter.doFilter(OncePerRequestFilter.java:101)
	at org.apache.catalina.core.ApplicationFilterChain.internalDoFilter(ApplicationFilterChain.java:241)
	at org.apache.catalina.core.ApplicationFilterChain.doFilter(ApplicationFilterChain.java:208)
	at org.springframework.web.filter.OncePerRequestFilter.doFilter(OncePerRequestFilter.java:101)
	at org.apache.catalina.core.ApplicationFilterChain.internalDoFilter(ApplicationFilterChain.java:241)
	at org.apache.catalina.core.ApplicationFilterChain.doFilter(ApplicationFilterChain.java:208)
	at org.apache.catalina.core.ApplicationDispatcher.invoke(ApplicationDispatcher.java:747)
	at org.apache.catalina.core.ApplicationDispatcher.processRequest(ApplicationDispatcher.java:485)
	at org.apache.catalina.core.ApplicationDispatcher.doForward(ApplicationDispatcher.java:410)
	at org.apache.catalina.core.ApplicationDispatcher.forward(ApplicationDispatcher.java:337)
	at org.codehaus.groovy.grails.web.mapping.UrlMappingUtils.forwardRequestForUrlMappingInfo(UrlMappingUtils.java:178)
	at org.codehaus.groovy.grails.web.mapping.UrlMappingUtils.forwardRequestForUrlMappingInfo(UrlMappingUtils.java:144)
	at org.codehaus.groovy.grails.web.mapping.UrlMappingUtils.forwardRequestForUrlMappingInfo(UrlMappingUtils.java:135)
	at org.codehaus.groovy.grails.web.mapping.filter.UrlMappingsFilter.doFilterInternal(UrlMappingsFilter.java:216)
	at org.springframework.web.filter.OncePerRequestFilter.doFilter(OncePerRequestFilter.java:107)
	at org.apache.catalina.core.ApplicationFilterChain.internalDoFilter(ApplicationFilterChain.java:241)
	at org.apache.catalina.core.ApplicationFilterChain.doFilter(ApplicationFilterChain.java:208)
	at org.codehaus.groovy.grails.web.servlet.mvc.GrailsWebRequestFilter.doFilterInternal(GrailsWebRequestFilter.java:69)
	at org.springframework.web.filter.OncePerRequestFilter.doFilter(OncePerRequestFilter.java:107)
	at org.apache.catalina.core.ApplicationFilterChain.internalDoFilter(ApplicationFilterChain.java:241)
	at org.apache.catalina.core.ApplicationFilterChain.doFilter(ApplicationFilterChain.java:208)
	at org.codehaus.groovy.grails.web.filters.HiddenHttpMethodFilter.doFilterInternal(HiddenHttpMethodFilter.java:67)
	at org.springframework.web.filter.OncePerRequestFilter.doFilter(OncePerRequestFilter.java:107)
	at org.apache.catalina.core.ApplicationFilterChain.internalDoFilter(ApplicationFilterChain.java:241)
	at org.apache.catalina.core.ApplicationFilterChain.doFilter(ApplicationFilterChain.java:208)
	at org.springframework.web.filter.CharacterEncodingFilter.doFilterInternal(CharacterEncodingFilter.java:85)
	at org.springframework.web.filter.OncePerRequestFilter.doFilter(OncePerRequestFilter.java:107)
	at org.springframework.web.filter.DelegatingFilterProxy.invokeDelegate(DelegatingFilterProxy.java:344)
	at org.springframework.web.filter.DelegatingFilterProxy.doFilter(DelegatingFilterProxy.java:261)
	at org.apache.catalina.core.ApplicationFilterChain.internalDoFilter(ApplicationFilterChain.java:241)
	at org.apache.catalina.core.ApplicationFilterChain.doFilter(ApplicationFilterChain.java:208)
	at org.apache.catalina.core.StandardWrapperValve.invoke(StandardWrapperValve.java:218)
	at org.apache.catalina.core.StandardContextValve.invoke(StandardContextValve.java:122)
	at org.apache.catalina.core.StandardHostValve.invoke(StandardHostValve.java:169)
	at org.apache.catalina.valves.ErrorReportValve.invoke(ErrorReportValve.java:103)
	at org.apache.catalina.core.StandardEngineValve.invoke(StandardEngineValve.java:116)
	at org.apache.catalina.connector.CoyoteAdapter.service(CoyoteAdapter.java:442)
	at org.apache.coyote.http11.AbstractHttp11Processor.process(AbstractHttp11Processor.java:1082)
	at org.apache.coyote.AbstractProtocol$AbstractConnectionHandler.process(AbstractProtocol.java:623)
	at org.apache.tomcat.util.net.JIoEndpoint$SocketProcessor.run(JIoEndpoint.java:318)
	at java.util.concurrent.ThreadPoolExecutor.runWorker(ThreadPoolExecutor.java:1149)
	at java.util.concurrent.ThreadPoolExecutor$Worker.run(ThreadPoolExecutor.java:624)
	at org.apache.tomcat.util.threads.TaskThread$WrappingRunnable.run(TaskThread.java:61)
	at java.lang.Thread.run(Thread.java:748)
2025-05-15 10:51:49,252 [http-bio-8080-exec-25] ERROR StackTrace  - Full Stack Trace:
java.lang.RuntimeException: Error initializing GroovyPageView
	at grails.plugin.cache.web.filter.PageFragmentCachingFilter.doFilter(PageFragmentCachingFilter.java:198)
	at grails.plugin.cache.web.filter.AbstractFilter.doFilter(AbstractFilter.java:63)
	at java.util.concurrent.ThreadPoolExecutor.runWorker(ThreadPoolExecutor.java:1149)
	at java.util.concurrent.ThreadPoolExecutor$Worker.run(ThreadPoolExecutor.java:624)
	at java.lang.Thread.run(Thread.java:748)
Caused by: org.codehaus.groovy.grails.web.taglib.exceptions.GrailsTagException: Expecting '=' after attribute name (bean="${tekEventInstance}" field="name"}).
	at grails.util.CacheEntry.getValue(CacheEntry.java:144)
	at grails.util.CacheEntry.getValue(CacheEntry.java:84)
	... 5 more
2025-05-15 10:51:49,253 [http-bio-8080-exec-25] ERROR StackTrace  - Full Stack Trace:
java.lang.RuntimeException: Error initializing GroovyPageView
	at grails.plugin.cache.web.filter.PageFragmentCachingFilter.doFilter(PageFragmentCachingFilter.java:198)
	at grails.plugin.cache.web.filter.AbstractFilter.doFilter(AbstractFilter.java:63)
	at java.util.concurrent.ThreadPoolExecutor.runWorker(ThreadPoolExecutor.java:1149)
	at java.util.concurrent.ThreadPoolExecutor$Worker.run(ThreadPoolExecutor.java:624)
	at java.lang.Thread.run(Thread.java:748)
Caused by: org.codehaus.groovy.grails.web.taglib.exceptions.GrailsTagException: Expecting '=' after attribute name (bean="${tekEventInstance}" field="name"}).
	at grails.util.CacheEntry.getValue(CacheEntry.java:144)
	at grails.util.CacheEntry.getValue(CacheEntry.java:84)
	... 5 more
2025-05-15 10:51:49,253 [http-bio-8080-exec-25] ERROR StackTrace  - Full Stack Trace:
org.codehaus.groovy.grails.web.taglib.exceptions.GrailsTagException: Expecting '=' after attribute name (bean="${tekEventInstance}" field="name"}).
	at grails.util.CacheEntry.getValue(CacheEntry.java:144)
	at grails.util.CacheEntry.getValue(CacheEntry.java:84)
	at grails.plugin.cache.web.filter.PageFragmentCachingFilter.doFilter(PageFragmentCachingFilter.java:198)
	at grails.plugin.cache.web.filter.AbstractFilter.doFilter(AbstractFilter.java:63)
	at java.util.concurrent.ThreadPoolExecutor.runWorker(ThreadPoolExecutor.java:1149)
	at java.util.concurrent.ThreadPoolExecutor$Worker.run(ThreadPoolExecutor.java:624)
	at java.lang.Thread.run(Thread.java:748)
2025-05-15 10:51:49,253 [http-bio-8080-exec-25] ERROR StackTrace  - Full Stack Trace:
java.lang.RuntimeException: Error initializing GroovyPageView
	at grails.plugin.cache.web.filter.PageFragmentCachingFilter.doFilter(PageFragmentCachingFilter.java:198)
	at grails.plugin.cache.web.filter.AbstractFilter.doFilter(AbstractFilter.java:63)
	at java.util.concurrent.ThreadPoolExecutor.runWorker(ThreadPoolExecutor.java:1149)
	at java.util.concurrent.ThreadPoolExecutor$Worker.run(ThreadPoolExecutor.java:624)
	at java.lang.Thread.run(Thread.java:748)
Caused by: org.codehaus.groovy.grails.web.taglib.exceptions.GrailsTagException: Expecting '=' after attribute name (bean="${tekEventInstance}" field="name"}).
	at grails.util.CacheEntry.getValue(CacheEntry.java:144)
	at grails.util.CacheEntry.getValue(CacheEntry.java:84)
	... 5 more
2025-05-15 10:51:49,253 [http-bio-8080-exec-25] ERROR StackTrace  - Full Stack Trace:
java.lang.RuntimeException: Error initializing GroovyPageView
	at grails.plugin.cache.web.filter.PageFragmentCachingFilter.doFilter(PageFragmentCachingFilter.java:198)
	at grails.plugin.cache.web.filter.AbstractFilter.doFilter(AbstractFilter.java:63)
	at java.util.concurrent.ThreadPoolExecutor.runWorker(ThreadPoolExecutor.java:1149)
	at java.util.concurrent.ThreadPoolExecutor$Worker.run(ThreadPoolExecutor.java:624)
	at java.lang.Thread.run(Thread.java:748)
Caused by: org.codehaus.groovy.grails.web.taglib.exceptions.GrailsTagException: Expecting '=' after attribute name (bean="${tekEventInstance}" field="name"}).
	at grails.util.CacheEntry.getValue(CacheEntry.java:144)
	at grails.util.CacheEntry.getValue(CacheEntry.java:84)
	... 5 more
2025-05-15 10:51:49,253 [http-bio-8080-exec-25] ERROR StackTrace  - Full Stack Trace:
org.codehaus.groovy.grails.web.taglib.exceptions.GrailsTagException: Expecting '=' after attribute name (bean="${tekEventInstance}" field="name"}).
	at grails.util.CacheEntry.getValue(CacheEntry.java:144)
	at grails.util.CacheEntry.getValue(CacheEntry.java:84)
	at grails.plugin.cache.web.filter.PageFragmentCachingFilter.doFilter(PageFragmentCachingFilter.java:198)
	at grails.plugin.cache.web.filter.AbstractFilter.doFilter(AbstractFilter.java:63)
	at java.util.concurrent.ThreadPoolExecutor.runWorker(ThreadPoolExecutor.java:1149)
	at java.util.concurrent.ThreadPoolExecutor$Worker.run(ThreadPoolExecutor.java:624)
	at java.lang.Thread.run(Thread.java:748)
2025-05-15 10:51:49,253 [http-bio-8080-exec-25] ERROR StackTrace  - Full Stack Trace:
java.lang.RuntimeException: Error initializing GroovyPageView
	at grails.plugin.cache.web.filter.PageFragmentCachingFilter.doFilter(PageFragmentCachingFilter.java:198)
	at grails.plugin.cache.web.filter.AbstractFilter.doFilter(AbstractFilter.java:63)
	at java.util.concurrent.ThreadPoolExecutor.runWorker(ThreadPoolExecutor.java:1149)
	at java.util.concurrent.ThreadPoolExecutor$Worker.run(ThreadPoolExecutor.java:624)
	at java.lang.Thread.run(Thread.java:748)
Caused by: org.codehaus.groovy.grails.web.taglib.exceptions.GrailsTagException: Expecting '=' after attribute name (bean="${tekEventInstance}" field="name"}).
	at grails.util.CacheEntry.getValue(CacheEntry.java:144)
	at grails.util.CacheEntry.getValue(CacheEntry.java:84)
	... 5 more
2025-05-15 10:51:50,093 [http-bio-8080-exec-20] ERROR StackTrace  - Full Stack Trace:
java.lang.RuntimeException: Error initializing GroovyPageView
	at org.codehaus.groovy.grails.web.servlet.view.GroovyPageViewResolver.createGroovyPageView(GroovyPageViewResolver.java:210)
	at org.codehaus.groovy.grails.web.servlet.view.GroovyPageViewResolver.createGrailsView(GroovyPageViewResolver.java:191)
	at org.codehaus.groovy.grails.web.servlet.view.GroovyPageViewResolver.loadView(GroovyPageViewResolver.java:96)
	at org.springframework.web.servlet.view.AbstractCachingViewResolver.createView(AbstractCachingViewResolver.java:244)
	at org.springframework.web.servlet.view.UrlBasedViewResolver.createView(UrlBasedViewResolver.java:446)
	at org.springframework.web.servlet.view.AbstractCachingViewResolver.resolveViewName(AbstractCachingViewResolver.java:146)
	at org.codehaus.groovy.grails.web.servlet.view.GroovyPageViewResolver.resolveViewName(GroovyPageViewResolver.java:85)
	at org.codehaus.groovy.grails.web.servlet.view.GrailsLayoutViewResolver.resolveViewName(GrailsLayoutViewResolver.java:50)
	at org.springframework.web.servlet.DispatcherServlet.resolveViewName(DispatcherServlet.java:1282)
	at org.springframework.web.servlet.DispatcherServlet.render(DispatcherServlet.java:1223)
	at org.codehaus.groovy.grails.web.servlet.GrailsDispatcherServlet.doDispatch(GrailsDispatcherServlet.java:388)
	at org.springframework.web.servlet.DispatcherServlet.doService(DispatcherServlet.java:893)
	at org.springframework.web.servlet.FrameworkServlet.processRequest(FrameworkServlet.java:965)
	at org.springframework.web.servlet.FrameworkServlet.doGet(FrameworkServlet.java:856)
	at javax.servlet.http.HttpServlet.service(HttpServlet.java:624)
	at org.springframework.web.servlet.FrameworkServlet.service(FrameworkServlet.java:841)
	at javax.servlet.http.HttpServlet.service(HttpServlet.java:731)
	at org.apache.catalina.core.ApplicationFilterChain.internalDoFilter(ApplicationFilterChain.java:303)
	at org.apache.catalina.core.ApplicationFilterChain.doFilter(ApplicationFilterChain.java:208)
	at org.apache.tomcat.websocket.server.WsFilter.doFilter(WsFilter.java:52)
	at org.apache.catalina.core.ApplicationFilterChain.internalDoFilter(ApplicationFilterChain.java:241)
	at org.apache.catalina.core.ApplicationFilterChain.doFilter(ApplicationFilterChain.java:208)
	at grails.plugin.cache.web.filter.PageFragmentCachingFilter.doFilter(PageFragmentCachingFilter.java:198)
	at grails.plugin.cache.web.filter.AbstractFilter.doFilter(AbstractFilter.java:63)
	at org.springframework.web.filter.DelegatingFilterProxy.invokeDelegate(DelegatingFilterProxy.java:344)
	at org.springframework.web.filter.DelegatingFilterProxy.doFilter(DelegatingFilterProxy.java:261)
	at org.apache.catalina.core.ApplicationFilterChain.internalDoFilter(ApplicationFilterChain.java:241)
	at org.apache.catalina.core.ApplicationFilterChain.doFilter(ApplicationFilterChain.java:208)
	at org.springframework.web.filter.OncePerRequestFilter.doFilter(OncePerRequestFilter.java:101)
	at org.apache.catalina.core.ApplicationFilterChain.internalDoFilter(ApplicationFilterChain.java:241)
	at org.apache.catalina.core.ApplicationFilterChain.doFilter(ApplicationFilterChain.java:208)
	at org.springframework.web.filter.OncePerRequestFilter.doFilter(OncePerRequestFilter.java:101)
	at org.apache.catalina.core.ApplicationFilterChain.internalDoFilter(ApplicationFilterChain.java:241)
	at org.apache.catalina.core.ApplicationFilterChain.doFilter(ApplicationFilterChain.java:208)
	at org.springframework.web.filter.OncePerRequestFilter.doFilter(OncePerRequestFilter.java:101)
	at org.apache.catalina.core.ApplicationFilterChain.internalDoFilter(ApplicationFilterChain.java:241)
	at org.apache.catalina.core.ApplicationFilterChain.doFilter(ApplicationFilterChain.java:208)
	at org.apache.catalina.core.ApplicationDispatcher.invoke(ApplicationDispatcher.java:747)
	at org.apache.catalina.core.ApplicationDispatcher.processRequest(ApplicationDispatcher.java:485)
	at org.apache.catalina.core.ApplicationDispatcher.doForward(ApplicationDispatcher.java:410)
	at org.apache.catalina.core.ApplicationDispatcher.forward(ApplicationDispatcher.java:337)
	at org.codehaus.groovy.grails.web.mapping.UrlMappingUtils.forwardRequestForUrlMappingInfo(UrlMappingUtils.java:178)
	at org.codehaus.groovy.grails.web.mapping.UrlMappingUtils.forwardRequestForUrlMappingInfo(UrlMappingUtils.java:144)
	at org.codehaus.groovy.grails.web.mapping.UrlMappingUtils.forwardRequestForUrlMappingInfo(UrlMappingUtils.java:135)
	at org.codehaus.groovy.grails.web.mapping.filter.UrlMappingsFilter.doFilterInternal(UrlMappingsFilter.java:216)
	at org.springframework.web.filter.OncePerRequestFilter.doFilter(OncePerRequestFilter.java:107)
	at org.apache.catalina.core.ApplicationFilterChain.internalDoFilter(ApplicationFilterChain.java:241)
	at org.apache.catalina.core.ApplicationFilterChain.doFilter(ApplicationFilterChain.java:208)
	at org.codehaus.groovy.grails.web.servlet.mvc.GrailsWebRequestFilter.doFilterInternal(GrailsWebRequestFilter.java:69)
	at org.springframework.web.filter.OncePerRequestFilter.doFilter(OncePerRequestFilter.java:107)
	at org.apache.catalina.core.ApplicationFilterChain.internalDoFilter(ApplicationFilterChain.java:241)
	at org.apache.catalina.core.ApplicationFilterChain.doFilter(ApplicationFilterChain.java:208)
	at org.codehaus.groovy.grails.web.filters.HiddenHttpMethodFilter.doFilterInternal(HiddenHttpMethodFilter.java:67)
	at org.springframework.web.filter.OncePerRequestFilter.doFilter(OncePerRequestFilter.java:107)
	at org.apache.catalina.core.ApplicationFilterChain.internalDoFilter(ApplicationFilterChain.java:241)
	at org.apache.catalina.core.ApplicationFilterChain.doFilter(ApplicationFilterChain.java:208)
	at org.springframework.web.filter.CharacterEncodingFilter.doFilterInternal(CharacterEncodingFilter.java:85)
	at org.springframework.web.filter.OncePerRequestFilter.doFilter(OncePerRequestFilter.java:107)
	at org.springframework.web.filter.DelegatingFilterProxy.invokeDelegate(DelegatingFilterProxy.java:344)
	at org.springframework.web.filter.DelegatingFilterProxy.doFilter(DelegatingFilterProxy.java:261)
	at org.apache.catalina.core.ApplicationFilterChain.internalDoFilter(ApplicationFilterChain.java:241)
	at org.apache.catalina.core.ApplicationFilterChain.doFilter(ApplicationFilterChain.java:208)
	at org.apache.catalina.core.StandardWrapperValve.invoke(StandardWrapperValve.java:218)
	at org.apache.catalina.core.StandardContextValve.invoke(StandardContextValve.java:122)
	at org.apache.catalina.core.StandardHostValve.invoke(StandardHostValve.java:169)
	at org.apache.catalina.valves.ErrorReportValve.invoke(ErrorReportValve.java:103)
	at org.apache.catalina.core.StandardEngineValve.invoke(StandardEngineValve.java:116)
	at org.apache.catalina.connector.CoyoteAdapter.service(CoyoteAdapter.java:442)
	at org.apache.coyote.http11.AbstractHttp11Processor.process(AbstractHttp11Processor.java:1082)
	at org.apache.coyote.AbstractProtocol$AbstractConnectionHandler.process(AbstractProtocol.java:623)
	at org.apache.tomcat.util.net.JIoEndpoint$SocketProcessor.run(JIoEndpoint.java:318)
	at java.util.concurrent.ThreadPoolExecutor.runWorker(ThreadPoolExecutor.java:1149)
	at java.util.concurrent.ThreadPoolExecutor$Worker.run(ThreadPoolExecutor.java:624)
	at org.apache.tomcat.util.threads.TaskThread$WrappingRunnable.run(TaskThread.java:61)
	at java.lang.Thread.run(Thread.java:748)
Caused by: org.codehaus.groovy.grails.web.taglib.exceptions.GrailsTagException: Expecting '=' after attribute name (bean="${tekEventInstance}" field="name"}).
	at org.codehaus.groovy.grails.web.pages.GroovyPageParser.populateMapWithAttributes(GroovyPageParser.java:1197)
	at org.codehaus.groovy.grails.web.pages.GroovyPageParser.startTag(GroovyPageParser.java:1079)
	at org.codehaus.groovy.grails.web.pages.GroovyPageParser.page(GroovyPageParser.java:831)
	at org.codehaus.groovy.grails.web.pages.GroovyPageParser.generateGsp(GroovyPageParser.java:393)
	at org.codehaus.groovy.grails.web.pages.GroovyPageParser.parse(GroovyPageParser.java:349)
	at org.codehaus.groovy.grails.web.pages.GroovyPagesTemplateEngine.buildPageMetaInfo(GroovyPagesTemplateEngine.java:596)
	at org.codehaus.groovy.grails.web.pages.GroovyPagesTemplateEngine.buildPageMetaInfo(GroovyPagesTemplateEngine.java:493)
	at org.codehaus.groovy.grails.web.pages.GroovyPagesTemplateEngine$GroovyPagesTemplateEngineCacheEntry.updateValue(GroovyPagesTemplateEngine.java:159)
	at org.codehaus.groovy.grails.web.pages.GroovyPagesTemplateEngine$GroovyPagesTemplateEngineCacheEntry.updateValue(GroovyPagesTemplateEngine.java:138)
	at grails.util.CacheEntry.getValue(CacheEntry.java:144)
	at grails.util.CacheEntry.getValue(CacheEntry.java:84)
	at org.codehaus.groovy.grails.web.pages.GroovyPagesTemplateEngine.createTemplate(GroovyPagesTemplateEngine.java:316)
	at org.codehaus.groovy.grails.web.pages.GroovyPagesTemplateEngine.createTemplate(GroovyPagesTemplateEngine.java:306)
	at org.codehaus.groovy.grails.web.pages.GroovyPagesTemplateEngine.createTemplate(GroovyPagesTemplateEngine.java:408)
	at org.codehaus.groovy.grails.web.pages.GroovyPagesTemplateEngine.createTemplateForUri(GroovyPagesTemplateEngine.java:380)
	at org.codehaus.groovy.grails.web.pages.GroovyPagesTemplateEngine.createTemplateForUri(GroovyPagesTemplateEngine.java:373)
	at org.codehaus.groovy.grails.web.pages.GroovyPagesTemplateEngine.createTemplate(GroovyPagesTemplateEngine.java:344)
	at org.codehaus.groovy.grails.web.servlet.view.GroovyPageView.createGroovyPageException(GroovyPageView.java:108)
	at org.codehaus.groovy.grails.web.servlet.view.GroovyPageView.handleException(GroovyPageView.java:104)
	at org.codehaus.groovy.grails.web.servlet.view.GroovyPageView.afterPropertiesSet(GroovyPageView.java:161)
	at org.codehaus.groovy.grails.web.servlet.view.GroovyPageViewResolver.createGroovyPageView(GroovyPageViewResolver.java:208)
	... 74 more
2025-05-15 10:51:50,093 [http-bio-8080-exec-20] ERROR StackTrace  - Full Stack Trace:
org.codehaus.groovy.grails.web.taglib.exceptions.GrailsTagException: Expecting '=' after attribute name (bean="${tekEventInstance}" field="name"}).
	at org.codehaus.groovy.grails.web.pages.GroovyPageParser.populateMapWithAttributes(GroovyPageParser.java:1197)
	at org.codehaus.groovy.grails.web.pages.GroovyPageParser.startTag(GroovyPageParser.java:1079)
	at org.codehaus.groovy.grails.web.pages.GroovyPageParser.page(GroovyPageParser.java:831)
	at org.codehaus.groovy.grails.web.pages.GroovyPageParser.generateGsp(GroovyPageParser.java:393)
	at org.codehaus.groovy.grails.web.pages.GroovyPageParser.parse(GroovyPageParser.java:349)
	at org.codehaus.groovy.grails.web.pages.GroovyPagesTemplateEngine.buildPageMetaInfo(GroovyPagesTemplateEngine.java:596)
	at org.codehaus.groovy.grails.web.pages.GroovyPagesTemplateEngine.buildPageMetaInfo(GroovyPagesTemplateEngine.java:493)
	at org.codehaus.groovy.grails.web.pages.GroovyPagesTemplateEngine$GroovyPagesTemplateEngineCacheEntry.updateValue(GroovyPagesTemplateEngine.java:159)
	at org.codehaus.groovy.grails.web.pages.GroovyPagesTemplateEngine$GroovyPagesTemplateEngineCacheEntry.updateValue(GroovyPagesTemplateEngine.java:138)
	at grails.util.CacheEntry.getValue(CacheEntry.java:144)
	at grails.util.CacheEntry.getValue(CacheEntry.java:84)
	at org.codehaus.groovy.grails.web.pages.GroovyPagesTemplateEngine.createTemplate(GroovyPagesTemplateEngine.java:316)
	at org.codehaus.groovy.grails.web.pages.GroovyPagesTemplateEngine.createTemplate(GroovyPagesTemplateEngine.java:306)
	at org.codehaus.groovy.grails.web.pages.GroovyPagesTemplateEngine.createTemplate(GroovyPagesTemplateEngine.java:408)
	at org.codehaus.groovy.grails.web.pages.GroovyPagesTemplateEngine.createTemplateForUri(GroovyPagesTemplateEngine.java:380)
	at org.codehaus.groovy.grails.web.pages.GroovyPagesTemplateEngine.createTemplateForUri(GroovyPagesTemplateEngine.java:373)
	at org.codehaus.groovy.grails.web.pages.GroovyPagesTemplateEngine.createTemplate(GroovyPagesTemplateEngine.java:344)
	at org.codehaus.groovy.grails.web.servlet.view.GroovyPageView.createGroovyPageException(GroovyPageView.java:108)
	at org.codehaus.groovy.grails.web.servlet.view.GroovyPageView.handleException(GroovyPageView.java:104)
	at org.codehaus.groovy.grails.web.servlet.view.GroovyPageView.afterPropertiesSet(GroovyPageView.java:161)
	at org.codehaus.groovy.grails.web.servlet.view.GroovyPageViewResolver.createGroovyPageView(GroovyPageViewResolver.java:208)
	at org.codehaus.groovy.grails.web.servlet.view.GroovyPageViewResolver.createGrailsView(GroovyPageViewResolver.java:191)
	at org.codehaus.groovy.grails.web.servlet.view.GroovyPageViewResolver.loadView(GroovyPageViewResolver.java:96)
	at org.springframework.web.servlet.view.AbstractCachingViewResolver.createView(AbstractCachingViewResolver.java:244)
	at org.springframework.web.servlet.view.UrlBasedViewResolver.createView(UrlBasedViewResolver.java:446)
	at org.springframework.web.servlet.view.AbstractCachingViewResolver.resolveViewName(AbstractCachingViewResolver.java:146)
	at org.codehaus.groovy.grails.web.servlet.view.GroovyPageViewResolver.resolveViewName(GroovyPageViewResolver.java:85)
	at org.codehaus.groovy.grails.web.servlet.view.GrailsLayoutViewResolver.resolveViewName(GrailsLayoutViewResolver.java:50)
	at org.springframework.web.servlet.DispatcherServlet.resolveViewName(DispatcherServlet.java:1282)
	at org.springframework.web.servlet.DispatcherServlet.render(DispatcherServlet.java:1223)
	at org.codehaus.groovy.grails.web.servlet.GrailsDispatcherServlet.doDispatch(GrailsDispatcherServlet.java:388)
	at org.springframework.web.servlet.DispatcherServlet.doService(DispatcherServlet.java:893)
	at org.springframework.web.servlet.FrameworkServlet.processRequest(FrameworkServlet.java:965)
	at org.springframework.web.servlet.FrameworkServlet.doGet(FrameworkServlet.java:856)
	at javax.servlet.http.HttpServlet.service(HttpServlet.java:624)
	at org.springframework.web.servlet.FrameworkServlet.service(FrameworkServlet.java:841)
	at javax.servlet.http.HttpServlet.service(HttpServlet.java:731)
	at org.apache.catalina.core.ApplicationFilterChain.internalDoFilter(ApplicationFilterChain.java:303)
	at org.apache.catalina.core.ApplicationFilterChain.doFilter(ApplicationFilterChain.java:208)
	at org.apache.tomcat.websocket.server.WsFilter.doFilter(WsFilter.java:52)
	at org.apache.catalina.core.ApplicationFilterChain.internalDoFilter(ApplicationFilterChain.java:241)
	at org.apache.catalina.core.ApplicationFilterChain.doFilter(ApplicationFilterChain.java:208)
	at grails.plugin.cache.web.filter.PageFragmentCachingFilter.doFilter(PageFragmentCachingFilter.java:198)
	at grails.plugin.cache.web.filter.AbstractFilter.doFilter(AbstractFilter.java:63)
	at org.springframework.web.filter.DelegatingFilterProxy.invokeDelegate(DelegatingFilterProxy.java:344)
	at org.springframework.web.filter.DelegatingFilterProxy.doFilter(DelegatingFilterProxy.java:261)
	at org.apache.catalina.core.ApplicationFilterChain.internalDoFilter(ApplicationFilterChain.java:241)
	at org.apache.catalina.core.ApplicationFilterChain.doFilter(ApplicationFilterChain.java:208)
	at org.springframework.web.filter.OncePerRequestFilter.doFilter(OncePerRequestFilter.java:101)
	at org.apache.catalina.core.ApplicationFilterChain.internalDoFilter(ApplicationFilterChain.java:241)
	at org.apache.catalina.core.ApplicationFilterChain.doFilter(ApplicationFilterChain.java:208)
	at org.springframework.web.filter.OncePerRequestFilter.doFilter(OncePerRequestFilter.java:101)
	at org.apache.catalina.core.ApplicationFilterChain.internalDoFilter(ApplicationFilterChain.java:241)
	at org.apache.catalina.core.ApplicationFilterChain.doFilter(ApplicationFilterChain.java:208)
	at org.springframework.web.filter.OncePerRequestFilter.doFilter(OncePerRequestFilter.java:101)
	at org.apache.catalina.core.ApplicationFilterChain.internalDoFilter(ApplicationFilterChain.java:241)
	at org.apache.catalina.core.ApplicationFilterChain.doFilter(ApplicationFilterChain.java:208)
	at org.apache.catalina.core.ApplicationDispatcher.invoke(ApplicationDispatcher.java:747)
	at org.apache.catalina.core.ApplicationDispatcher.processRequest(ApplicationDispatcher.java:485)
	at org.apache.catalina.core.ApplicationDispatcher.doForward(ApplicationDispatcher.java:410)
	at org.apache.catalina.core.ApplicationDispatcher.forward(ApplicationDispatcher.java:337)
	at org.codehaus.groovy.grails.web.mapping.UrlMappingUtils.forwardRequestForUrlMappingInfo(UrlMappingUtils.java:178)
	at org.codehaus.groovy.grails.web.mapping.UrlMappingUtils.forwardRequestForUrlMappingInfo(UrlMappingUtils.java:144)
	at org.codehaus.groovy.grails.web.mapping.UrlMappingUtils.forwardRequestForUrlMappingInfo(UrlMappingUtils.java:135)
	at org.codehaus.groovy.grails.web.mapping.filter.UrlMappingsFilter.doFilterInternal(UrlMappingsFilter.java:216)
	at org.springframework.web.filter.OncePerRequestFilter.doFilter(OncePerRequestFilter.java:107)
	at org.apache.catalina.core.ApplicationFilterChain.internalDoFilter(ApplicationFilterChain.java:241)
	at org.apache.catalina.core.ApplicationFilterChain.doFilter(ApplicationFilterChain.java:208)
	at org.codehaus.groovy.grails.web.servlet.mvc.GrailsWebRequestFilter.doFilterInternal(GrailsWebRequestFilter.java:69)
	at org.springframework.web.filter.OncePerRequestFilter.doFilter(OncePerRequestFilter.java:107)
	at org.apache.catalina.core.ApplicationFilterChain.internalDoFilter(ApplicationFilterChain.java:241)
	at org.apache.catalina.core.ApplicationFilterChain.doFilter(ApplicationFilterChain.java:208)
	at org.codehaus.groovy.grails.web.filters.HiddenHttpMethodFilter.doFilterInternal(HiddenHttpMethodFilter.java:67)
	at org.springframework.web.filter.OncePerRequestFilter.doFilter(OncePerRequestFilter.java:107)
	at org.apache.catalina.core.ApplicationFilterChain.internalDoFilter(ApplicationFilterChain.java:241)
	at org.apache.catalina.core.ApplicationFilterChain.doFilter(ApplicationFilterChain.java:208)
	at org.springframework.web.filter.CharacterEncodingFilter.doFilterInternal(CharacterEncodingFilter.java:85)
	at org.springframework.web.filter.OncePerRequestFilter.doFilter(OncePerRequestFilter.java:107)
	at org.springframework.web.filter.DelegatingFilterProxy.invokeDelegate(DelegatingFilterProxy.java:344)
	at org.springframework.web.filter.DelegatingFilterProxy.doFilter(DelegatingFilterProxy.java:261)
	at org.apache.catalina.core.ApplicationFilterChain.internalDoFilter(ApplicationFilterChain.java:241)
	at org.apache.catalina.core.ApplicationFilterChain.doFilter(ApplicationFilterChain.java:208)
	at org.apache.catalina.core.StandardWrapperValve.invoke(StandardWrapperValve.java:218)
	at org.apache.catalina.core.StandardContextValve.invoke(StandardContextValve.java:122)
	at org.apache.catalina.core.StandardHostValve.invoke(StandardHostValve.java:169)
	at org.apache.catalina.valves.ErrorReportValve.invoke(ErrorReportValve.java:103)
	at org.apache.catalina.core.StandardEngineValve.invoke(StandardEngineValve.java:116)
	at org.apache.catalina.connector.CoyoteAdapter.service(CoyoteAdapter.java:442)
	at org.apache.coyote.http11.AbstractHttp11Processor.process(AbstractHttp11Processor.java:1082)
	at org.apache.coyote.AbstractProtocol$AbstractConnectionHandler.process(AbstractProtocol.java:623)
	at org.apache.tomcat.util.net.JIoEndpoint$SocketProcessor.run(JIoEndpoint.java:318)
	at java.util.concurrent.ThreadPoolExecutor.runWorker(ThreadPoolExecutor.java:1149)
	at java.util.concurrent.ThreadPoolExecutor$Worker.run(ThreadPoolExecutor.java:624)
	at org.apache.tomcat.util.threads.TaskThread$WrappingRunnable.run(TaskThread.java:61)
	at java.lang.Thread.run(Thread.java:748)
2025-05-15 10:51:50,094 [http-bio-8080-exec-20] ERROR StackTrace  - Full Stack Trace:
java.lang.RuntimeException: Error initializing GroovyPageView
	at grails.plugin.cache.web.filter.PageFragmentCachingFilter.doFilter(PageFragmentCachingFilter.java:198)
	at grails.plugin.cache.web.filter.AbstractFilter.doFilter(AbstractFilter.java:63)
	at java.util.concurrent.ThreadPoolExecutor.runWorker(ThreadPoolExecutor.java:1149)
	at java.util.concurrent.ThreadPoolExecutor$Worker.run(ThreadPoolExecutor.java:624)
	at java.lang.Thread.run(Thread.java:748)
Caused by: org.codehaus.groovy.grails.web.taglib.exceptions.GrailsTagException: Expecting '=' after attribute name (bean="${tekEventInstance}" field="name"}).
	at grails.util.CacheEntry.getValue(CacheEntry.java:144)
	at grails.util.CacheEntry.getValue(CacheEntry.java:84)
	... 5 more
2025-05-15 10:51:50,095 [http-bio-8080-exec-20] ERROR StackTrace  - Full Stack Trace:
java.lang.RuntimeException: Error initializing GroovyPageView
	at grails.plugin.cache.web.filter.PageFragmentCachingFilter.doFilter(PageFragmentCachingFilter.java:198)
	at grails.plugin.cache.web.filter.AbstractFilter.doFilter(AbstractFilter.java:63)
	at java.util.concurrent.ThreadPoolExecutor.runWorker(ThreadPoolExecutor.java:1149)
	at java.util.concurrent.ThreadPoolExecutor$Worker.run(ThreadPoolExecutor.java:624)
	at java.lang.Thread.run(Thread.java:748)
Caused by: org.codehaus.groovy.grails.web.taglib.exceptions.GrailsTagException: Expecting '=' after attribute name (bean="${tekEventInstance}" field="name"}).
	at grails.util.CacheEntry.getValue(CacheEntry.java:144)
	at grails.util.CacheEntry.getValue(CacheEntry.java:84)
	... 5 more
2025-05-15 10:51:50,095 [http-bio-8080-exec-20] ERROR StackTrace  - Full Stack Trace:
org.codehaus.groovy.grails.web.taglib.exceptions.GrailsTagException: Expecting '=' after attribute name (bean="${tekEventInstance}" field="name"}).
	at grails.util.CacheEntry.getValue(CacheEntry.java:144)
	at grails.util.CacheEntry.getValue(CacheEntry.java:84)
	at grails.plugin.cache.web.filter.PageFragmentCachingFilter.doFilter(PageFragmentCachingFilter.java:198)
	at grails.plugin.cache.web.filter.AbstractFilter.doFilter(AbstractFilter.java:63)
	at java.util.concurrent.ThreadPoolExecutor.runWorker(ThreadPoolExecutor.java:1149)
	at java.util.concurrent.ThreadPoolExecutor$Worker.run(ThreadPoolExecutor.java:624)
	at java.lang.Thread.run(Thread.java:748)
2025-05-15 10:51:50,095 [http-bio-8080-exec-20] ERROR StackTrace  - Full Stack Trace:
java.lang.RuntimeException: Error initializing GroovyPageView
	at grails.plugin.cache.web.filter.PageFragmentCachingFilter.doFilter(PageFragmentCachingFilter.java:198)
	at grails.plugin.cache.web.filter.AbstractFilter.doFilter(AbstractFilter.java:63)
	at java.util.concurrent.ThreadPoolExecutor.runWorker(ThreadPoolExecutor.java:1149)
	at java.util.concurrent.ThreadPoolExecutor$Worker.run(ThreadPoolExecutor.java:624)
	at java.lang.Thread.run(Thread.java:748)
Caused by: org.codehaus.groovy.grails.web.taglib.exceptions.GrailsTagException: Expecting '=' after attribute name (bean="${tekEventInstance}" field="name"}).
	at grails.util.CacheEntry.getValue(CacheEntry.java:144)
	at grails.util.CacheEntry.getValue(CacheEntry.java:84)
	... 5 more
2025-05-15 10:51:50,095 [http-bio-8080-exec-20] ERROR StackTrace  - Full Stack Trace:
java.lang.RuntimeException: Error initializing GroovyPageView
	at grails.plugin.cache.web.filter.PageFragmentCachingFilter.doFilter(PageFragmentCachingFilter.java:198)
	at grails.plugin.cache.web.filter.AbstractFilter.doFilter(AbstractFilter.java:63)
	at java.util.concurrent.ThreadPoolExecutor.runWorker(ThreadPoolExecutor.java:1149)
	at java.util.concurrent.ThreadPoolExecutor$Worker.run(ThreadPoolExecutor.java:624)
	at java.lang.Thread.run(Thread.java:748)
Caused by: org.codehaus.groovy.grails.web.taglib.exceptions.GrailsTagException: Expecting '=' after attribute name (bean="${tekEventInstance}" field="name"}).
	at grails.util.CacheEntry.getValue(CacheEntry.java:144)
	at grails.util.CacheEntry.getValue(CacheEntry.java:84)
	... 5 more
2025-05-15 10:51:50,095 [http-bio-8080-exec-20] ERROR StackTrace  - Full Stack Trace:
org.codehaus.groovy.grails.web.taglib.exceptions.GrailsTagException: Expecting '=' after attribute name (bean="${tekEventInstance}" field="name"}).
	at grails.util.CacheEntry.getValue(CacheEntry.java:144)
	at grails.util.CacheEntry.getValue(CacheEntry.java:84)
	at grails.plugin.cache.web.filter.PageFragmentCachingFilter.doFilter(PageFragmentCachingFilter.java:198)
	at grails.plugin.cache.web.filter.AbstractFilter.doFilter(AbstractFilter.java:63)
	at java.util.concurrent.ThreadPoolExecutor.runWorker(ThreadPoolExecutor.java:1149)
	at java.util.concurrent.ThreadPoolExecutor$Worker.run(ThreadPoolExecutor.java:624)
	at java.lang.Thread.run(Thread.java:748)
2025-05-15 10:51:50,095 [http-bio-8080-exec-20] ERROR StackTrace  - Full Stack Trace:
java.lang.RuntimeException: Error initializing GroovyPageView
	at grails.plugin.cache.web.filter.PageFragmentCachingFilter.doFilter(PageFragmentCachingFilter.java:198)
	at grails.plugin.cache.web.filter.AbstractFilter.doFilter(AbstractFilter.java:63)
	at java.util.concurrent.ThreadPoolExecutor.runWorker(ThreadPoolExecutor.java:1149)
	at java.util.concurrent.ThreadPoolExecutor$Worker.run(ThreadPoolExecutor.java:624)
	at java.lang.Thread.run(Thread.java:748)
Caused by: org.codehaus.groovy.grails.web.taglib.exceptions.GrailsTagException: Expecting '=' after attribute name (bean="${tekEventInstance}" field="name"}).
	at grails.util.CacheEntry.getValue(CacheEntry.java:144)
	at grails.util.CacheEntry.getValue(CacheEntry.java:84)
	... 5 more
2025-05-16 14:24:52,148 [http-bio-8080-exec-30] ERROR StackTrace  - Full Stack Trace:
org.hibernate.MappingException: Unknown entity: java.lang.String
	at org.hibernate.internal.SessionFactoryImpl.getEntityPersister(SessionFactoryImpl.java:1096)
	at org.hibernate.internal.SessionImpl.getEntityPersister(SessionImpl.java:1479)
	at org.hibernate.event.internal.DefaultDeleteEventListener.onDelete(DefaultDeleteEventListener.java:99)
	at org.hibernate.event.internal.DefaultDeleteEventListener.onDelete(DefaultDeleteEventListener.java:73)
	at org.hibernate.internal.SessionImpl.fireDelete(SessionImpl.java:956)
	at org.hibernate.internal.SessionImpl.delete(SessionImpl.java:896)
	at org.codehaus.groovy.grails.orm.hibernate.GrailsHibernateTemplate$11.doInHibernate(GrailsHibernateTemplate.java:632)
	at org.codehaus.groovy.grails.orm.hibernate.GrailsHibernateTemplate$11.doInHibernate(GrailsHibernateTemplate.java:629)
	at org.codehaus.groovy.grails.orm.hibernate.GrailsHibernateTemplate.doExecute(GrailsHibernateTemplate.java:188)
	at org.codehaus.groovy.grails.orm.hibernate.GrailsHibernateTemplate.execute(GrailsHibernateTemplate.java:132)
	at org.codehaus.groovy.grails.orm.hibernate.GrailsHibernateTemplate.deleteAll(GrailsHibernateTemplate.java:629)
	at org.codehaus.groovy.grails.orm.hibernate.AbstractHibernateSession.delete(AbstractHibernateSession.java:130)
	at org.grails.datastore.gorm.GormStaticApi$_deleteAll_closure5.doCall(GormStaticApi.groovy:196)
	at sun.reflect.NativeMethodAccessorImpl.invoke0(Native Method)
	at sun.reflect.NativeMethodAccessorImpl.invoke(NativeMethodAccessorImpl.java:62)
	at sun.reflect.DelegatingMethodAccessorImpl.invoke(DelegatingMethodAccessorImpl.java:43)
	at java.lang.reflect.Method.invoke(Method.java:498)
	at org.springsource.loaded.ri.ReflectiveInterceptor.jlrMethodInvoke(ReflectiveInterceptor.java:1432)
	at org.codehaus.groovy.reflection.CachedMethod.invoke(CachedMethod.java:93)
	at groovy.lang.MetaMethod.doMethodInvoke(MetaMethod.java:325)
	at groovy.lang.MetaClassImpl.invokeMethod(MetaClassImpl.java:1218)
	at groovy.lang.ExpandoMetaClass.invokeMethod(ExpandoMetaClass.java:1125)
	at groovy.lang.MetaClassImpl.invokeMethod(MetaClassImpl.java:1027)
	at groovy.lang.Closure.call(Closure.java:414)
	at org.codehaus.groovy.runtime.ConvertedClosure.invokeCustom(ConvertedClosure.java:54)
	at org.codehaus.groovy.runtime.ConversionHandler.invoke(ConversionHandler.java:124)
	at com.sun.proxy.$Proxy41.doInSession(Unknown Source)
	at org.grails.datastore.mapping.core.DatastoreUtils.execute(DatastoreUtils.java:302)
	at org.grails.datastore.gorm.AbstractDatastoreApi.execute(AbstractDatastoreApi.groovy:37)
	at org.grails.datastore.gorm.GormStaticApi.deleteAll(GormStaticApi.groovy:195)
	at com.tekdays.TekEvent.deleteAll(TekEvent.groovy)
	at sun.reflect.NativeMethodAccessorImpl.invoke0(Native Method)
	at sun.reflect.NativeMethodAccessorImpl.invoke(NativeMethodAccessorImpl.java:62)
	at sun.reflect.DelegatingMethodAccessorImpl.invoke(DelegatingMethodAccessorImpl.java:43)
	at java.lang.reflect.Method.invoke(Method.java:498)
	at org.springsource.loaded.ri.OriginalClassInvoker.invoke(OriginalClassInvoker.java:50)
	at org.springsource.loaded.ri.ReflectiveInterceptor.jlrMethodInvoke(ReflectiveInterceptor.java:1461)
	at org.codehaus.groovy.reflection.CachedMethod.invoke(CachedMethod.java:93)
	at groovy.lang.MetaMethod.doMethodInvoke(MetaMethod.java:325)
	at org.codehaus.groovy.runtime.callsite.StaticMetaMethodSite.invoke(StaticMetaMethodSite.java:46)
	at org.codehaus.groovy.runtime.callsite.StaticMetaMethodSite.call(StaticMetaMethodSite.java:91)
	at org.codehaus.groovy.runtime.callsite.CallSiteArray.defaultCall(CallSiteArray.java:48)
	at org.codehaus.groovy.runtime.callsite.AbstractCallSite.call(AbstractCallSite.java:113)
	at org.codehaus.groovy.runtime.callsite.AbstractCallSite.call(AbstractCallSite.java:125)
	at com.tekdays.TekEventController$$EUlM2uLW.delete(TekEventController.groovy:62)
	at sun.reflect.NativeMethodAccessorImpl.invoke0(Native Method)
	at sun.reflect.NativeMethodAccessorImpl.invoke(NativeMethodAccessorImpl.java:62)
	at sun.reflect.DelegatingMethodAccessorImpl.invoke(DelegatingMethodAccessorImpl.java:43)
	at java.lang.reflect.Method.invoke(Method.java:498)
	at org.springsource.loaded.ri.ReloadedTypeInvoker$2.invoke(ReloadedTypeInvoker.java:133)
	at org.springsource.loaded.ri.ReflectiveInterceptor.jlrMethodInvoke(ReflectiveInterceptor.java:1461)
	at org.codehaus.groovy.grails.web.servlet.mvc.MixedGrailsControllerHelper.invoke(MixedGrailsControllerHelper.java:154)
	at org.codehaus.groovy.grails.web.servlet.mvc.AbstractGrailsControllerHelper.handleAction(AbstractGrailsControllerHelper.java:375)
	at org.codehaus.groovy.grails.web.servlet.mvc.AbstractGrailsControllerHelper.executeAction(AbstractGrailsControllerHelper.java:252)
	at org.codehaus.groovy.grails.web.servlet.mvc.AbstractGrailsControllerHelper.handleURI(AbstractGrailsControllerHelper.java:205)
	at org.codehaus.groovy.grails.web.servlet.mvc.AbstractGrailsControllerHelper.handleURI(AbstractGrailsControllerHelper.java:126)
	at org.codehaus.groovy.grails.web.servlet.mvc.SimpleGrailsController.handleRequest(SimpleGrailsController.java:72)
	at org.springframework.web.servlet.mvc.SimpleControllerHandlerAdapter.handle(SimpleControllerHandlerAdapter.java:50)
	at org.codehaus.groovy.grails.web.servlet.GrailsDispatcherServlet.doDispatch(GrailsDispatcherServlet.java:347)
	at org.springframework.web.servlet.DispatcherServlet.doService(DispatcherServlet.java:893)
	at org.springframework.web.servlet.FrameworkServlet.processRequest(FrameworkServlet.java:965)
	at org.springframework.web.servlet.FrameworkServlet.doDelete(FrameworkServlet.java:889)
	at javax.servlet.http.HttpServlet.service(HttpServlet.java:656)
	at org.springframework.web.servlet.FrameworkServlet.service(FrameworkServlet.java:841)
	at javax.servlet.http.HttpServlet.service(HttpServlet.java:731)
	at org.apache.catalina.core.ApplicationFilterChain.internalDoFilter(ApplicationFilterChain.java:303)
	at org.apache.catalina.core.ApplicationFilterChain.doFilter(ApplicationFilterChain.java:208)
	at org.apache.tomcat.websocket.server.WsFilter.doFilter(WsFilter.java:52)
	at org.apache.catalina.core.ApplicationFilterChain.internalDoFilter(ApplicationFilterChain.java:241)
	at org.apache.catalina.core.ApplicationFilterChain.doFilter(ApplicationFilterChain.java:208)
	at grails.plugin.cache.web.filter.PageFragmentCachingFilter.doFilter(PageFragmentCachingFilter.java:198)
	at grails.plugin.cache.web.filter.AbstractFilter.doFilter(AbstractFilter.java:63)
	at org.springframework.web.filter.DelegatingFilterProxy.invokeDelegate(DelegatingFilterProxy.java:344)
	at org.springframework.web.filter.DelegatingFilterProxy.doFilter(DelegatingFilterProxy.java:261)
	at org.apache.catalina.core.ApplicationFilterChain.internalDoFilter(ApplicationFilterChain.java:241)
	at org.apache.catalina.core.ApplicationFilterChain.doFilter(ApplicationFilterChain.java:208)
	at org.springframework.web.filter.OncePerRequestFilter.doFilter(OncePerRequestFilter.java:101)
	at org.apache.catalina.core.ApplicationFilterChain.internalDoFilter(ApplicationFilterChain.java:241)
	at org.apache.catalina.core.ApplicationFilterChain.doFilter(ApplicationFilterChain.java:208)
	at org.springframework.web.filter.OncePerRequestFilter.doFilter(OncePerRequestFilter.java:101)
	at org.apache.catalina.core.ApplicationFilterChain.internalDoFilter(ApplicationFilterChain.java:241)
	at org.apache.catalina.core.ApplicationFilterChain.doFilter(ApplicationFilterChain.java:208)
	at org.springframework.web.filter.OncePerRequestFilter.doFilter(OncePerRequestFilter.java:101)
	at org.apache.catalina.core.ApplicationFilterChain.internalDoFilter(ApplicationFilterChain.java:241)
	at org.apache.catalina.core.ApplicationFilterChain.doFilter(ApplicationFilterChain.java:208)
	at org.apache.catalina.core.ApplicationDispatcher.invoke(ApplicationDispatcher.java:747)
	at org.apache.catalina.core.ApplicationDispatcher.processRequest(ApplicationDispatcher.java:485)
	at org.apache.catalina.core.ApplicationDispatcher.doForward(ApplicationDispatcher.java:410)
	at org.apache.catalina.core.ApplicationDispatcher.forward(ApplicationDispatcher.java:337)
	at org.codehaus.groovy.grails.web.mapping.UrlMappingUtils.forwardRequestForUrlMappingInfo(UrlMappingUtils.java:178)
	at org.codehaus.groovy.grails.web.mapping.UrlMappingUtils.forwardRequestForUrlMappingInfo(UrlMappingUtils.java:144)
	at org.codehaus.groovy.grails.web.mapping.UrlMappingUtils.forwardRequestForUrlMappingInfo(UrlMappingUtils.java:135)
	at org.codehaus.groovy.grails.web.mapping.filter.UrlMappingsFilter.doFilterInternal(UrlMappingsFilter.java:216)
	at org.springframework.web.filter.OncePerRequestFilter.doFilter(OncePerRequestFilter.java:107)
	at org.apache.catalina.core.ApplicationFilterChain.internalDoFilter(ApplicationFilterChain.java:241)
	at org.apache.catalina.core.ApplicationFilterChain.doFilter(ApplicationFilterChain.java:208)
	at org.codehaus.groovy.grails.web.servlet.mvc.GrailsWebRequestFilter.doFilterInternal(GrailsWebRequestFilter.java:69)
	at org.springframework.web.filter.OncePerRequestFilter.doFilter(OncePerRequestFilter.java:107)
	at org.apache.catalina.core.ApplicationFilterChain.internalDoFilter(ApplicationFilterChain.java:241)
	at org.apache.catalina.core.ApplicationFilterChain.doFilter(ApplicationFilterChain.java:208)
	at org.codehaus.groovy.grails.web.filters.HiddenHttpMethodFilter.doFilterInternal(HiddenHttpMethodFilter.java:62)
	at org.springframework.web.filter.OncePerRequestFilter.doFilter(OncePerRequestFilter.java:107)
	at org.apache.catalina.core.ApplicationFilterChain.internalDoFilter(ApplicationFilterChain.java:241)
	at org.apache.catalina.core.ApplicationFilterChain.doFilter(ApplicationFilterChain.java:208)
	at org.springframework.web.filter.CharacterEncodingFilter.doFilterInternal(CharacterEncodingFilter.java:85)
	at org.springframework.web.filter.OncePerRequestFilter.doFilter(OncePerRequestFilter.java:107)
	at org.springframework.web.filter.DelegatingFilterProxy.invokeDelegate(DelegatingFilterProxy.java:344)
	at org.springframework.web.filter.DelegatingFilterProxy.doFilter(DelegatingFilterProxy.java:261)
	at org.apache.catalina.core.ApplicationFilterChain.internalDoFilter(ApplicationFilterChain.java:241)
	at org.apache.catalina.core.ApplicationFilterChain.doFilter(ApplicationFilterChain.java:208)
	at org.apache.catalina.core.StandardWrapperValve.invoke(StandardWrapperValve.java:218)
	at org.apache.catalina.core.StandardContextValve.invoke(StandardContextValve.java:122)
	at org.apache.catalina.core.StandardHostValve.invoke(StandardHostValve.java:169)
	at org.apache.catalina.valves.ErrorReportValve.invoke(ErrorReportValve.java:103)
	at org.apache.catalina.core.StandardEngineValve.invoke(StandardEngineValve.java:116)
	at org.apache.catalina.connector.CoyoteAdapter.service(CoyoteAdapter.java:442)
	at org.apache.coyote.http11.AbstractHttp11Processor.process(AbstractHttp11Processor.java:1082)
	at org.apache.coyote.AbstractProtocol$AbstractConnectionHandler.process(AbstractProtocol.java:623)
	at org.apache.tomcat.util.net.JIoEndpoint$SocketProcessor.run(JIoEndpoint.java:318)
	at java.util.concurrent.ThreadPoolExecutor.runWorker(ThreadPoolExecutor.java:1149)
	at java.util.concurrent.ThreadPoolExecutor$Worker.run(ThreadPoolExecutor.java:624)
	at org.apache.tomcat.util.threads.TaskThread$WrappingRunnable.run(TaskThread.java:61)
	at java.lang.Thread.run(Thread.java:748)
2025-05-16 14:24:52,149 [http-bio-8080-exec-30] ERROR StackTrace  - Full Stack Trace:
org.hibernate.MappingException: Unknown entity: java.lang.String
	at org.grails.datastore.gorm.GormStaticApi$_deleteAll_closure5.doCall(GormStaticApi.groovy:196)
	at org.grails.datastore.mapping.core.DatastoreUtils.execute(DatastoreUtils.java:302)
	at org.grails.datastore.gorm.AbstractDatastoreApi.execute(AbstractDatastoreApi.groovy:37)
	at org.grails.datastore.gorm.GormStaticApi.deleteAll(GormStaticApi.groovy:195)
	at com.tekdays.TekEventController$$EUlM2uLW.delete(TekEventController.groovy:62)
	at grails.plugin.cache.web.filter.PageFragmentCachingFilter.doFilter(PageFragmentCachingFilter.java:198)
	at grails.plugin.cache.web.filter.AbstractFilter.doFilter(AbstractFilter.java:63)
	at java.util.concurrent.ThreadPoolExecutor.runWorker(ThreadPoolExecutor.java:1149)
	at java.util.concurrent.ThreadPoolExecutor$Worker.run(ThreadPoolExecutor.java:624)
	at java.lang.Thread.run(Thread.java:748)
2025-05-16 14:24:52,152 [http-bio-8080-exec-30] ERROR StackTrace  - Full Stack Trace:
org.hibernate.MappingException: Unknown entity: java.lang.String
	at org.grails.datastore.gorm.GormStaticApi$_deleteAll_closure5.doCall(GormStaticApi.groovy:196)
	at org.grails.datastore.mapping.core.DatastoreUtils.execute(DatastoreUtils.java:302)
	at org.grails.datastore.gorm.AbstractDatastoreApi.execute(AbstractDatastoreApi.groovy:37)
	at org.grails.datastore.gorm.GormStaticApi.deleteAll(GormStaticApi.groovy:195)
	at com.tekdays.TekEventController$$EUlM2uLW.delete(TekEventController.groovy:62)
	at grails.plugin.cache.web.filter.PageFragmentCachingFilter.doFilter(PageFragmentCachingFilter.java:198)
	at grails.plugin.cache.web.filter.AbstractFilter.doFilter(AbstractFilter.java:63)
	at java.util.concurrent.ThreadPoolExecutor.runWorker(ThreadPoolExecutor.java:1149)
	at java.util.concurrent.ThreadPoolExecutor$Worker.run(ThreadPoolExecutor.java:624)
	at java.lang.Thread.run(Thread.java:748)
2025-05-16 14:24:52,152 [http-bio-8080-exec-30] ERROR StackTrace  - Full Stack Trace:
org.hibernate.MappingException: Unknown entity: java.lang.String
	at org.grails.datastore.gorm.GormStaticApi$_deleteAll_closure5.doCall(GormStaticApi.groovy:196)
	at org.grails.datastore.mapping.core.DatastoreUtils.execute(DatastoreUtils.java:302)
	at org.grails.datastore.gorm.AbstractDatastoreApi.execute(AbstractDatastoreApi.groovy:37)
	at org.grails.datastore.gorm.GormStaticApi.deleteAll(GormStaticApi.groovy:195)
	at com.tekdays.TekEventController$$EUlM2uLW.delete(TekEventController.groovy:62)
	at grails.plugin.cache.web.filter.PageFragmentCachingFilter.doFilter(PageFragmentCachingFilter.java:198)
	at grails.plugin.cache.web.filter.AbstractFilter.doFilter(AbstractFilter.java:63)
	at java.util.concurrent.ThreadPoolExecutor.runWorker(ThreadPoolExecutor.java:1149)
	at java.util.concurrent.ThreadPoolExecutor$Worker.run(ThreadPoolExecutor.java:624)
	at java.lang.Thread.run(Thread.java:748)
2025-05-16 14:24:52,153 [http-bio-8080-exec-30] ERROR StackTrace  - Full Stack Trace:
org.hibernate.MappingException: Unknown entity: java.lang.String
	at org.grails.datastore.gorm.GormStaticApi$_deleteAll_closure5.doCall(GormStaticApi.groovy:196)
	at org.grails.datastore.mapping.core.DatastoreUtils.execute(DatastoreUtils.java:302)
	at org.grails.datastore.gorm.AbstractDatastoreApi.execute(AbstractDatastoreApi.groovy:37)
	at org.grails.datastore.gorm.GormStaticApi.deleteAll(GormStaticApi.groovy:195)
	at com.tekdays.TekEventController$$EUlM2uLW.delete(TekEventController.groovy:62)
	at grails.plugin.cache.web.filter.PageFragmentCachingFilter.doFilter(PageFragmentCachingFilter.java:198)
	at grails.plugin.cache.web.filter.AbstractFilter.doFilter(AbstractFilter.java:63)
	at java.util.concurrent.ThreadPoolExecutor.runWorker(ThreadPoolExecutor.java:1149)
	at java.util.concurrent.ThreadPoolExecutor$Worker.run(ThreadPoolExecutor.java:624)
	at java.lang.Thread.run(Thread.java:748)
2025-05-16 14:24:52,153 [http-bio-8080-exec-30] ERROR StackTrace  - Full Stack Trace:
org.hibernate.MappingException: Unknown entity: java.lang.String
	at org.grails.datastore.gorm.GormStaticApi$_deleteAll_closure5.doCall(GormStaticApi.groovy:196)
	at org.grails.datastore.mapping.core.DatastoreUtils.execute(DatastoreUtils.java:302)
	at org.grails.datastore.gorm.AbstractDatastoreApi.execute(AbstractDatastoreApi.groovy:37)
	at org.grails.datastore.gorm.GormStaticApi.deleteAll(GormStaticApi.groovy:195)
	at com.tekdays.TekEventController$$EUlM2uLW.delete(TekEventController.groovy:62)
	at grails.plugin.cache.web.filter.PageFragmentCachingFilter.doFilter(PageFragmentCachingFilter.java:198)
	at grails.plugin.cache.web.filter.AbstractFilter.doFilter(AbstractFilter.java:63)
	at java.util.concurrent.ThreadPoolExecutor.runWorker(ThreadPoolExecutor.java:1149)
	at java.util.concurrent.ThreadPoolExecutor$Worker.run(ThreadPoolExecutor.java:624)
	at java.lang.Thread.run(Thread.java:748)
2025-05-16 14:25:11,967 [http-bio-8080-exec-37] ERROR StackTrace  - Full Stack Trace:
org.hibernate.MappingException: Unknown entity: java.lang.String
	at org.hibernate.internal.SessionFactoryImpl.getEntityPersister(SessionFactoryImpl.java:1096)
	at org.hibernate.internal.SessionImpl.getEntityPersister(SessionImpl.java:1479)
	at org.hibernate.event.internal.DefaultDeleteEventListener.onDelete(DefaultDeleteEventListener.java:99)
	at org.hibernate.event.internal.DefaultDeleteEventListener.onDelete(DefaultDeleteEventListener.java:73)
	at org.hibernate.internal.SessionImpl.fireDelete(SessionImpl.java:956)
	at org.hibernate.internal.SessionImpl.delete(SessionImpl.java:896)
	at org.codehaus.groovy.grails.orm.hibernate.GrailsHibernateTemplate$11.doInHibernate(GrailsHibernateTemplate.java:632)
	at org.codehaus.groovy.grails.orm.hibernate.GrailsHibernateTemplate$11.doInHibernate(GrailsHibernateTemplate.java:629)
	at org.codehaus.groovy.grails.orm.hibernate.GrailsHibernateTemplate.doExecute(GrailsHibernateTemplate.java:188)
	at org.codehaus.groovy.grails.orm.hibernate.GrailsHibernateTemplate.execute(GrailsHibernateTemplate.java:132)
	at org.codehaus.groovy.grails.orm.hibernate.GrailsHibernateTemplate.deleteAll(GrailsHibernateTemplate.java:629)
	at org.codehaus.groovy.grails.orm.hibernate.AbstractHibernateSession.delete(AbstractHibernateSession.java:130)
	at org.grails.datastore.gorm.GormStaticApi$_deleteAll_closure5.doCall(GormStaticApi.groovy:196)
	at sun.reflect.NativeMethodAccessorImpl.invoke0(Native Method)
	at sun.reflect.NativeMethodAccessorImpl.invoke(NativeMethodAccessorImpl.java:62)
	at sun.reflect.DelegatingMethodAccessorImpl.invoke(DelegatingMethodAccessorImpl.java:43)
	at java.lang.reflect.Method.invoke(Method.java:498)
	at org.springsource.loaded.ri.ReflectiveInterceptor.jlrMethodInvoke(ReflectiveInterceptor.java:1432)
	at org.codehaus.groovy.reflection.CachedMethod.invoke(CachedMethod.java:93)
	at groovy.lang.MetaMethod.doMethodInvoke(MetaMethod.java:325)
	at groovy.lang.MetaClassImpl.invokeMethod(MetaClassImpl.java:1218)
	at groovy.lang.ExpandoMetaClass.invokeMethod(ExpandoMetaClass.java:1125)
	at groovy.lang.MetaClassImpl.invokeMethod(MetaClassImpl.java:1027)
	at groovy.lang.Closure.call(Closure.java:414)
	at org.codehaus.groovy.runtime.ConvertedClosure.invokeCustom(ConvertedClosure.java:54)
	at org.codehaus.groovy.runtime.ConversionHandler.invoke(ConversionHandler.java:124)
	at com.sun.proxy.$Proxy41.doInSession(Unknown Source)
	at org.grails.datastore.mapping.core.DatastoreUtils.execute(DatastoreUtils.java:302)
	at org.grails.datastore.gorm.AbstractDatastoreApi.execute(AbstractDatastoreApi.groovy:37)
	at org.grails.datastore.gorm.GormStaticApi.deleteAll(GormStaticApi.groovy:195)
	at com.tekdays.TekEvent.deleteAll(TekEvent.groovy)
	at sun.reflect.NativeMethodAccessorImpl.invoke0(Native Method)
	at sun.reflect.NativeMethodAccessorImpl.invoke(NativeMethodAccessorImpl.java:62)
	at sun.reflect.DelegatingMethodAccessorImpl.invoke(DelegatingMethodAccessorImpl.java:43)
	at java.lang.reflect.Method.invoke(Method.java:498)
	at org.springsource.loaded.ri.OriginalClassInvoker.invoke(OriginalClassInvoker.java:50)
	at org.springsource.loaded.ri.ReflectiveInterceptor.jlrMethodInvoke(ReflectiveInterceptor.java:1461)
	at org.codehaus.groovy.reflection.CachedMethod.invoke(CachedMethod.java:93)
	at groovy.lang.MetaMethod.doMethodInvoke(MetaMethod.java:325)
	at org.codehaus.groovy.runtime.callsite.StaticMetaMethodSite.invoke(StaticMetaMethodSite.java:46)
	at org.codehaus.groovy.runtime.callsite.StaticMetaMethodSite.call(StaticMetaMethodSite.java:91)
	at org.codehaus.groovy.runtime.callsite.AbstractCallSite.call(AbstractCallSite.java:125)
	at com.tekdays.TekEventController$$EUlM2uLW.delete(TekEventController.groovy:62)
	at sun.reflect.NativeMethodAccessorImpl.invoke0(Native Method)
	at sun.reflect.NativeMethodAccessorImpl.invoke(NativeMethodAccessorImpl.java:62)
	at sun.reflect.DelegatingMethodAccessorImpl.invoke(DelegatingMethodAccessorImpl.java:43)
	at java.lang.reflect.Method.invoke(Method.java:498)
	at org.springsource.loaded.ri.ReloadedTypeInvoker$2.invoke(ReloadedTypeInvoker.java:133)
	at org.springsource.loaded.ri.ReflectiveInterceptor.jlrMethodInvoke(ReflectiveInterceptor.java:1461)
	at org.codehaus.groovy.grails.web.servlet.mvc.MixedGrailsControllerHelper.invoke(MixedGrailsControllerHelper.java:154)
	at org.codehaus.groovy.grails.web.servlet.mvc.AbstractGrailsControllerHelper.handleAction(AbstractGrailsControllerHelper.java:375)
	at org.codehaus.groovy.grails.web.servlet.mvc.AbstractGrailsControllerHelper.executeAction(AbstractGrailsControllerHelper.java:252)
	at org.codehaus.groovy.grails.web.servlet.mvc.AbstractGrailsControllerHelper.handleURI(AbstractGrailsControllerHelper.java:205)
	at org.codehaus.groovy.grails.web.servlet.mvc.AbstractGrailsControllerHelper.handleURI(AbstractGrailsControllerHelper.java:126)
	at org.codehaus.groovy.grails.web.servlet.mvc.SimpleGrailsController.handleRequest(SimpleGrailsController.java:72)
	at org.springframework.web.servlet.mvc.SimpleControllerHandlerAdapter.handle(SimpleControllerHandlerAdapter.java:50)
	at org.codehaus.groovy.grails.web.servlet.GrailsDispatcherServlet.doDispatch(GrailsDispatcherServlet.java:347)
	at org.springframework.web.servlet.DispatcherServlet.doService(DispatcherServlet.java:893)
	at org.springframework.web.servlet.FrameworkServlet.processRequest(FrameworkServlet.java:965)
	at org.springframework.web.servlet.FrameworkServlet.doDelete(FrameworkServlet.java:889)
	at javax.servlet.http.HttpServlet.service(HttpServlet.java:656)
	at org.springframework.web.servlet.FrameworkServlet.service(FrameworkServlet.java:841)
	at javax.servlet.http.HttpServlet.service(HttpServlet.java:731)
	at org.apache.catalina.core.ApplicationFilterChain.internalDoFilter(ApplicationFilterChain.java:303)
	at org.apache.catalina.core.ApplicationFilterChain.doFilter(ApplicationFilterChain.java:208)
	at org.apache.tomcat.websocket.server.WsFilter.doFilter(WsFilter.java:52)
	at org.apache.catalina.core.ApplicationFilterChain.internalDoFilter(ApplicationFilterChain.java:241)
	at org.apache.catalina.core.ApplicationFilterChain.doFilter(ApplicationFilterChain.java:208)
	at grails.plugin.cache.web.filter.PageFragmentCachingFilter.doFilter(PageFragmentCachingFilter.java:198)
	at grails.plugin.cache.web.filter.AbstractFilter.doFilter(AbstractFilter.java:63)
	at org.springframework.web.filter.DelegatingFilterProxy.invokeDelegate(DelegatingFilterProxy.java:344)
	at org.springframework.web.filter.DelegatingFilterProxy.doFilter(DelegatingFilterProxy.java:261)
	at org.apache.catalina.core.ApplicationFilterChain.internalDoFilter(ApplicationFilterChain.java:241)
	at org.apache.catalina.core.ApplicationFilterChain.doFilter(ApplicationFilterChain.java:208)
	at org.springframework.web.filter.OncePerRequestFilter.doFilter(OncePerRequestFilter.java:101)
	at org.apache.catalina.core.ApplicationFilterChain.internalDoFilter(ApplicationFilterChain.java:241)
	at org.apache.catalina.core.ApplicationFilterChain.doFilter(ApplicationFilterChain.java:208)
	at org.springframework.web.filter.OncePerRequestFilter.doFilter(OncePerRequestFilter.java:101)
	at org.apache.catalina.core.ApplicationFilterChain.internalDoFilter(ApplicationFilterChain.java:241)
	at org.apache.catalina.core.ApplicationFilterChain.doFilter(ApplicationFilterChain.java:208)
	at org.springframework.web.filter.OncePerRequestFilter.doFilter(OncePerRequestFilter.java:101)
	at org.apache.catalina.core.ApplicationFilterChain.internalDoFilter(ApplicationFilterChain.java:241)
	at org.apache.catalina.core.ApplicationFilterChain.doFilter(ApplicationFilterChain.java:208)
	at org.apache.catalina.core.ApplicationDispatcher.invoke(ApplicationDispatcher.java:747)
	at org.apache.catalina.core.ApplicationDispatcher.processRequest(ApplicationDispatcher.java:485)
	at org.apache.catalina.core.ApplicationDispatcher.doForward(ApplicationDispatcher.java:410)
	at org.apache.catalina.core.ApplicationDispatcher.forward(ApplicationDispatcher.java:337)
	at org.codehaus.groovy.grails.web.mapping.UrlMappingUtils.forwardRequestForUrlMappingInfo(UrlMappingUtils.java:178)
	at org.codehaus.groovy.grails.web.mapping.UrlMappingUtils.forwardRequestForUrlMappingInfo(UrlMappingUtils.java:144)
	at org.codehaus.groovy.grails.web.mapping.UrlMappingUtils.forwardRequestForUrlMappingInfo(UrlMappingUtils.java:135)
	at org.codehaus.groovy.grails.web.mapping.filter.UrlMappingsFilter.doFilterInternal(UrlMappingsFilter.java:216)
	at org.springframework.web.filter.OncePerRequestFilter.doFilter(OncePerRequestFilter.java:107)
	at org.apache.catalina.core.ApplicationFilterChain.internalDoFilter(ApplicationFilterChain.java:241)
	at org.apache.catalina.core.ApplicationFilterChain.doFilter(ApplicationFilterChain.java:208)
	at org.codehaus.groovy.grails.web.servlet.mvc.GrailsWebRequestFilter.doFilterInternal(GrailsWebRequestFilter.java:69)
	at org.springframework.web.filter.OncePerRequestFilter.doFilter(OncePerRequestFilter.java:107)
	at org.apache.catalina.core.ApplicationFilterChain.internalDoFilter(ApplicationFilterChain.java:241)
	at org.apache.catalina.core.ApplicationFilterChain.doFilter(ApplicationFilterChain.java:208)
	at org.codehaus.groovy.grails.web.filters.HiddenHttpMethodFilter.doFilterInternal(HiddenHttpMethodFilter.java:62)
	at org.springframework.web.filter.OncePerRequestFilter.doFilter(OncePerRequestFilter.java:107)
	at org.apache.catalina.core.ApplicationFilterChain.internalDoFilter(ApplicationFilterChain.java:241)
	at org.apache.catalina.core.ApplicationFilterChain.doFilter(ApplicationFilterChain.java:208)
	at org.springframework.web.filter.CharacterEncodingFilter.doFilterInternal(CharacterEncodingFilter.java:85)
	at org.springframework.web.filter.OncePerRequestFilter.doFilter(OncePerRequestFilter.java:107)
	at org.springframework.web.filter.DelegatingFilterProxy.invokeDelegate(DelegatingFilterProxy.java:344)
	at org.springframework.web.filter.DelegatingFilterProxy.doFilter(DelegatingFilterProxy.java:261)
	at org.apache.catalina.core.ApplicationFilterChain.internalDoFilter(ApplicationFilterChain.java:241)
	at org.apache.catalina.core.ApplicationFilterChain.doFilter(ApplicationFilterChain.java:208)
	at org.apache.catalina.core.StandardWrapperValve.invoke(StandardWrapperValve.java:218)
	at org.apache.catalina.core.StandardContextValve.invoke(StandardContextValve.java:122)
	at org.apache.catalina.core.StandardHostValve.invoke(StandardHostValve.java:169)
	at org.apache.catalina.valves.ErrorReportValve.invoke(ErrorReportValve.java:103)
	at org.apache.catalina.core.StandardEngineValve.invoke(StandardEngineValve.java:116)
	at org.apache.catalina.connector.CoyoteAdapter.service(CoyoteAdapter.java:442)
	at org.apache.coyote.http11.AbstractHttp11Processor.process(AbstractHttp11Processor.java:1082)
	at org.apache.coyote.AbstractProtocol$AbstractConnectionHandler.process(AbstractProtocol.java:623)
	at org.apache.tomcat.util.net.JIoEndpoint$SocketProcessor.run(JIoEndpoint.java:318)
	at java.util.concurrent.ThreadPoolExecutor.runWorker(ThreadPoolExecutor.java:1149)
	at java.util.concurrent.ThreadPoolExecutor$Worker.run(ThreadPoolExecutor.java:624)
	at org.apache.tomcat.util.threads.TaskThread$WrappingRunnable.run(TaskThread.java:61)
	at java.lang.Thread.run(Thread.java:748)
2025-05-16 14:25:11,968 [http-bio-8080-exec-37] ERROR StackTrace  - Full Stack Trace:
org.hibernate.MappingException: Unknown entity: java.lang.String
	at org.grails.datastore.gorm.GormStaticApi$_deleteAll_closure5.doCall(GormStaticApi.groovy:196)
	at org.grails.datastore.mapping.core.DatastoreUtils.execute(DatastoreUtils.java:302)
	at org.grails.datastore.gorm.AbstractDatastoreApi.execute(AbstractDatastoreApi.groovy:37)
	at org.grails.datastore.gorm.GormStaticApi.deleteAll(GormStaticApi.groovy:195)
	at com.tekdays.TekEventController$$EUlM2uLW.delete(TekEventController.groovy:62)
	at grails.plugin.cache.web.filter.PageFragmentCachingFilter.doFilter(PageFragmentCachingFilter.java:198)
	at grails.plugin.cache.web.filter.AbstractFilter.doFilter(AbstractFilter.java:63)
	at java.util.concurrent.ThreadPoolExecutor.runWorker(ThreadPoolExecutor.java:1149)
	at java.util.concurrent.ThreadPoolExecutor$Worker.run(ThreadPoolExecutor.java:624)
	at java.lang.Thread.run(Thread.java:748)
2025-05-16 14:25:11,968 [http-bio-8080-exec-37] ERROR StackTrace  - Full Stack Trace:
org.hibernate.MappingException: Unknown entity: java.lang.String
	at org.grails.datastore.gorm.GormStaticApi$_deleteAll_closure5.doCall(GormStaticApi.groovy:196)
	at org.grails.datastore.mapping.core.DatastoreUtils.execute(DatastoreUtils.java:302)
	at org.grails.datastore.gorm.AbstractDatastoreApi.execute(AbstractDatastoreApi.groovy:37)
	at org.grails.datastore.gorm.GormStaticApi.deleteAll(GormStaticApi.groovy:195)
	at com.tekdays.TekEventController$$EUlM2uLW.delete(TekEventController.groovy:62)
	at grails.plugin.cache.web.filter.PageFragmentCachingFilter.doFilter(PageFragmentCachingFilter.java:198)
	at grails.plugin.cache.web.filter.AbstractFilter.doFilter(AbstractFilter.java:63)
	at java.util.concurrent.ThreadPoolExecutor.runWorker(ThreadPoolExecutor.java:1149)
	at java.util.concurrent.ThreadPoolExecutor$Worker.run(ThreadPoolExecutor.java:624)
	at java.lang.Thread.run(Thread.java:748)
2025-05-16 14:25:11,969 [http-bio-8080-exec-37] ERROR StackTrace  - Full Stack Trace:
org.hibernate.MappingException: Unknown entity: java.lang.String
	at org.grails.datastore.gorm.GormStaticApi$_deleteAll_closure5.doCall(GormStaticApi.groovy:196)
	at org.grails.datastore.mapping.core.DatastoreUtils.execute(DatastoreUtils.java:302)
	at org.grails.datastore.gorm.AbstractDatastoreApi.execute(AbstractDatastoreApi.groovy:37)
	at org.grails.datastore.gorm.GormStaticApi.deleteAll(GormStaticApi.groovy:195)
	at com.tekdays.TekEventController$$EUlM2uLW.delete(TekEventController.groovy:62)
	at grails.plugin.cache.web.filter.PageFragmentCachingFilter.doFilter(PageFragmentCachingFilter.java:198)
	at grails.plugin.cache.web.filter.AbstractFilter.doFilter(AbstractFilter.java:63)
	at java.util.concurrent.ThreadPoolExecutor.runWorker(ThreadPoolExecutor.java:1149)
	at java.util.concurrent.ThreadPoolExecutor$Worker.run(ThreadPoolExecutor.java:624)
	at java.lang.Thread.run(Thread.java:748)
2025-05-16 14:25:11,969 [http-bio-8080-exec-37] ERROR StackTrace  - Full Stack Trace:
org.hibernate.MappingException: Unknown entity: java.lang.String
	at org.grails.datastore.gorm.GormStaticApi$_deleteAll_closure5.doCall(GormStaticApi.groovy:196)
	at org.grails.datastore.mapping.core.DatastoreUtils.execute(DatastoreUtils.java:302)
	at org.grails.datastore.gorm.AbstractDatastoreApi.execute(AbstractDatastoreApi.groovy:37)
	at org.grails.datastore.gorm.GormStaticApi.deleteAll(GormStaticApi.groovy:195)
	at com.tekdays.TekEventController$$EUlM2uLW.delete(TekEventController.groovy:62)
	at grails.plugin.cache.web.filter.PageFragmentCachingFilter.doFilter(PageFragmentCachingFilter.java:198)
	at grails.plugin.cache.web.filter.AbstractFilter.doFilter(AbstractFilter.java:63)
	at java.util.concurrent.ThreadPoolExecutor.runWorker(ThreadPoolExecutor.java:1149)
	at java.util.concurrent.ThreadPoolExecutor$Worker.run(ThreadPoolExecutor.java:624)
	at java.lang.Thread.run(Thread.java:748)
2025-05-16 14:25:11,969 [http-bio-8080-exec-37] ERROR StackTrace  - Full Stack Trace:
org.hibernate.MappingException: Unknown entity: java.lang.String
	at org.grails.datastore.gorm.GormStaticApi$_deleteAll_closure5.doCall(GormStaticApi.groovy:196)
	at org.grails.datastore.mapping.core.DatastoreUtils.execute(DatastoreUtils.java:302)
	at org.grails.datastore.gorm.AbstractDatastoreApi.execute(AbstractDatastoreApi.groovy:37)
	at org.grails.datastore.gorm.GormStaticApi.deleteAll(GormStaticApi.groovy:195)
	at com.tekdays.TekEventController$$EUlM2uLW.delete(TekEventController.groovy:62)
	at grails.plugin.cache.web.filter.PageFragmentCachingFilter.doFilter(PageFragmentCachingFilter.java:198)
	at grails.plugin.cache.web.filter.AbstractFilter.doFilter(AbstractFilter.java:63)
	at java.util.concurrent.ThreadPoolExecutor.runWorker(ThreadPoolExecutor.java:1149)
	at java.util.concurrent.ThreadPoolExecutor$Worker.run(ThreadPoolExecutor.java:624)
	at java.lang.Thread.run(Thread.java:748)
2025-05-16 14:25:36,849 [http-bio-8080-exec-28] ERROR StackTrace  - Full Stack Trace:
org.hibernate.MappingException: Unknown entity: java.lang.String
	at org.hibernate.internal.SessionFactoryImpl.getEntityPersister(SessionFactoryImpl.java:1096)
	at org.hibernate.internal.SessionImpl.getEntityPersister(SessionImpl.java:1479)
	at org.hibernate.event.internal.DefaultDeleteEventListener.onDelete(DefaultDeleteEventListener.java:99)
	at org.hibernate.event.internal.DefaultDeleteEventListener.onDelete(DefaultDeleteEventListener.java:73)
	at org.hibernate.internal.SessionImpl.fireDelete(SessionImpl.java:956)
	at org.hibernate.internal.SessionImpl.delete(SessionImpl.java:896)
	at org.codehaus.groovy.grails.orm.hibernate.GrailsHibernateTemplate$11.doInHibernate(GrailsHibernateTemplate.java:632)
	at org.codehaus.groovy.grails.orm.hibernate.GrailsHibernateTemplate$11.doInHibernate(GrailsHibernateTemplate.java:629)
	at org.codehaus.groovy.grails.orm.hibernate.GrailsHibernateTemplate.doExecute(GrailsHibernateTemplate.java:188)
	at org.codehaus.groovy.grails.orm.hibernate.GrailsHibernateTemplate.execute(GrailsHibernateTemplate.java:132)
	at org.codehaus.groovy.grails.orm.hibernate.GrailsHibernateTemplate.deleteAll(GrailsHibernateTemplate.java:629)
	at org.codehaus.groovy.grails.orm.hibernate.AbstractHibernateSession.delete(AbstractHibernateSession.java:130)
	at org.grails.datastore.gorm.GormStaticApi$_deleteAll_closure5.doCall(GormStaticApi.groovy:196)
	at sun.reflect.NativeMethodAccessorImpl.invoke0(Native Method)
	at sun.reflect.NativeMethodAccessorImpl.invoke(NativeMethodAccessorImpl.java:62)
	at sun.reflect.DelegatingMethodAccessorImpl.invoke(DelegatingMethodAccessorImpl.java:43)
	at java.lang.reflect.Method.invoke(Method.java:498)
	at org.springsource.loaded.ri.ReflectiveInterceptor.jlrMethodInvoke(ReflectiveInterceptor.java:1432)
	at org.codehaus.groovy.reflection.CachedMethod.invoke(CachedMethod.java:93)
	at groovy.lang.MetaMethod.doMethodInvoke(MetaMethod.java:325)
	at groovy.lang.MetaClassImpl.invokeMethod(MetaClassImpl.java:1218)
	at groovy.lang.ExpandoMetaClass.invokeMethod(ExpandoMetaClass.java:1125)
	at groovy.lang.MetaClassImpl.invokeMethod(MetaClassImpl.java:1027)
	at groovy.lang.Closure.call(Closure.java:414)
	at org.codehaus.groovy.runtime.ConvertedClosure.invokeCustom(ConvertedClosure.java:54)
	at org.codehaus.groovy.runtime.ConversionHandler.invoke(ConversionHandler.java:124)
	at com.sun.proxy.$Proxy41.doInSession(Unknown Source)
	at org.grails.datastore.mapping.core.DatastoreUtils.execute(DatastoreUtils.java:302)
	at org.grails.datastore.gorm.AbstractDatastoreApi.execute(AbstractDatastoreApi.groovy:37)
	at org.grails.datastore.gorm.GormStaticApi.deleteAll(GormStaticApi.groovy:195)
	at com.tekdays.TekEvent.deleteAll(TekEvent.groovy)
	at sun.reflect.NativeMethodAccessorImpl.invoke0(Native Method)
	at sun.reflect.NativeMethodAccessorImpl.invoke(NativeMethodAccessorImpl.java:62)
	at sun.reflect.DelegatingMethodAccessorImpl.invoke(DelegatingMethodAccessorImpl.java:43)
	at java.lang.reflect.Method.invoke(Method.java:498)
	at org.springsource.loaded.ri.OriginalClassInvoker.invoke(OriginalClassInvoker.java:50)
	at org.springsource.loaded.ri.ReflectiveInterceptor.jlrMethodInvoke(ReflectiveInterceptor.java:1461)
	at org.codehaus.groovy.reflection.CachedMethod.invoke(CachedMethod.java:93)
	at groovy.lang.MetaMethod.doMethodInvoke(MetaMethod.java:325)
	at org.codehaus.groovy.runtime.callsite.StaticMetaMethodSite.invoke(StaticMetaMethodSite.java:46)
	at org.codehaus.groovy.runtime.callsite.StaticMetaMethodSite.call(StaticMetaMethodSite.java:91)
	at org.codehaus.groovy.runtime.callsite.CallSiteArray.defaultCall(CallSiteArray.java:48)
	at org.codehaus.groovy.runtime.callsite.AbstractCallSite.call(AbstractCallSite.java:113)
	at org.codehaus.groovy.runtime.callsite.AbstractCallSite.call(AbstractCallSite.java:125)
	at com.tekdays.TekEventController$$EUlM37ce.delete(TekEventController.groovy:62)
	at com.tekdays.TekEventController$$DUlM37ce.__execute(Unknown Source)
	at com.tekdays.TekEventController.__execute(TekEventController.groovy)
	at com.tekdays.TekEventController$$EUlM37ce.delete(TekEventController.groovy)
	at sun.reflect.NativeMethodAccessorImpl.invoke0(Native Method)
	at sun.reflect.NativeMethodAccessorImpl.invoke(NativeMethodAccessorImpl.java:62)
	at sun.reflect.DelegatingMethodAccessorImpl.invoke(DelegatingMethodAccessorImpl.java:43)
	at java.lang.reflect.Method.invoke(Method.java:498)
	at org.springsource.loaded.ri.ReloadedTypeInvoker$2.invoke(ReloadedTypeInvoker.java:133)
	at org.springsource.loaded.ri.ReflectiveInterceptor.jlrMethodInvoke(ReflectiveInterceptor.java:1461)
	at org.codehaus.groovy.grails.web.servlet.mvc.MixedGrailsControllerHelper.invoke(MixedGrailsControllerHelper.java:154)
	at org.codehaus.groovy.grails.web.servlet.mvc.AbstractGrailsControllerHelper.handleAction(AbstractGrailsControllerHelper.java:375)
	at org.codehaus.groovy.grails.web.servlet.mvc.AbstractGrailsControllerHelper.executeAction(AbstractGrailsControllerHelper.java:252)
	at org.codehaus.groovy.grails.web.servlet.mvc.AbstractGrailsControllerHelper.handleURI(AbstractGrailsControllerHelper.java:205)
	at org.codehaus.groovy.grails.web.servlet.mvc.AbstractGrailsControllerHelper.handleURI(AbstractGrailsControllerHelper.java:126)
	at org.codehaus.groovy.grails.web.servlet.mvc.SimpleGrailsController.handleRequest(SimpleGrailsController.java:72)
	at org.springframework.web.servlet.mvc.SimpleControllerHandlerAdapter.handle(SimpleControllerHandlerAdapter.java:50)
	at org.codehaus.groovy.grails.web.servlet.GrailsDispatcherServlet.doDispatch(GrailsDispatcherServlet.java:347)
	at org.springframework.web.servlet.DispatcherServlet.doService(DispatcherServlet.java:893)
	at org.springframework.web.servlet.FrameworkServlet.processRequest(FrameworkServlet.java:965)
	at org.springframework.web.servlet.FrameworkServlet.doDelete(FrameworkServlet.java:889)
	at javax.servlet.http.HttpServlet.service(HttpServlet.java:656)
	at org.springframework.web.servlet.FrameworkServlet.service(FrameworkServlet.java:841)
	at javax.servlet.http.HttpServlet.service(HttpServlet.java:731)
	at org.apache.catalina.core.ApplicationFilterChain.internalDoFilter(ApplicationFilterChain.java:303)
	at org.apache.catalina.core.ApplicationFilterChain.doFilter(ApplicationFilterChain.java:208)
	at org.apache.tomcat.websocket.server.WsFilter.doFilter(WsFilter.java:52)
	at org.apache.catalina.core.ApplicationFilterChain.internalDoFilter(ApplicationFilterChain.java:241)
	at org.apache.catalina.core.ApplicationFilterChain.doFilter(ApplicationFilterChain.java:208)
	at grails.plugin.cache.web.filter.PageFragmentCachingFilter.doFilter(PageFragmentCachingFilter.java:198)
	at grails.plugin.cache.web.filter.AbstractFilter.doFilter(AbstractFilter.java:63)
	at org.springframework.web.filter.DelegatingFilterProxy.invokeDelegate(DelegatingFilterProxy.java:344)
	at org.springframework.web.filter.DelegatingFilterProxy.doFilter(DelegatingFilterProxy.java:261)
	at org.apache.catalina.core.ApplicationFilterChain.internalDoFilter(ApplicationFilterChain.java:241)
	at org.apache.catalina.core.ApplicationFilterChain.doFilter(ApplicationFilterChain.java:208)
	at org.springframework.web.filter.OncePerRequestFilter.doFilter(OncePerRequestFilter.java:101)
	at org.apache.catalina.core.ApplicationFilterChain.internalDoFilter(ApplicationFilterChain.java:241)
	at org.apache.catalina.core.ApplicationFilterChain.doFilter(ApplicationFilterChain.java:208)
	at org.springframework.web.filter.OncePerRequestFilter.doFilter(OncePerRequestFilter.java:101)
	at org.apache.catalina.core.ApplicationFilterChain.internalDoFilter(ApplicationFilterChain.java:241)
	at org.apache.catalina.core.ApplicationFilterChain.doFilter(ApplicationFilterChain.java:208)
	at org.springframework.web.filter.OncePerRequestFilter.doFilter(OncePerRequestFilter.java:101)
	at org.apache.catalina.core.ApplicationFilterChain.internalDoFilter(ApplicationFilterChain.java:241)
	at org.apache.catalina.core.ApplicationFilterChain.doFilter(ApplicationFilterChain.java:208)
	at org.apache.catalina.core.ApplicationDispatcher.invoke(ApplicationDispatcher.java:747)
	at org.apache.catalina.core.ApplicationDispatcher.processRequest(ApplicationDispatcher.java:485)
	at org.apache.catalina.core.ApplicationDispatcher.doForward(ApplicationDispatcher.java:410)
	at org.apache.catalina.core.ApplicationDispatcher.forward(ApplicationDispatcher.java:337)
	at org.codehaus.groovy.grails.web.mapping.UrlMappingUtils.forwardRequestForUrlMappingInfo(UrlMappingUtils.java:178)
	at org.codehaus.groovy.grails.web.mapping.UrlMappingUtils.forwardRequestForUrlMappingInfo(UrlMappingUtils.java:144)
	at org.codehaus.groovy.grails.web.mapping.UrlMappingUtils.forwardRequestForUrlMappingInfo(UrlMappingUtils.java:135)
	at org.codehaus.groovy.grails.web.mapping.filter.UrlMappingsFilter.doFilterInternal(UrlMappingsFilter.java:216)
	at org.springframework.web.filter.OncePerRequestFilter.doFilter(OncePerRequestFilter.java:107)
	at org.apache.catalina.core.ApplicationFilterChain.internalDoFilter(ApplicationFilterChain.java:241)
	at org.apache.catalina.core.ApplicationFilterChain.doFilter(ApplicationFilterChain.java:208)
	at org.codehaus.groovy.grails.web.servlet.mvc.GrailsWebRequestFilter.doFilterInternal(GrailsWebRequestFilter.java:69)
	at org.springframework.web.filter.OncePerRequestFilter.doFilter(OncePerRequestFilter.java:107)
	at org.apache.catalina.core.ApplicationFilterChain.internalDoFilter(ApplicationFilterChain.java:241)
	at org.apache.catalina.core.ApplicationFilterChain.doFilter(ApplicationFilterChain.java:208)
	at org.codehaus.groovy.grails.web.filters.HiddenHttpMethodFilter.doFilterInternal(HiddenHttpMethodFilter.java:62)
	at org.springframework.web.filter.OncePerRequestFilter.doFilter(OncePerRequestFilter.java:107)
	at org.apache.catalina.core.ApplicationFilterChain.internalDoFilter(ApplicationFilterChain.java:241)
	at org.apache.catalina.core.ApplicationFilterChain.doFilter(ApplicationFilterChain.java:208)
	at org.springframework.web.filter.CharacterEncodingFilter.doFilterInternal(CharacterEncodingFilter.java:85)
	at org.springframework.web.filter.OncePerRequestFilter.doFilter(OncePerRequestFilter.java:107)
	at org.springframework.web.filter.DelegatingFilterProxy.invokeDelegate(DelegatingFilterProxy.java:344)
	at org.springframework.web.filter.DelegatingFilterProxy.doFilter(DelegatingFilterProxy.java:261)
	at org.apache.catalina.core.ApplicationFilterChain.internalDoFilter(ApplicationFilterChain.java:241)
	at org.apache.catalina.core.ApplicationFilterChain.doFilter(ApplicationFilterChain.java:208)
	at org.apache.catalina.core.StandardWrapperValve.invoke(StandardWrapperValve.java:218)
	at org.apache.catalina.core.StandardContextValve.invoke(StandardContextValve.java:122)
	at org.apache.catalina.core.StandardHostValve.invoke(StandardHostValve.java:169)
	at org.apache.catalina.valves.ErrorReportValve.invoke(ErrorReportValve.java:103)
	at org.apache.catalina.core.StandardEngineValve.invoke(StandardEngineValve.java:116)
	at org.apache.catalina.connector.CoyoteAdapter.service(CoyoteAdapter.java:442)
	at org.apache.coyote.http11.AbstractHttp11Processor.process(AbstractHttp11Processor.java:1082)
	at org.apache.coyote.AbstractProtocol$AbstractConnectionHandler.process(AbstractProtocol.java:623)
	at org.apache.tomcat.util.net.JIoEndpoint$SocketProcessor.run(JIoEndpoint.java:318)
	at java.util.concurrent.ThreadPoolExecutor.runWorker(ThreadPoolExecutor.java:1149)
	at java.util.concurrent.ThreadPoolExecutor$Worker.run(ThreadPoolExecutor.java:624)
	at org.apache.tomcat.util.threads.TaskThread$WrappingRunnable.run(TaskThread.java:61)
	at java.lang.Thread.run(Thread.java:748)
2025-05-16 14:25:36,849 [http-bio-8080-exec-28] ERROR StackTrace  - Full Stack Trace:
org.hibernate.MappingException: Unknown entity: java.lang.String
	at org.grails.datastore.gorm.GormStaticApi$_deleteAll_closure5.doCall(GormStaticApi.groovy:196)
	at org.grails.datastore.mapping.core.DatastoreUtils.execute(DatastoreUtils.java:302)
	at org.grails.datastore.gorm.AbstractDatastoreApi.execute(AbstractDatastoreApi.groovy:37)
	at org.grails.datastore.gorm.GormStaticApi.deleteAll(GormStaticApi.groovy:195)
	at com.tekdays.TekEventController$$EUlM37ce.delete(TekEventController.groovy:62)
	at grails.plugin.cache.web.filter.PageFragmentCachingFilter.doFilter(PageFragmentCachingFilter.java:198)
	at grails.plugin.cache.web.filter.AbstractFilter.doFilter(AbstractFilter.java:63)
	at java.util.concurrent.ThreadPoolExecutor.runWorker(ThreadPoolExecutor.java:1149)
	at java.util.concurrent.ThreadPoolExecutor$Worker.run(ThreadPoolExecutor.java:624)
	at java.lang.Thread.run(Thread.java:748)
2025-05-16 14:25:36,850 [http-bio-8080-exec-28] ERROR StackTrace  - Full Stack Trace:
org.hibernate.MappingException: Unknown entity: java.lang.String
	at org.grails.datastore.gorm.GormStaticApi$_deleteAll_closure5.doCall(GormStaticApi.groovy:196)
	at org.grails.datastore.mapping.core.DatastoreUtils.execute(DatastoreUtils.java:302)
	at org.grails.datastore.gorm.AbstractDatastoreApi.execute(AbstractDatastoreApi.groovy:37)
	at org.grails.datastore.gorm.GormStaticApi.deleteAll(GormStaticApi.groovy:195)
	at com.tekdays.TekEventController$$EUlM37ce.delete(TekEventController.groovy:62)
	at grails.plugin.cache.web.filter.PageFragmentCachingFilter.doFilter(PageFragmentCachingFilter.java:198)
	at grails.plugin.cache.web.filter.AbstractFilter.doFilter(AbstractFilter.java:63)
	at java.util.concurrent.ThreadPoolExecutor.runWorker(ThreadPoolExecutor.java:1149)
	at java.util.concurrent.ThreadPoolExecutor$Worker.run(ThreadPoolExecutor.java:624)
	at java.lang.Thread.run(Thread.java:748)
2025-05-16 14:25:36,850 [http-bio-8080-exec-28] ERROR StackTrace  - Full Stack Trace:
org.hibernate.MappingException: Unknown entity: java.lang.String
	at org.grails.datastore.gorm.GormStaticApi$_deleteAll_closure5.doCall(GormStaticApi.groovy:196)
	at org.grails.datastore.mapping.core.DatastoreUtils.execute(DatastoreUtils.java:302)
	at org.grails.datastore.gorm.AbstractDatastoreApi.execute(AbstractDatastoreApi.groovy:37)
	at org.grails.datastore.gorm.GormStaticApi.deleteAll(GormStaticApi.groovy:195)
	at com.tekdays.TekEventController$$EUlM37ce.delete(TekEventController.groovy:62)
	at grails.plugin.cache.web.filter.PageFragmentCachingFilter.doFilter(PageFragmentCachingFilter.java:198)
	at grails.plugin.cache.web.filter.AbstractFilter.doFilter(AbstractFilter.java:63)
	at java.util.concurrent.ThreadPoolExecutor.runWorker(ThreadPoolExecutor.java:1149)
	at java.util.concurrent.ThreadPoolExecutor$Worker.run(ThreadPoolExecutor.java:624)
	at java.lang.Thread.run(Thread.java:748)
2025-05-16 14:25:36,850 [http-bio-8080-exec-28] ERROR StackTrace  - Full Stack Trace:
org.hibernate.MappingException: Unknown entity: java.lang.String
	at org.grails.datastore.gorm.GormStaticApi$_deleteAll_closure5.doCall(GormStaticApi.groovy:196)
	at org.grails.datastore.mapping.core.DatastoreUtils.execute(DatastoreUtils.java:302)
	at org.grails.datastore.gorm.AbstractDatastoreApi.execute(AbstractDatastoreApi.groovy:37)
	at org.grails.datastore.gorm.GormStaticApi.deleteAll(GormStaticApi.groovy:195)
	at com.tekdays.TekEventController$$EUlM37ce.delete(TekEventController.groovy:62)
	at grails.plugin.cache.web.filter.PageFragmentCachingFilter.doFilter(PageFragmentCachingFilter.java:198)
	at grails.plugin.cache.web.filter.AbstractFilter.doFilter(AbstractFilter.java:63)
	at java.util.concurrent.ThreadPoolExecutor.runWorker(ThreadPoolExecutor.java:1149)
	at java.util.concurrent.ThreadPoolExecutor$Worker.run(ThreadPoolExecutor.java:624)
	at java.lang.Thread.run(Thread.java:748)
2025-05-16 14:25:36,850 [http-bio-8080-exec-28] ERROR StackTrace  - Full Stack Trace:
org.hibernate.MappingException: Unknown entity: java.lang.String
	at org.grails.datastore.gorm.GormStaticApi$_deleteAll_closure5.doCall(GormStaticApi.groovy:196)
	at org.grails.datastore.mapping.core.DatastoreUtils.execute(DatastoreUtils.java:302)
	at org.grails.datastore.gorm.AbstractDatastoreApi.execute(AbstractDatastoreApi.groovy:37)
	at org.grails.datastore.gorm.GormStaticApi.deleteAll(GormStaticApi.groovy:195)
	at com.tekdays.TekEventController$$EUlM37ce.delete(TekEventController.groovy:62)
	at grails.plugin.cache.web.filter.PageFragmentCachingFilter.doFilter(PageFragmentCachingFilter.java:198)
	at grails.plugin.cache.web.filter.AbstractFilter.doFilter(AbstractFilter.java:63)
	at java.util.concurrent.ThreadPoolExecutor.runWorker(ThreadPoolExecutor.java:1149)
	at java.util.concurrent.ThreadPoolExecutor$Worker.run(ThreadPoolExecutor.java:624)
	at java.lang.Thread.run(Thread.java:748)
2025-05-16 15:38:39,943 [FileSystemWatcher: files=#4 cl=groovy.lang.GroovyClassLoader@630da0a2] ERROR StackTrace  - Full Stack Trace:
groovy.lang.GroovyRuntimeException: Ambiguous method overloading for method grails.spring.BeanBuilder#registerBeans.
Cannot resolve which method to invoke for [null] due to overlapping prototypes between:
	[interface org.codehaus.groovy.grails.commons.spring.RuntimeSpringConfiguration]
	[interface org.springframework.beans.factory.support.BeanDefinitionRegistry]
	at groovy.lang.MetaClassImpl.chooseMostSpecificParams(MetaClassImpl.java:3268)
	at groovy.lang.MetaClassImpl.chooseMethodInternal(MetaClassImpl.java:3221)
	at groovy.lang.MetaClassImpl.chooseMethod(MetaClassImpl.java:3164)
	at groovy.lang.MetaClassImpl.getMethodWithCachingInternal(MetaClassImpl.java:1336)
	at groovy.lang.MetaClassImpl.createPogoCallSite(MetaClassImpl.java:3431)
	at groovy.lang.ExpandoMetaClass.createPogoCallSite(ExpandoMetaClass.java:1316)
	at org.codehaus.groovy.runtime.callsite.CallSiteArray.createPogoSite(CallSiteArray.java:150)
	at org.codehaus.groovy.runtime.callsite.CallSiteArray.createCallSite(CallSiteArray.java:164)
	at org.codehaus.groovy.runtime.callsite.CallSiteArray.defaultCall(CallSiteArray.java:48)
	at org.codehaus.groovy.runtime.callsite.AbstractCallSite.call(AbstractCallSite.java:113)
	at org.codehaus.groovy.runtime.callsite.AbstractCallSite.call(AbstractCallSite.java:125)
	at org.codehaus.groovy.grails.plugins.DomainClassGrailsPlugin$_closure3.doCall(DomainClassGrailsPlugin.groovy:154)
	at sun.reflect.NativeMethodAccessorImpl.invoke0(Native Method)
	at sun.reflect.NativeMethodAccessorImpl.invoke(NativeMethodAccessorImpl.java:62)
	at sun.reflect.DelegatingMethodAccessorImpl.invoke(DelegatingMethodAccessorImpl.java:43)
	at java.lang.reflect.Method.invoke(Method.java:498)
	at org.springsource.loaded.ri.ReflectiveInterceptor.jlrMethodInvoke(ReflectiveInterceptor.java:1432)
	at org.codehaus.groovy.reflection.CachedMethod.invoke(CachedMethod.java:93)
	at groovy.lang.MetaMethod.doMethodInvoke(MetaMethod.java:325)
	at groovy.lang.MetaClassImpl.invokeMethod(MetaClassImpl.java:1218)
	at groovy.lang.ExpandoMetaClass.invokeMethod(ExpandoMetaClass.java:1125)
	at groovy.lang.MetaClassImpl.invokeMethod(MetaClassImpl.java:1027)
	at groovy.lang.Closure.call(Closure.java:414)
	at org.codehaus.groovy.grails.plugins.DefaultGrailsPlugin.invokeOnChangeListener(DefaultGrailsPlugin.java:767)
	at org.codehaus.groovy.grails.plugins.DefaultGrailsPlugin.notifyOfEvent(DefaultGrailsPlugin.java:716)
	at org.codehaus.groovy.grails.plugins.DefaultGrailsPlugin.notifyOfEvent(DefaultGrailsPlugin.java:731)
	at org.codehaus.groovy.grails.plugins.AbstractGrailsPluginManager.informOfClassChange(AbstractGrailsPluginManager.java:408)
	at org.codehaus.groovy.grails.project.compiler.GrailsProjectWatcher$2.run(GrailsProjectWatcher.java:246)
	at org.codehaus.groovy.grails.project.compiler.GrailsProjectWatcher.firePendingClassChangeEvents(GrailsProjectWatcher.java:107)
	at org.codehaus.groovy.grails.cli.agent.GrailsPluginManagerReloadPlugin.reloadEvent(GrailsPluginManagerReloadPlugin.java:42)
	at org.springsource.loaded.TypeRegistry.fireReloadEvent(TypeRegistry.java:2026)
	at org.springsource.loaded.ReloadableType.loadNewVersion(ReloadableType.java:444)
	at org.springsource.loaded.TypeRegistry.loadNewVersion(TypeRegistry.java:1018)
	at org.springsource.loaded.agent.ReloadableFileChangeListener.fileChanged(ReloadableFileChangeListener.java:104)
	at org.springsource.loaded.agent.Watcher.determineChangesSince(FileSystemWatcher.java:251)
	at org.springsource.loaded.agent.Watcher.run(FileSystemWatcher.java:235)
	at java.lang.Thread.run(Thread.java:748)
2025-05-16 15:38:39,947 [FileSystemWatcher: files=#4 cl=groovy.lang.GroovyClassLoader@630da0a2] ERROR StackTrace  - Full Stack Trace:
groovy.lang.GroovyRuntimeException: Ambiguous method overloading for method grails.spring.BeanBuilder#registerBeans.
Cannot resolve which method to invoke for [null] due to overlapping prototypes between:
	[interface org.codehaus.groovy.grails.commons.spring.RuntimeSpringConfiguration]
	[interface org.springframework.beans.factory.support.BeanDefinitionRegistry]
	at java.lang.Thread.run(Thread.java:748)
2025-05-16 15:38:39,947 [FileSystemWatcher: files=#4 cl=groovy.lang.GroovyClassLoader@630da0a2] ERROR StackTrace  - Full Stack Trace:
groovy.lang.GroovyRuntimeException: Ambiguous method overloading for method grails.spring.BeanBuilder#registerBeans.
Cannot resolve which method to invoke for [null] due to overlapping prototypes between:
	[interface org.codehaus.groovy.grails.commons.spring.RuntimeSpringConfiguration]
	[interface org.springframework.beans.factory.support.BeanDefinitionRegistry]
	at java.lang.Thread.run(Thread.java:748)
2025-05-16 15:38:39,947 [FileSystemWatcher: files=#4 cl=groovy.lang.GroovyClassLoader@630da0a2] ERROR StackTrace  - Full Stack Trace:
groovy.lang.GroovyRuntimeException: Ambiguous method overloading for method grails.spring.BeanBuilder#registerBeans.
Cannot resolve which method to invoke for [null] due to overlapping prototypes between:
	[interface org.codehaus.groovy.grails.commons.spring.RuntimeSpringConfiguration]
	[interface org.springframework.beans.factory.support.BeanDefinitionRegistry]
	at java.lang.Thread.run(Thread.java:748)
2025-05-16 15:42:24,332 [FileSystemWatcher: files=#4 cl=groovy.lang.GroovyClassLoader@32e38454] ERROR StackTrace  - Full Stack Trace:
groovy.lang.GroovyRuntimeException: Ambiguous method overloading for method grails.spring.BeanBuilder#registerBeans.
Cannot resolve which method to invoke for [null] due to overlapping prototypes between:
	[interface org.codehaus.groovy.grails.commons.spring.RuntimeSpringConfiguration]
	[interface org.springframework.beans.factory.support.BeanDefinitionRegistry]
	at groovy.lang.MetaClassImpl.chooseMostSpecificParams(MetaClassImpl.java:3268)
	at groovy.lang.MetaClassImpl.chooseMethodInternal(MetaClassImpl.java:3221)
	at groovy.lang.MetaClassImpl.chooseMethod(MetaClassImpl.java:3164)
	at groovy.lang.MetaClassImpl.getMethodWithCachingInternal(MetaClassImpl.java:1336)
	at groovy.lang.MetaClassImpl.createPogoCallSite(MetaClassImpl.java:3431)
	at groovy.lang.ExpandoMetaClass.createPogoCallSite(ExpandoMetaClass.java:1316)
	at org.codehaus.groovy.runtime.callsite.CallSiteArray.createPogoSite(CallSiteArray.java:150)
	at org.codehaus.groovy.runtime.callsite.CallSiteArray.createCallSite(CallSiteArray.java:164)
	at org.codehaus.groovy.runtime.callsite.CallSiteArray.defaultCall(CallSiteArray.java:48)
	at org.codehaus.groovy.runtime.callsite.AbstractCallSite.call(AbstractCallSite.java:113)
	at org.codehaus.groovy.runtime.callsite.AbstractCallSite.call(AbstractCallSite.java:125)
	at org.codehaus.groovy.grails.plugins.DomainClassGrailsPlugin$_closure3.doCall(DomainClassGrailsPlugin.groovy:154)
	at sun.reflect.NativeMethodAccessorImpl.invoke0(Native Method)
	at sun.reflect.NativeMethodAccessorImpl.invoke(NativeMethodAccessorImpl.java:62)
	at sun.reflect.DelegatingMethodAccessorImpl.invoke(DelegatingMethodAccessorImpl.java:43)
	at java.lang.reflect.Method.invoke(Method.java:498)
	at org.springsource.loaded.ri.ReflectiveInterceptor.jlrMethodInvoke(ReflectiveInterceptor.java:1432)
	at org.codehaus.groovy.reflection.CachedMethod.invoke(CachedMethod.java:93)
	at groovy.lang.MetaMethod.doMethodInvoke(MetaMethod.java:325)
	at groovy.lang.MetaClassImpl.invokeMethod(MetaClassImpl.java:1218)
	at groovy.lang.ExpandoMetaClass.invokeMethod(ExpandoMetaClass.java:1125)
	at groovy.lang.MetaClassImpl.invokeMethod(MetaClassImpl.java:1027)
	at groovy.lang.Closure.call(Closure.java:414)
	at org.codehaus.groovy.grails.plugins.DefaultGrailsPlugin.invokeOnChangeListener(DefaultGrailsPlugin.java:767)
	at org.codehaus.groovy.grails.plugins.DefaultGrailsPlugin.notifyOfEvent(DefaultGrailsPlugin.java:716)
	at org.codehaus.groovy.grails.plugins.DefaultGrailsPlugin.notifyOfEvent(DefaultGrailsPlugin.java:731)
	at org.codehaus.groovy.grails.plugins.AbstractGrailsPluginManager.informOfClassChange(AbstractGrailsPluginManager.java:408)
	at org.codehaus.groovy.grails.project.compiler.GrailsProjectWatcher$2.run(GrailsProjectWatcher.java:246)
	at org.codehaus.groovy.grails.project.compiler.GrailsProjectWatcher.firePendingClassChangeEvents(GrailsProjectWatcher.java:107)
	at org.codehaus.groovy.grails.cli.agent.GrailsPluginManagerReloadPlugin.reloadEvent(GrailsPluginManagerReloadPlugin.java:42)
	at org.springsource.loaded.TypeRegistry.fireReloadEvent(TypeRegistry.java:2026)
	at org.springsource.loaded.ReloadableType.loadNewVersion(ReloadableType.java:444)
	at org.springsource.loaded.TypeRegistry.loadNewVersion(TypeRegistry.java:1018)
	at org.springsource.loaded.agent.ReloadableFileChangeListener.fileChanged(ReloadableFileChangeListener.java:104)
	at org.springsource.loaded.agent.Watcher.determineChangesSince(FileSystemWatcher.java:251)
	at org.springsource.loaded.agent.Watcher.run(FileSystemWatcher.java:235)
	at java.lang.Thread.run(Thread.java:748)
2025-05-16 15:42:24,333 [FileSystemWatcher: files=#4 cl=groovy.lang.GroovyClassLoader@32e38454] ERROR StackTrace  - Full Stack Trace:
groovy.lang.GroovyRuntimeException: Ambiguous method overloading for method grails.spring.BeanBuilder#registerBeans.
Cannot resolve which method to invoke for [null] due to overlapping prototypes between:
	[interface org.codehaus.groovy.grails.commons.spring.RuntimeSpringConfiguration]
	[interface org.springframework.beans.factory.support.BeanDefinitionRegistry]
	at java.lang.Thread.run(Thread.java:748)
2025-05-16 15:42:24,333 [FileSystemWatcher: files=#4 cl=groovy.lang.GroovyClassLoader@32e38454] ERROR StackTrace  - Full Stack Trace:
groovy.lang.GroovyRuntimeException: Ambiguous method overloading for method grails.spring.BeanBuilder#registerBeans.
Cannot resolve which method to invoke for [null] due to overlapping prototypes between:
	[interface org.codehaus.groovy.grails.commons.spring.RuntimeSpringConfiguration]
	[interface org.springframework.beans.factory.support.BeanDefinitionRegistry]
	at java.lang.Thread.run(Thread.java:748)
2025-05-16 15:42:24,333 [FileSystemWatcher: files=#4 cl=groovy.lang.GroovyClassLoader@32e38454] ERROR StackTrace  - Full Stack Trace:
groovy.lang.GroovyRuntimeException: Ambiguous method overloading for method grails.spring.BeanBuilder#registerBeans.
Cannot resolve which method to invoke for [null] due to overlapping prototypes between:
	[interface org.codehaus.groovy.grails.commons.spring.RuntimeSpringConfiguration]
	[interface org.springframework.beans.factory.support.BeanDefinitionRegistry]
	at java.lang.Thread.run(Thread.java:748)
2025-05-16 15:59:28,984 [http-bio-8080-exec-3] ERROR StackTrace  - Full Stack Trace:
java.lang.RuntimeException: Error initializing GroovyPageView
	at org.codehaus.groovy.grails.web.servlet.view.GroovyPageViewResolver.createGroovyPageView(GroovyPageViewResolver.java:210)
	at org.codehaus.groovy.grails.web.servlet.view.GroovyPageViewResolver.createGrailsView(GroovyPageViewResolver.java:191)
	at org.codehaus.groovy.grails.web.servlet.view.GroovyPageViewResolver.loadView(GroovyPageViewResolver.java:96)
	at org.springframework.web.servlet.view.AbstractCachingViewResolver.createView(AbstractCachingViewResolver.java:244)
	at org.springframework.web.servlet.view.UrlBasedViewResolver.createView(UrlBasedViewResolver.java:446)
	at org.springframework.web.servlet.view.AbstractCachingViewResolver.resolveViewName(AbstractCachingViewResolver.java:146)
	at org.codehaus.groovy.grails.web.servlet.view.GroovyPageViewResolver.resolveViewName(GroovyPageViewResolver.java:85)
	at org.codehaus.groovy.grails.web.servlet.view.GrailsLayoutViewResolver.resolveViewName(GrailsLayoutViewResolver.java:50)
	at org.springframework.web.servlet.DispatcherServlet.resolveViewName(DispatcherServlet.java:1282)
	at org.springframework.web.servlet.DispatcherServlet.render(DispatcherServlet.java:1223)
	at org.codehaus.groovy.grails.web.servlet.GrailsDispatcherServlet.doDispatch(GrailsDispatcherServlet.java:388)
	at org.springframework.web.servlet.DispatcherServlet.doService(DispatcherServlet.java:893)
	at org.springframework.web.servlet.FrameworkServlet.processRequest(FrameworkServlet.java:965)
	at org.springframework.web.servlet.FrameworkServlet.doGet(FrameworkServlet.java:856)
	at javax.servlet.http.HttpServlet.service(HttpServlet.java:624)
	at org.springframework.web.servlet.FrameworkServlet.service(FrameworkServlet.java:841)
	at javax.servlet.http.HttpServlet.service(HttpServlet.java:731)
	at org.apache.catalina.core.ApplicationFilterChain.internalDoFilter(ApplicationFilterChain.java:303)
	at org.apache.catalina.core.ApplicationFilterChain.doFilter(ApplicationFilterChain.java:208)
	at org.apache.tomcat.websocket.server.WsFilter.doFilter(WsFilter.java:52)
	at org.apache.catalina.core.ApplicationFilterChain.internalDoFilter(ApplicationFilterChain.java:241)
	at org.apache.catalina.core.ApplicationFilterChain.doFilter(ApplicationFilterChain.java:208)
	at grails.plugin.cache.web.filter.PageFragmentCachingFilter.doFilter(PageFragmentCachingFilter.java:198)
	at grails.plugin.cache.web.filter.AbstractFilter.doFilter(AbstractFilter.java:63)
	at org.springframework.web.filter.DelegatingFilterProxy.invokeDelegate(DelegatingFilterProxy.java:344)
	at org.springframework.web.filter.DelegatingFilterProxy.doFilter(DelegatingFilterProxy.java:261)
	at org.apache.catalina.core.ApplicationFilterChain.internalDoFilter(ApplicationFilterChain.java:241)
	at org.apache.catalina.core.ApplicationFilterChain.doFilter(ApplicationFilterChain.java:208)
	at org.springframework.web.filter.OncePerRequestFilter.doFilter(OncePerRequestFilter.java:101)
	at org.apache.catalina.core.ApplicationFilterChain.internalDoFilter(ApplicationFilterChain.java:241)
	at org.apache.catalina.core.ApplicationFilterChain.doFilter(ApplicationFilterChain.java:208)
	at org.springframework.web.filter.OncePerRequestFilter.doFilter(OncePerRequestFilter.java:101)
	at org.apache.catalina.core.ApplicationFilterChain.internalDoFilter(ApplicationFilterChain.java:241)
	at org.apache.catalina.core.ApplicationFilterChain.doFilter(ApplicationFilterChain.java:208)
	at org.springframework.web.filter.OncePerRequestFilter.doFilter(OncePerRequestFilter.java:101)
	at org.apache.catalina.core.ApplicationFilterChain.internalDoFilter(ApplicationFilterChain.java:241)
	at org.apache.catalina.core.ApplicationFilterChain.doFilter(ApplicationFilterChain.java:208)
	at org.apache.catalina.core.ApplicationDispatcher.invoke(ApplicationDispatcher.java:747)
	at org.apache.catalina.core.ApplicationDispatcher.processRequest(ApplicationDispatcher.java:485)
	at org.apache.catalina.core.ApplicationDispatcher.doForward(ApplicationDispatcher.java:410)
	at org.apache.catalina.core.ApplicationDispatcher.forward(ApplicationDispatcher.java:337)
	at org.codehaus.groovy.grails.web.mapping.UrlMappingUtils.forwardRequestForUrlMappingInfo(UrlMappingUtils.java:178)
	at org.codehaus.groovy.grails.web.mapping.UrlMappingUtils.forwardRequestForUrlMappingInfo(UrlMappingUtils.java:144)
	at org.codehaus.groovy.grails.web.mapping.UrlMappingUtils.forwardRequestForUrlMappingInfo(UrlMappingUtils.java:135)
	at org.codehaus.groovy.grails.web.mapping.filter.UrlMappingsFilter.doFilterInternal(UrlMappingsFilter.java:216)
	at org.springframework.web.filter.OncePerRequestFilter.doFilter(OncePerRequestFilter.java:107)
	at org.apache.catalina.core.ApplicationFilterChain.internalDoFilter(ApplicationFilterChain.java:241)
	at org.apache.catalina.core.ApplicationFilterChain.doFilter(ApplicationFilterChain.java:208)
	at org.codehaus.groovy.grails.web.servlet.mvc.GrailsWebRequestFilter.doFilterInternal(GrailsWebRequestFilter.java:69)
	at org.springframework.web.filter.OncePerRequestFilter.doFilter(OncePerRequestFilter.java:107)
	at org.apache.catalina.core.ApplicationFilterChain.internalDoFilter(ApplicationFilterChain.java:241)
	at org.apache.catalina.core.ApplicationFilterChain.doFilter(ApplicationFilterChain.java:208)
	at org.codehaus.groovy.grails.web.filters.HiddenHttpMethodFilter.doFilterInternal(HiddenHttpMethodFilter.java:67)
	at org.springframework.web.filter.OncePerRequestFilter.doFilter(OncePerRequestFilter.java:107)
	at org.apache.catalina.core.ApplicationFilterChain.internalDoFilter(ApplicationFilterChain.java:241)
	at org.apache.catalina.core.ApplicationFilterChain.doFilter(ApplicationFilterChain.java:208)
	at org.springframework.web.filter.CharacterEncodingFilter.doFilterInternal(CharacterEncodingFilter.java:85)
	at org.springframework.web.filter.OncePerRequestFilter.doFilter(OncePerRequestFilter.java:107)
	at org.springframework.web.filter.DelegatingFilterProxy.invokeDelegate(DelegatingFilterProxy.java:344)
	at org.springframework.web.filter.DelegatingFilterProxy.doFilter(DelegatingFilterProxy.java:261)
	at org.apache.catalina.core.ApplicationFilterChain.internalDoFilter(ApplicationFilterChain.java:241)
	at org.apache.catalina.core.ApplicationFilterChain.doFilter(ApplicationFilterChain.java:208)
	at org.apache.catalina.core.StandardWrapperValve.invoke(StandardWrapperValve.java:218)
	at org.apache.catalina.core.StandardContextValve.invoke(StandardContextValve.java:122)
	at org.apache.catalina.core.StandardHostValve.invoke(StandardHostValve.java:169)
	at org.apache.catalina.valves.ErrorReportValve.invoke(ErrorReportValve.java:103)
	at org.apache.catalina.core.StandardEngineValve.invoke(StandardEngineValve.java:116)
	at org.apache.catalina.connector.CoyoteAdapter.service(CoyoteAdapter.java:442)
	at org.apache.coyote.http11.AbstractHttp11Processor.process(AbstractHttp11Processor.java:1082)
	at org.apache.coyote.AbstractProtocol$AbstractConnectionHandler.process(AbstractProtocol.java:623)
	at org.apache.tomcat.util.net.JIoEndpoint$SocketProcessor.run(JIoEndpoint.java:316)
	at java.util.concurrent.ThreadPoolExecutor.runWorker(ThreadPoolExecutor.java:1149)
	at java.util.concurrent.ThreadPoolExecutor$Worker.run(ThreadPoolExecutor.java:624)
	at org.apache.tomcat.util.threads.TaskThread$WrappingRunnable.run(TaskThread.java:61)
	at java.lang.Thread.run(Thread.java:748)
Caused by: org.codehaus.groovy.grails.web.taglib.exceptions.GrailsTagException: Tag [else] cannot have non-whitespace characters directly preceding it.
	at org.codehaus.groovy.grails.web.pages.GroovyPageParser.startTag(GroovyPageParser.java:1119)
	at org.codehaus.groovy.grails.web.pages.GroovyPageParser.page(GroovyPageParser.java:831)
	at org.codehaus.groovy.grails.web.pages.GroovyPageParser.generateGsp(GroovyPageParser.java:393)
	at org.codehaus.groovy.grails.web.pages.GroovyPageParser.parse(GroovyPageParser.java:349)
	at org.codehaus.groovy.grails.web.pages.GroovyPagesTemplateEngine.buildPageMetaInfo(GroovyPagesTemplateEngine.java:596)
	at org.codehaus.groovy.grails.web.pages.GroovyPagesTemplateEngine.buildPageMetaInfo(GroovyPagesTemplateEngine.java:493)
	at org.codehaus.groovy.grails.web.pages.GroovyPagesTemplateEngine$GroovyPagesTemplateEngineCacheEntry.updateValue(GroovyPagesTemplateEngine.java:159)
	at org.codehaus.groovy.grails.web.pages.GroovyPagesTemplateEngine$GroovyPagesTemplateEngineCacheEntry.updateValue(GroovyPagesTemplateEngine.java:138)
	at grails.util.CacheEntry.getValue(CacheEntry.java:144)
	at grails.util.CacheEntry.getValue(CacheEntry.java:84)
	at org.codehaus.groovy.grails.web.pages.GroovyPagesTemplateEngine.createTemplate(GroovyPagesTemplateEngine.java:316)
	at org.codehaus.groovy.grails.web.pages.GroovyPagesTemplateEngine.createTemplate(GroovyPagesTemplateEngine.java:306)
	at org.codehaus.groovy.grails.web.pages.GroovyPagesTemplateEngine.createTemplate(GroovyPagesTemplateEngine.java:408)
	at org.codehaus.groovy.grails.web.pages.GroovyPagesTemplateEngine.createTemplateForUri(GroovyPagesTemplateEngine.java:380)
	at org.codehaus.groovy.grails.web.pages.GroovyPagesTemplateEngine.createTemplateForUri(GroovyPagesTemplateEngine.java:373)
	at org.codehaus.groovy.grails.web.pages.GroovyPagesTemplateEngine.createTemplate(GroovyPagesTemplateEngine.java:344)
	at org.codehaus.groovy.grails.web.servlet.view.GroovyPageView.createGroovyPageException(GroovyPageView.java:108)
	at org.codehaus.groovy.grails.web.servlet.view.GroovyPageView.handleException(GroovyPageView.java:104)
	at org.codehaus.groovy.grails.web.servlet.view.GroovyPageView.afterPropertiesSet(GroovyPageView.java:161)
	at org.codehaus.groovy.grails.web.servlet.view.GroovyPageViewResolver.createGroovyPageView(GroovyPageViewResolver.java:208)
	... 74 more
2025-05-16 15:59:28,989 [http-bio-8080-exec-3] ERROR StackTrace  - Full Stack Trace:
org.codehaus.groovy.grails.web.taglib.exceptions.GrailsTagException: Tag [else] cannot have non-whitespace characters directly preceding it.
	at org.codehaus.groovy.grails.web.pages.GroovyPageParser.startTag(GroovyPageParser.java:1119)
	at org.codehaus.groovy.grails.web.pages.GroovyPageParser.page(GroovyPageParser.java:831)
	at org.codehaus.groovy.grails.web.pages.GroovyPageParser.generateGsp(GroovyPageParser.java:393)
	at org.codehaus.groovy.grails.web.pages.GroovyPageParser.parse(GroovyPageParser.java:349)
	at org.codehaus.groovy.grails.web.pages.GroovyPagesTemplateEngine.buildPageMetaInfo(GroovyPagesTemplateEngine.java:596)
	at org.codehaus.groovy.grails.web.pages.GroovyPagesTemplateEngine.buildPageMetaInfo(GroovyPagesTemplateEngine.java:493)
	at org.codehaus.groovy.grails.web.pages.GroovyPagesTemplateEngine$GroovyPagesTemplateEngineCacheEntry.updateValue(GroovyPagesTemplateEngine.java:159)
	at org.codehaus.groovy.grails.web.pages.GroovyPagesTemplateEngine$GroovyPagesTemplateEngineCacheEntry.updateValue(GroovyPagesTemplateEngine.java:138)
	at grails.util.CacheEntry.getValue(CacheEntry.java:144)
	at grails.util.CacheEntry.getValue(CacheEntry.java:84)
	at org.codehaus.groovy.grails.web.pages.GroovyPagesTemplateEngine.createTemplate(GroovyPagesTemplateEngine.java:316)
	at org.codehaus.groovy.grails.web.pages.GroovyPagesTemplateEngine.createTemplate(GroovyPagesTemplateEngine.java:306)
	at org.codehaus.groovy.grails.web.pages.GroovyPagesTemplateEngine.createTemplate(GroovyPagesTemplateEngine.java:408)
	at org.codehaus.groovy.grails.web.pages.GroovyPagesTemplateEngine.createTemplateForUri(GroovyPagesTemplateEngine.java:380)
	at org.codehaus.groovy.grails.web.pages.GroovyPagesTemplateEngine.createTemplateForUri(GroovyPagesTemplateEngine.java:373)
	at org.codehaus.groovy.grails.web.pages.GroovyPagesTemplateEngine.createTemplate(GroovyPagesTemplateEngine.java:344)
	at org.codehaus.groovy.grails.web.servlet.view.GroovyPageView.createGroovyPageException(GroovyPageView.java:108)
	at org.codehaus.groovy.grails.web.servlet.view.GroovyPageView.handleException(GroovyPageView.java:104)
	at org.codehaus.groovy.grails.web.servlet.view.GroovyPageView.afterPropertiesSet(GroovyPageView.java:161)
	at org.codehaus.groovy.grails.web.servlet.view.GroovyPageViewResolver.createGroovyPageView(GroovyPageViewResolver.java:208)
	at org.codehaus.groovy.grails.web.servlet.view.GroovyPageViewResolver.createGrailsView(GroovyPageViewResolver.java:191)
	at org.codehaus.groovy.grails.web.servlet.view.GroovyPageViewResolver.loadView(GroovyPageViewResolver.java:96)
	at org.springframework.web.servlet.view.AbstractCachingViewResolver.createView(AbstractCachingViewResolver.java:244)
	at org.springframework.web.servlet.view.UrlBasedViewResolver.createView(UrlBasedViewResolver.java:446)
	at org.springframework.web.servlet.view.AbstractCachingViewResolver.resolveViewName(AbstractCachingViewResolver.java:146)
	at org.codehaus.groovy.grails.web.servlet.view.GroovyPageViewResolver.resolveViewName(GroovyPageViewResolver.java:85)
	at org.codehaus.groovy.grails.web.servlet.view.GrailsLayoutViewResolver.resolveViewName(GrailsLayoutViewResolver.java:50)
	at org.springframework.web.servlet.DispatcherServlet.resolveViewName(DispatcherServlet.java:1282)
	at org.springframework.web.servlet.DispatcherServlet.render(DispatcherServlet.java:1223)
	at org.codehaus.groovy.grails.web.servlet.GrailsDispatcherServlet.doDispatch(GrailsDispatcherServlet.java:388)
	at org.springframework.web.servlet.DispatcherServlet.doService(DispatcherServlet.java:893)
	at org.springframework.web.servlet.FrameworkServlet.processRequest(FrameworkServlet.java:965)
	at org.springframework.web.servlet.FrameworkServlet.doGet(FrameworkServlet.java:856)
	at javax.servlet.http.HttpServlet.service(HttpServlet.java:624)
	at org.springframework.web.servlet.FrameworkServlet.service(FrameworkServlet.java:841)
	at javax.servlet.http.HttpServlet.service(HttpServlet.java:731)
	at org.apache.catalina.core.ApplicationFilterChain.internalDoFilter(ApplicationFilterChain.java:303)
	at org.apache.catalina.core.ApplicationFilterChain.doFilter(ApplicationFilterChain.java:208)
	at org.apache.tomcat.websocket.server.WsFilter.doFilter(WsFilter.java:52)
	at org.apache.catalina.core.ApplicationFilterChain.internalDoFilter(ApplicationFilterChain.java:241)
	at org.apache.catalina.core.ApplicationFilterChain.doFilter(ApplicationFilterChain.java:208)
	at grails.plugin.cache.web.filter.PageFragmentCachingFilter.doFilter(PageFragmentCachingFilter.java:198)
	at grails.plugin.cache.web.filter.AbstractFilter.doFilter(AbstractFilter.java:63)
	at org.springframework.web.filter.DelegatingFilterProxy.invokeDelegate(DelegatingFilterProxy.java:344)
	at org.springframework.web.filter.DelegatingFilterProxy.doFilter(DelegatingFilterProxy.java:261)
	at org.apache.catalina.core.ApplicationFilterChain.internalDoFilter(ApplicationFilterChain.java:241)
	at org.apache.catalina.core.ApplicationFilterChain.doFilter(ApplicationFilterChain.java:208)
	at org.springframework.web.filter.OncePerRequestFilter.doFilter(OncePerRequestFilter.java:101)
	at org.apache.catalina.core.ApplicationFilterChain.internalDoFilter(ApplicationFilterChain.java:241)
	at org.apache.catalina.core.ApplicationFilterChain.doFilter(ApplicationFilterChain.java:208)
	at org.springframework.web.filter.OncePerRequestFilter.doFilter(OncePerRequestFilter.java:101)
	at org.apache.catalina.core.ApplicationFilterChain.internalDoFilter(ApplicationFilterChain.java:241)
	at org.apache.catalina.core.ApplicationFilterChain.doFilter(ApplicationFilterChain.java:208)
	at org.springframework.web.filter.OncePerRequestFilter.doFilter(OncePerRequestFilter.java:101)
	at org.apache.catalina.core.ApplicationFilterChain.internalDoFilter(ApplicationFilterChain.java:241)
	at org.apache.catalina.core.ApplicationFilterChain.doFilter(ApplicationFilterChain.java:208)
	at org.apache.catalina.core.ApplicationDispatcher.invoke(ApplicationDispatcher.java:747)
	at org.apache.catalina.core.ApplicationDispatcher.processRequest(ApplicationDispatcher.java:485)
	at org.apache.catalina.core.ApplicationDispatcher.doForward(ApplicationDispatcher.java:410)
	at org.apache.catalina.core.ApplicationDispatcher.forward(ApplicationDispatcher.java:337)
	at org.codehaus.groovy.grails.web.mapping.UrlMappingUtils.forwardRequestForUrlMappingInfo(UrlMappingUtils.java:178)
	at org.codehaus.groovy.grails.web.mapping.UrlMappingUtils.forwardRequestForUrlMappingInfo(UrlMappingUtils.java:144)
	at org.codehaus.groovy.grails.web.mapping.UrlMappingUtils.forwardRequestForUrlMappingInfo(UrlMappingUtils.java:135)
	at org.codehaus.groovy.grails.web.mapping.filter.UrlMappingsFilter.doFilterInternal(UrlMappingsFilter.java:216)
	at org.springframework.web.filter.OncePerRequestFilter.doFilter(OncePerRequestFilter.java:107)
	at org.apache.catalina.core.ApplicationFilterChain.internalDoFilter(ApplicationFilterChain.java:241)
	at org.apache.catalina.core.ApplicationFilterChain.doFilter(ApplicationFilterChain.java:208)
	at org.codehaus.groovy.grails.web.servlet.mvc.GrailsWebRequestFilter.doFilterInternal(GrailsWebRequestFilter.java:69)
	at org.springframework.web.filter.OncePerRequestFilter.doFilter(OncePerRequestFilter.java:107)
	at org.apache.catalina.core.ApplicationFilterChain.internalDoFilter(ApplicationFilterChain.java:241)
	at org.apache.catalina.core.ApplicationFilterChain.doFilter(ApplicationFilterChain.java:208)
	at org.codehaus.groovy.grails.web.filters.HiddenHttpMethodFilter.doFilterInternal(HiddenHttpMethodFilter.java:67)
	at org.springframework.web.filter.OncePerRequestFilter.doFilter(OncePerRequestFilter.java:107)
	at org.apache.catalina.core.ApplicationFilterChain.internalDoFilter(ApplicationFilterChain.java:241)
	at org.apache.catalina.core.ApplicationFilterChain.doFilter(ApplicationFilterChain.java:208)
	at org.springframework.web.filter.CharacterEncodingFilter.doFilterInternal(CharacterEncodingFilter.java:85)
	at org.springframework.web.filter.OncePerRequestFilter.doFilter(OncePerRequestFilter.java:107)
	at org.springframework.web.filter.DelegatingFilterProxy.invokeDelegate(DelegatingFilterProxy.java:344)
	at org.springframework.web.filter.DelegatingFilterProxy.doFilter(DelegatingFilterProxy.java:261)
	at org.apache.catalina.core.ApplicationFilterChain.internalDoFilter(ApplicationFilterChain.java:241)
	at org.apache.catalina.core.ApplicationFilterChain.doFilter(ApplicationFilterChain.java:208)
	at org.apache.catalina.core.StandardWrapperValve.invoke(StandardWrapperValve.java:218)
	at org.apache.catalina.core.StandardContextValve.invoke(StandardContextValve.java:122)
	at org.apache.catalina.core.StandardHostValve.invoke(StandardHostValve.java:169)
	at org.apache.catalina.valves.ErrorReportValve.invoke(ErrorReportValve.java:103)
	at org.apache.catalina.core.StandardEngineValve.invoke(StandardEngineValve.java:116)
	at org.apache.catalina.connector.CoyoteAdapter.service(CoyoteAdapter.java:442)
	at org.apache.coyote.http11.AbstractHttp11Processor.process(AbstractHttp11Processor.java:1082)
	at org.apache.coyote.AbstractProtocol$AbstractConnectionHandler.process(AbstractProtocol.java:623)
	at org.apache.tomcat.util.net.JIoEndpoint$SocketProcessor.run(JIoEndpoint.java:316)
	at java.util.concurrent.ThreadPoolExecutor.runWorker(ThreadPoolExecutor.java:1149)
	at java.util.concurrent.ThreadPoolExecutor$Worker.run(ThreadPoolExecutor.java:624)
	at org.apache.tomcat.util.threads.TaskThread$WrappingRunnable.run(TaskThread.java:61)
	at java.lang.Thread.run(Thread.java:748)
2025-05-16 15:59:28,989 [http-bio-8080-exec-3] ERROR StackTrace  - Full Stack Trace:
java.lang.RuntimeException: Error initializing GroovyPageView
	at grails.plugin.cache.web.filter.PageFragmentCachingFilter.doFilter(PageFragmentCachingFilter.java:198)
	at grails.plugin.cache.web.filter.AbstractFilter.doFilter(AbstractFilter.java:63)
	at java.util.concurrent.ThreadPoolExecutor.runWorker(ThreadPoolExecutor.java:1149)
	at java.util.concurrent.ThreadPoolExecutor$Worker.run(ThreadPoolExecutor.java:624)
	at java.lang.Thread.run(Thread.java:748)
Caused by: org.codehaus.groovy.grails.web.taglib.exceptions.GrailsTagException: Tag [else] cannot have non-whitespace characters directly preceding it.
	at grails.util.CacheEntry.getValue(CacheEntry.java:144)
	at grails.util.CacheEntry.getValue(CacheEntry.java:84)
	... 5 more
2025-05-16 15:59:29,000 [http-bio-8080-exec-3] ERROR StackTrace  - Full Stack Trace:
java.lang.RuntimeException: Error initializing GroovyPageView
	at grails.plugin.cache.web.filter.PageFragmentCachingFilter.doFilter(PageFragmentCachingFilter.java:198)
	at grails.plugin.cache.web.filter.AbstractFilter.doFilter(AbstractFilter.java:63)
	at java.util.concurrent.ThreadPoolExecutor.runWorker(ThreadPoolExecutor.java:1149)
	at java.util.concurrent.ThreadPoolExecutor$Worker.run(ThreadPoolExecutor.java:624)
	at java.lang.Thread.run(Thread.java:748)
Caused by: org.codehaus.groovy.grails.web.taglib.exceptions.GrailsTagException: Tag [else] cannot have non-whitespace characters directly preceding it.
	at grails.util.CacheEntry.getValue(CacheEntry.java:144)
	at grails.util.CacheEntry.getValue(CacheEntry.java:84)
	... 5 more
2025-05-16 15:59:29,001 [http-bio-8080-exec-3] ERROR StackTrace  - Full Stack Trace:
org.codehaus.groovy.grails.web.taglib.exceptions.GrailsTagException: Tag [else] cannot have non-whitespace characters directly preceding it.
	at grails.util.CacheEntry.getValue(CacheEntry.java:144)
	at grails.util.CacheEntry.getValue(CacheEntry.java:84)
	at grails.plugin.cache.web.filter.PageFragmentCachingFilter.doFilter(PageFragmentCachingFilter.java:198)
	at grails.plugin.cache.web.filter.AbstractFilter.doFilter(AbstractFilter.java:63)
	at java.util.concurrent.ThreadPoolExecutor.runWorker(ThreadPoolExecutor.java:1149)
	at java.util.concurrent.ThreadPoolExecutor$Worker.run(ThreadPoolExecutor.java:624)
	at java.lang.Thread.run(Thread.java:748)
2025-05-16 15:59:29,001 [http-bio-8080-exec-3] ERROR StackTrace  - Full Stack Trace:
java.lang.RuntimeException: Error initializing GroovyPageView
	at grails.plugin.cache.web.filter.PageFragmentCachingFilter.doFilter(PageFragmentCachingFilter.java:198)
	at grails.plugin.cache.web.filter.AbstractFilter.doFilter(AbstractFilter.java:63)
	at java.util.concurrent.ThreadPoolExecutor.runWorker(ThreadPoolExecutor.java:1149)
	at java.util.concurrent.ThreadPoolExecutor$Worker.run(ThreadPoolExecutor.java:624)
	at java.lang.Thread.run(Thread.java:748)
Caused by: org.codehaus.groovy.grails.web.taglib.exceptions.GrailsTagException: Tag [else] cannot have non-whitespace characters directly preceding it.
	at grails.util.CacheEntry.getValue(CacheEntry.java:144)
	at grails.util.CacheEntry.getValue(CacheEntry.java:84)
	... 5 more
2025-05-16 15:59:29,001 [http-bio-8080-exec-3] ERROR StackTrace  - Full Stack Trace:
java.lang.RuntimeException: Error initializing GroovyPageView
	at grails.plugin.cache.web.filter.PageFragmentCachingFilter.doFilter(PageFragmentCachingFilter.java:198)
	at grails.plugin.cache.web.filter.AbstractFilter.doFilter(AbstractFilter.java:63)
	at java.util.concurrent.ThreadPoolExecutor.runWorker(ThreadPoolExecutor.java:1149)
	at java.util.concurrent.ThreadPoolExecutor$Worker.run(ThreadPoolExecutor.java:624)
	at java.lang.Thread.run(Thread.java:748)
Caused by: org.codehaus.groovy.grails.web.taglib.exceptions.GrailsTagException: Tag [else] cannot have non-whitespace characters directly preceding it.
	at grails.util.CacheEntry.getValue(CacheEntry.java:144)
	at grails.util.CacheEntry.getValue(CacheEntry.java:84)
	... 5 more
2025-05-16 15:59:29,001 [http-bio-8080-exec-3] ERROR StackTrace  - Full Stack Trace:
org.codehaus.groovy.grails.web.taglib.exceptions.GrailsTagException: Tag [else] cannot have non-whitespace characters directly preceding it.
	at grails.util.CacheEntry.getValue(CacheEntry.java:144)
	at grails.util.CacheEntry.getValue(CacheEntry.java:84)
	at grails.plugin.cache.web.filter.PageFragmentCachingFilter.doFilter(PageFragmentCachingFilter.java:198)
	at grails.plugin.cache.web.filter.AbstractFilter.doFilter(AbstractFilter.java:63)
	at java.util.concurrent.ThreadPoolExecutor.runWorker(ThreadPoolExecutor.java:1149)
	at java.util.concurrent.ThreadPoolExecutor$Worker.run(ThreadPoolExecutor.java:624)
	at java.lang.Thread.run(Thread.java:748)
2025-05-16 15:59:29,001 [http-bio-8080-exec-3] ERROR StackTrace  - Full Stack Trace:
java.lang.RuntimeException: Error initializing GroovyPageView
	at grails.plugin.cache.web.filter.PageFragmentCachingFilter.doFilter(PageFragmentCachingFilter.java:198)
	at grails.plugin.cache.web.filter.AbstractFilter.doFilter(AbstractFilter.java:63)
	at java.util.concurrent.ThreadPoolExecutor.runWorker(ThreadPoolExecutor.java:1149)
	at java.util.concurrent.ThreadPoolExecutor$Worker.run(ThreadPoolExecutor.java:624)
	at java.lang.Thread.run(Thread.java:748)
Caused by: org.codehaus.groovy.grails.web.taglib.exceptions.GrailsTagException: Tag [else] cannot have non-whitespace characters directly preceding it.
	at grails.util.CacheEntry.getValue(CacheEntry.java:144)
	at grails.util.CacheEntry.getValue(CacheEntry.java:84)
	... 5 more
2025-05-16 15:59:30,138 [http-bio-8080-exec-13] ERROR StackTrace  - Full Stack Trace:
java.lang.RuntimeException: Error initializing GroovyPageView
	at org.codehaus.groovy.grails.web.servlet.view.GroovyPageViewResolver.createGroovyPageView(GroovyPageViewResolver.java:210)
	at org.codehaus.groovy.grails.web.servlet.view.GroovyPageViewResolver.createGrailsView(GroovyPageViewResolver.java:191)
	at org.codehaus.groovy.grails.web.servlet.view.GroovyPageViewResolver.loadView(GroovyPageViewResolver.java:96)
	at org.springframework.web.servlet.view.AbstractCachingViewResolver.createView(AbstractCachingViewResolver.java:244)
	at org.springframework.web.servlet.view.UrlBasedViewResolver.createView(UrlBasedViewResolver.java:446)
	at org.springframework.web.servlet.view.AbstractCachingViewResolver.resolveViewName(AbstractCachingViewResolver.java:146)
	at org.codehaus.groovy.grails.web.servlet.view.GroovyPageViewResolver.resolveViewName(GroovyPageViewResolver.java:85)
	at org.codehaus.groovy.grails.web.servlet.view.GrailsLayoutViewResolver.resolveViewName(GrailsLayoutViewResolver.java:50)
	at org.springframework.web.servlet.DispatcherServlet.resolveViewName(DispatcherServlet.java:1282)
	at org.springframework.web.servlet.DispatcherServlet.render(DispatcherServlet.java:1223)
	at org.codehaus.groovy.grails.web.servlet.GrailsDispatcherServlet.doDispatch(GrailsDispatcherServlet.java:388)
	at org.springframework.web.servlet.DispatcherServlet.doService(DispatcherServlet.java:893)
	at org.springframework.web.servlet.FrameworkServlet.processRequest(FrameworkServlet.java:965)
	at org.springframework.web.servlet.FrameworkServlet.doGet(FrameworkServlet.java:856)
	at javax.servlet.http.HttpServlet.service(HttpServlet.java:624)
	at org.springframework.web.servlet.FrameworkServlet.service(FrameworkServlet.java:841)
	at javax.servlet.http.HttpServlet.service(HttpServlet.java:731)
	at org.apache.catalina.core.ApplicationFilterChain.internalDoFilter(ApplicationFilterChain.java:303)
	at org.apache.catalina.core.ApplicationFilterChain.doFilter(ApplicationFilterChain.java:208)
	at org.apache.tomcat.websocket.server.WsFilter.doFilter(WsFilter.java:52)
	at org.apache.catalina.core.ApplicationFilterChain.internalDoFilter(ApplicationFilterChain.java:241)
	at org.apache.catalina.core.ApplicationFilterChain.doFilter(ApplicationFilterChain.java:208)
	at grails.plugin.cache.web.filter.PageFragmentCachingFilter.doFilter(PageFragmentCachingFilter.java:198)
	at grails.plugin.cache.web.filter.AbstractFilter.doFilter(AbstractFilter.java:63)
	at org.springframework.web.filter.DelegatingFilterProxy.invokeDelegate(DelegatingFilterProxy.java:344)
	at org.springframework.web.filter.DelegatingFilterProxy.doFilter(DelegatingFilterProxy.java:261)
	at org.apache.catalina.core.ApplicationFilterChain.internalDoFilter(ApplicationFilterChain.java:241)
	at org.apache.catalina.core.ApplicationFilterChain.doFilter(ApplicationFilterChain.java:208)
	at org.springframework.web.filter.OncePerRequestFilter.doFilter(OncePerRequestFilter.java:101)
	at org.apache.catalina.core.ApplicationFilterChain.internalDoFilter(ApplicationFilterChain.java:241)
	at org.apache.catalina.core.ApplicationFilterChain.doFilter(ApplicationFilterChain.java:208)
	at org.springframework.web.filter.OncePerRequestFilter.doFilter(OncePerRequestFilter.java:101)
	at org.apache.catalina.core.ApplicationFilterChain.internalDoFilter(ApplicationFilterChain.java:241)
	at org.apache.catalina.core.ApplicationFilterChain.doFilter(ApplicationFilterChain.java:208)
	at org.springframework.web.filter.OncePerRequestFilter.doFilter(OncePerRequestFilter.java:101)
	at org.apache.catalina.core.ApplicationFilterChain.internalDoFilter(ApplicationFilterChain.java:241)
	at org.apache.catalina.core.ApplicationFilterChain.doFilter(ApplicationFilterChain.java:208)
	at org.apache.catalina.core.ApplicationDispatcher.invoke(ApplicationDispatcher.java:747)
	at org.apache.catalina.core.ApplicationDispatcher.processRequest(ApplicationDispatcher.java:485)
	at org.apache.catalina.core.ApplicationDispatcher.doForward(ApplicationDispatcher.java:410)
	at org.apache.catalina.core.ApplicationDispatcher.forward(ApplicationDispatcher.java:337)
	at org.codehaus.groovy.grails.web.mapping.UrlMappingUtils.forwardRequestForUrlMappingInfo(UrlMappingUtils.java:178)
	at org.codehaus.groovy.grails.web.mapping.UrlMappingUtils.forwardRequestForUrlMappingInfo(UrlMappingUtils.java:144)
	at org.codehaus.groovy.grails.web.mapping.UrlMappingUtils.forwardRequestForUrlMappingInfo(UrlMappingUtils.java:135)
	at org.codehaus.groovy.grails.web.mapping.filter.UrlMappingsFilter.doFilterInternal(UrlMappingsFilter.java:216)
	at org.springframework.web.filter.OncePerRequestFilter.doFilter(OncePerRequestFilter.java:107)
	at org.apache.catalina.core.ApplicationFilterChain.internalDoFilter(ApplicationFilterChain.java:241)
	at org.apache.catalina.core.ApplicationFilterChain.doFilter(ApplicationFilterChain.java:208)
	at org.codehaus.groovy.grails.web.servlet.mvc.GrailsWebRequestFilter.doFilterInternal(GrailsWebRequestFilter.java:69)
	at org.springframework.web.filter.OncePerRequestFilter.doFilter(OncePerRequestFilter.java:107)
	at org.apache.catalina.core.ApplicationFilterChain.internalDoFilter(ApplicationFilterChain.java:241)
	at org.apache.catalina.core.ApplicationFilterChain.doFilter(ApplicationFilterChain.java:208)
	at org.codehaus.groovy.grails.web.filters.HiddenHttpMethodFilter.doFilterInternal(HiddenHttpMethodFilter.java:67)
	at org.springframework.web.filter.OncePerRequestFilter.doFilter(OncePerRequestFilter.java:107)
	at org.apache.catalina.core.ApplicationFilterChain.internalDoFilter(ApplicationFilterChain.java:241)
	at org.apache.catalina.core.ApplicationFilterChain.doFilter(ApplicationFilterChain.java:208)
	at org.springframework.web.filter.CharacterEncodingFilter.doFilterInternal(CharacterEncodingFilter.java:85)
	at org.springframework.web.filter.OncePerRequestFilter.doFilter(OncePerRequestFilter.java:107)
	at org.springframework.web.filter.DelegatingFilterProxy.invokeDelegate(DelegatingFilterProxy.java:344)
	at org.springframework.web.filter.DelegatingFilterProxy.doFilter(DelegatingFilterProxy.java:261)
	at org.apache.catalina.core.ApplicationFilterChain.internalDoFilter(ApplicationFilterChain.java:241)
	at org.apache.catalina.core.ApplicationFilterChain.doFilter(ApplicationFilterChain.java:208)
	at org.apache.catalina.core.StandardWrapperValve.invoke(StandardWrapperValve.java:218)
	at org.apache.catalina.core.StandardContextValve.invoke(StandardContextValve.java:122)
	at org.apache.catalina.core.StandardHostValve.invoke(StandardHostValve.java:169)
	at org.apache.catalina.valves.ErrorReportValve.invoke(ErrorReportValve.java:103)
	at org.apache.catalina.core.StandardEngineValve.invoke(StandardEngineValve.java:116)
	at org.apache.catalina.connector.CoyoteAdapter.service(CoyoteAdapter.java:442)
	at org.apache.coyote.http11.AbstractHttp11Processor.process(AbstractHttp11Processor.java:1082)
	at org.apache.coyote.AbstractProtocol$AbstractConnectionHandler.process(AbstractProtocol.java:623)
	at org.apache.tomcat.util.net.JIoEndpoint$SocketProcessor.run(JIoEndpoint.java:318)
	at java.util.concurrent.ThreadPoolExecutor.runWorker(ThreadPoolExecutor.java:1149)
	at java.util.concurrent.ThreadPoolExecutor$Worker.run(ThreadPoolExecutor.java:624)
	at org.apache.tomcat.util.threads.TaskThread$WrappingRunnable.run(TaskThread.java:61)
	at java.lang.Thread.run(Thread.java:748)
Caused by: org.codehaus.groovy.grails.web.taglib.exceptions.GrailsTagException: Tag [else] cannot have non-whitespace characters directly preceding it.
	at org.codehaus.groovy.grails.web.pages.GroovyPageParser.startTag(GroovyPageParser.java:1119)
	at org.codehaus.groovy.grails.web.pages.GroovyPageParser.page(GroovyPageParser.java:831)
	at org.codehaus.groovy.grails.web.pages.GroovyPageParser.generateGsp(GroovyPageParser.java:393)
	at org.codehaus.groovy.grails.web.pages.GroovyPageParser.parse(GroovyPageParser.java:349)
	at org.codehaus.groovy.grails.web.pages.GroovyPagesTemplateEngine.buildPageMetaInfo(GroovyPagesTemplateEngine.java:596)
	at org.codehaus.groovy.grails.web.pages.GroovyPagesTemplateEngine.buildPageMetaInfo(GroovyPagesTemplateEngine.java:493)
	at org.codehaus.groovy.grails.web.pages.GroovyPagesTemplateEngine$GroovyPagesTemplateEngineCacheEntry.updateValue(GroovyPagesTemplateEngine.java:159)
	at org.codehaus.groovy.grails.web.pages.GroovyPagesTemplateEngine$GroovyPagesTemplateEngineCacheEntry.updateValue(GroovyPagesTemplateEngine.java:138)
	at grails.util.CacheEntry.getValue(CacheEntry.java:144)
	at grails.util.CacheEntry.getValue(CacheEntry.java:84)
	at org.codehaus.groovy.grails.web.pages.GroovyPagesTemplateEngine.createTemplate(GroovyPagesTemplateEngine.java:316)
	at org.codehaus.groovy.grails.web.pages.GroovyPagesTemplateEngine.createTemplate(GroovyPagesTemplateEngine.java:306)
	at org.codehaus.groovy.grails.web.pages.GroovyPagesTemplateEngine.createTemplate(GroovyPagesTemplateEngine.java:408)
	at org.codehaus.groovy.grails.web.pages.GroovyPagesTemplateEngine.createTemplateForUri(GroovyPagesTemplateEngine.java:380)
	at org.codehaus.groovy.grails.web.pages.GroovyPagesTemplateEngine.createTemplateForUri(GroovyPagesTemplateEngine.java:373)
	at org.codehaus.groovy.grails.web.pages.GroovyPagesTemplateEngine.createTemplate(GroovyPagesTemplateEngine.java:344)
	at org.codehaus.groovy.grails.web.servlet.view.GroovyPageView.createGroovyPageException(GroovyPageView.java:108)
	at org.codehaus.groovy.grails.web.servlet.view.GroovyPageView.handleException(GroovyPageView.java:104)
	at org.codehaus.groovy.grails.web.servlet.view.GroovyPageView.afterPropertiesSet(GroovyPageView.java:161)
	at org.codehaus.groovy.grails.web.servlet.view.GroovyPageViewResolver.createGroovyPageView(GroovyPageViewResolver.java:208)
	... 74 more
2025-05-16 15:59:30,138 [http-bio-8080-exec-13] ERROR StackTrace  - Full Stack Trace:
org.codehaus.groovy.grails.web.taglib.exceptions.GrailsTagException: Tag [else] cannot have non-whitespace characters directly preceding it.
	at org.codehaus.groovy.grails.web.pages.GroovyPageParser.startTag(GroovyPageParser.java:1119)
	at org.codehaus.groovy.grails.web.pages.GroovyPageParser.page(GroovyPageParser.java:831)
	at org.codehaus.groovy.grails.web.pages.GroovyPageParser.generateGsp(GroovyPageParser.java:393)
	at org.codehaus.groovy.grails.web.pages.GroovyPageParser.parse(GroovyPageParser.java:349)
	at org.codehaus.groovy.grails.web.pages.GroovyPagesTemplateEngine.buildPageMetaInfo(GroovyPagesTemplateEngine.java:596)
	at org.codehaus.groovy.grails.web.pages.GroovyPagesTemplateEngine.buildPageMetaInfo(GroovyPagesTemplateEngine.java:493)
	at org.codehaus.groovy.grails.web.pages.GroovyPagesTemplateEngine$GroovyPagesTemplateEngineCacheEntry.updateValue(GroovyPagesTemplateEngine.java:159)
	at org.codehaus.groovy.grails.web.pages.GroovyPagesTemplateEngine$GroovyPagesTemplateEngineCacheEntry.updateValue(GroovyPagesTemplateEngine.java:138)
	at grails.util.CacheEntry.getValue(CacheEntry.java:144)
	at grails.util.CacheEntry.getValue(CacheEntry.java:84)
	at org.codehaus.groovy.grails.web.pages.GroovyPagesTemplateEngine.createTemplate(GroovyPagesTemplateEngine.java:316)
	at org.codehaus.groovy.grails.web.pages.GroovyPagesTemplateEngine.createTemplate(GroovyPagesTemplateEngine.java:306)
	at org.codehaus.groovy.grails.web.pages.GroovyPagesTemplateEngine.createTemplate(GroovyPagesTemplateEngine.java:408)
	at org.codehaus.groovy.grails.web.pages.GroovyPagesTemplateEngine.createTemplateForUri(GroovyPagesTemplateEngine.java:380)
	at org.codehaus.groovy.grails.web.pages.GroovyPagesTemplateEngine.createTemplateForUri(GroovyPagesTemplateEngine.java:373)
	at org.codehaus.groovy.grails.web.pages.GroovyPagesTemplateEngine.createTemplate(GroovyPagesTemplateEngine.java:344)
	at org.codehaus.groovy.grails.web.servlet.view.GroovyPageView.createGroovyPageException(GroovyPageView.java:108)
	at org.codehaus.groovy.grails.web.servlet.view.GroovyPageView.handleException(GroovyPageView.java:104)
	at org.codehaus.groovy.grails.web.servlet.view.GroovyPageView.afterPropertiesSet(GroovyPageView.java:161)
	at org.codehaus.groovy.grails.web.servlet.view.GroovyPageViewResolver.createGroovyPageView(GroovyPageViewResolver.java:208)
	at org.codehaus.groovy.grails.web.servlet.view.GroovyPageViewResolver.createGrailsView(GroovyPageViewResolver.java:191)
	at org.codehaus.groovy.grails.web.servlet.view.GroovyPageViewResolver.loadView(GroovyPageViewResolver.java:96)
	at org.springframework.web.servlet.view.AbstractCachingViewResolver.createView(AbstractCachingViewResolver.java:244)
	at org.springframework.web.servlet.view.UrlBasedViewResolver.createView(UrlBasedViewResolver.java:446)
	at org.springframework.web.servlet.view.AbstractCachingViewResolver.resolveViewName(AbstractCachingViewResolver.java:146)
	at org.codehaus.groovy.grails.web.servlet.view.GroovyPageViewResolver.resolveViewName(GroovyPageViewResolver.java:85)
	at org.codehaus.groovy.grails.web.servlet.view.GrailsLayoutViewResolver.resolveViewName(GrailsLayoutViewResolver.java:50)
	at org.springframework.web.servlet.DispatcherServlet.resolveViewName(DispatcherServlet.java:1282)
	at org.springframework.web.servlet.DispatcherServlet.render(DispatcherServlet.java:1223)
	at org.codehaus.groovy.grails.web.servlet.GrailsDispatcherServlet.doDispatch(GrailsDispatcherServlet.java:388)
	at org.springframework.web.servlet.DispatcherServlet.doService(DispatcherServlet.java:893)
	at org.springframework.web.servlet.FrameworkServlet.processRequest(FrameworkServlet.java:965)
	at org.springframework.web.servlet.FrameworkServlet.doGet(FrameworkServlet.java:856)
	at javax.servlet.http.HttpServlet.service(HttpServlet.java:624)
	at org.springframework.web.servlet.FrameworkServlet.service(FrameworkServlet.java:841)
	at javax.servlet.http.HttpServlet.service(HttpServlet.java:731)
	at org.apache.catalina.core.ApplicationFilterChain.internalDoFilter(ApplicationFilterChain.java:303)
	at org.apache.catalina.core.ApplicationFilterChain.doFilter(ApplicationFilterChain.java:208)
	at org.apache.tomcat.websocket.server.WsFilter.doFilter(WsFilter.java:52)
	at org.apache.catalina.core.ApplicationFilterChain.internalDoFilter(ApplicationFilterChain.java:241)
	at org.apache.catalina.core.ApplicationFilterChain.doFilter(ApplicationFilterChain.java:208)
	at grails.plugin.cache.web.filter.PageFragmentCachingFilter.doFilter(PageFragmentCachingFilter.java:198)
	at grails.plugin.cache.web.filter.AbstractFilter.doFilter(AbstractFilter.java:63)
	at org.springframework.web.filter.DelegatingFilterProxy.invokeDelegate(DelegatingFilterProxy.java:344)
	at org.springframework.web.filter.DelegatingFilterProxy.doFilter(DelegatingFilterProxy.java:261)
	at org.apache.catalina.core.ApplicationFilterChain.internalDoFilter(ApplicationFilterChain.java:241)
	at org.apache.catalina.core.ApplicationFilterChain.doFilter(ApplicationFilterChain.java:208)
	at org.springframework.web.filter.OncePerRequestFilter.doFilter(OncePerRequestFilter.java:101)
	at org.apache.catalina.core.ApplicationFilterChain.internalDoFilter(ApplicationFilterChain.java:241)
	at org.apache.catalina.core.ApplicationFilterChain.doFilter(ApplicationFilterChain.java:208)
	at org.springframework.web.filter.OncePerRequestFilter.doFilter(OncePerRequestFilter.java:101)
	at org.apache.catalina.core.ApplicationFilterChain.internalDoFilter(ApplicationFilterChain.java:241)
	at org.apache.catalina.core.ApplicationFilterChain.doFilter(ApplicationFilterChain.java:208)
	at org.springframework.web.filter.OncePerRequestFilter.doFilter(OncePerRequestFilter.java:101)
	at org.apache.catalina.core.ApplicationFilterChain.internalDoFilter(ApplicationFilterChain.java:241)
	at org.apache.catalina.core.ApplicationFilterChain.doFilter(ApplicationFilterChain.java:208)
	at org.apache.catalina.core.ApplicationDispatcher.invoke(ApplicationDispatcher.java:747)
	at org.apache.catalina.core.ApplicationDispatcher.processRequest(ApplicationDispatcher.java:485)
	at org.apache.catalina.core.ApplicationDispatcher.doForward(ApplicationDispatcher.java:410)
	at org.apache.catalina.core.ApplicationDispatcher.forward(ApplicationDispatcher.java:337)
	at org.codehaus.groovy.grails.web.mapping.UrlMappingUtils.forwardRequestForUrlMappingInfo(UrlMappingUtils.java:178)
	at org.codehaus.groovy.grails.web.mapping.UrlMappingUtils.forwardRequestForUrlMappingInfo(UrlMappingUtils.java:144)
	at org.codehaus.groovy.grails.web.mapping.UrlMappingUtils.forwardRequestForUrlMappingInfo(UrlMappingUtils.java:135)
	at org.codehaus.groovy.grails.web.mapping.filter.UrlMappingsFilter.doFilterInternal(UrlMappingsFilter.java:216)
	at org.springframework.web.filter.OncePerRequestFilter.doFilter(OncePerRequestFilter.java:107)
	at org.apache.catalina.core.ApplicationFilterChain.internalDoFilter(ApplicationFilterChain.java:241)
	at org.apache.catalina.core.ApplicationFilterChain.doFilter(ApplicationFilterChain.java:208)
	at org.codehaus.groovy.grails.web.servlet.mvc.GrailsWebRequestFilter.doFilterInternal(GrailsWebRequestFilter.java:69)
	at org.springframework.web.filter.OncePerRequestFilter.doFilter(OncePerRequestFilter.java:107)
	at org.apache.catalina.core.ApplicationFilterChain.internalDoFilter(ApplicationFilterChain.java:241)
	at org.apache.catalina.core.ApplicationFilterChain.doFilter(ApplicationFilterChain.java:208)
	at org.codehaus.groovy.grails.web.filters.HiddenHttpMethodFilter.doFilterInternal(HiddenHttpMethodFilter.java:67)
	at org.springframework.web.filter.OncePerRequestFilter.doFilter(OncePerRequestFilter.java:107)
	at org.apache.catalina.core.ApplicationFilterChain.internalDoFilter(ApplicationFilterChain.java:241)
	at org.apache.catalina.core.ApplicationFilterChain.doFilter(ApplicationFilterChain.java:208)
	at org.springframework.web.filter.CharacterEncodingFilter.doFilterInternal(CharacterEncodingFilter.java:85)
	at org.springframework.web.filter.OncePerRequestFilter.doFilter(OncePerRequestFilter.java:107)
	at org.springframework.web.filter.DelegatingFilterProxy.invokeDelegate(DelegatingFilterProxy.java:344)
	at org.springframework.web.filter.DelegatingFilterProxy.doFilter(DelegatingFilterProxy.java:261)
	at org.apache.catalina.core.ApplicationFilterChain.internalDoFilter(ApplicationFilterChain.java:241)
	at org.apache.catalina.core.ApplicationFilterChain.doFilter(ApplicationFilterChain.java:208)
	at org.apache.catalina.core.StandardWrapperValve.invoke(StandardWrapperValve.java:218)
	at org.apache.catalina.core.StandardContextValve.invoke(StandardContextValve.java:122)
	at org.apache.catalina.core.StandardHostValve.invoke(StandardHostValve.java:169)
	at org.apache.catalina.valves.ErrorReportValve.invoke(ErrorReportValve.java:103)
	at org.apache.catalina.core.StandardEngineValve.invoke(StandardEngineValve.java:116)
	at org.apache.catalina.connector.CoyoteAdapter.service(CoyoteAdapter.java:442)
	at org.apache.coyote.http11.AbstractHttp11Processor.process(AbstractHttp11Processor.java:1082)
	at org.apache.coyote.AbstractProtocol$AbstractConnectionHandler.process(AbstractProtocol.java:623)
	at org.apache.tomcat.util.net.JIoEndpoint$SocketProcessor.run(JIoEndpoint.java:318)
	at java.util.concurrent.ThreadPoolExecutor.runWorker(ThreadPoolExecutor.java:1149)
	at java.util.concurrent.ThreadPoolExecutor$Worker.run(ThreadPoolExecutor.java:624)
	at org.apache.tomcat.util.threads.TaskThread$WrappingRunnable.run(TaskThread.java:61)
	at java.lang.Thread.run(Thread.java:748)
2025-05-16 15:59:30,139 [http-bio-8080-exec-13] ERROR StackTrace  - Full Stack Trace:
java.lang.RuntimeException: Error initializing GroovyPageView
	at grails.plugin.cache.web.filter.PageFragmentCachingFilter.doFilter(PageFragmentCachingFilter.java:198)
	at grails.plugin.cache.web.filter.AbstractFilter.doFilter(AbstractFilter.java:63)
	at java.util.concurrent.ThreadPoolExecutor.runWorker(ThreadPoolExecutor.java:1149)
	at java.util.concurrent.ThreadPoolExecutor$Worker.run(ThreadPoolExecutor.java:624)
	at java.lang.Thread.run(Thread.java:748)
Caused by: org.codehaus.groovy.grails.web.taglib.exceptions.GrailsTagException: Tag [else] cannot have non-whitespace characters directly preceding it.
	at grails.util.CacheEntry.getValue(CacheEntry.java:144)
	at grails.util.CacheEntry.getValue(CacheEntry.java:84)
	... 5 more
2025-05-16 15:59:30,139 [http-bio-8080-exec-13] ERROR StackTrace  - Full Stack Trace:
java.lang.RuntimeException: Error initializing GroovyPageView
	at grails.plugin.cache.web.filter.PageFragmentCachingFilter.doFilter(PageFragmentCachingFilter.java:198)
	at grails.plugin.cache.web.filter.AbstractFilter.doFilter(AbstractFilter.java:63)
	at java.util.concurrent.ThreadPoolExecutor.runWorker(ThreadPoolExecutor.java:1149)
	at java.util.concurrent.ThreadPoolExecutor$Worker.run(ThreadPoolExecutor.java:624)
	at java.lang.Thread.run(Thread.java:748)
Caused by: org.codehaus.groovy.grails.web.taglib.exceptions.GrailsTagException: Tag [else] cannot have non-whitespace characters directly preceding it.
	at grails.util.CacheEntry.getValue(CacheEntry.java:144)
	at grails.util.CacheEntry.getValue(CacheEntry.java:84)
	... 5 more
2025-05-16 15:59:30,139 [http-bio-8080-exec-13] ERROR StackTrace  - Full Stack Trace:
org.codehaus.groovy.grails.web.taglib.exceptions.GrailsTagException: Tag [else] cannot have non-whitespace characters directly preceding it.
	at grails.util.CacheEntry.getValue(CacheEntry.java:144)
	at grails.util.CacheEntry.getValue(CacheEntry.java:84)
	at grails.plugin.cache.web.filter.PageFragmentCachingFilter.doFilter(PageFragmentCachingFilter.java:198)
	at grails.plugin.cache.web.filter.AbstractFilter.doFilter(AbstractFilter.java:63)
	at java.util.concurrent.ThreadPoolExecutor.runWorker(ThreadPoolExecutor.java:1149)
	at java.util.concurrent.ThreadPoolExecutor$Worker.run(ThreadPoolExecutor.java:624)
	at java.lang.Thread.run(Thread.java:748)
2025-05-16 15:59:30,139 [http-bio-8080-exec-13] ERROR StackTrace  - Full Stack Trace:
java.lang.RuntimeException: Error initializing GroovyPageView
	at grails.plugin.cache.web.filter.PageFragmentCachingFilter.doFilter(PageFragmentCachingFilter.java:198)
	at grails.plugin.cache.web.filter.AbstractFilter.doFilter(AbstractFilter.java:63)
	at java.util.concurrent.ThreadPoolExecutor.runWorker(ThreadPoolExecutor.java:1149)
	at java.util.concurrent.ThreadPoolExecutor$Worker.run(ThreadPoolExecutor.java:624)
	at java.lang.Thread.run(Thread.java:748)
Caused by: org.codehaus.groovy.grails.web.taglib.exceptions.GrailsTagException: Tag [else] cannot have non-whitespace characters directly preceding it.
	at grails.util.CacheEntry.getValue(CacheEntry.java:144)
	at grails.util.CacheEntry.getValue(CacheEntry.java:84)
	... 5 more
2025-05-16 15:59:30,140 [http-bio-8080-exec-13] ERROR StackTrace  - Full Stack Trace:
java.lang.RuntimeException: Error initializing GroovyPageView
	at grails.plugin.cache.web.filter.PageFragmentCachingFilter.doFilter(PageFragmentCachingFilter.java:198)
	at grails.plugin.cache.web.filter.AbstractFilter.doFilter(AbstractFilter.java:63)
	at java.util.concurrent.ThreadPoolExecutor.runWorker(ThreadPoolExecutor.java:1149)
	at java.util.concurrent.ThreadPoolExecutor$Worker.run(ThreadPoolExecutor.java:624)
	at java.lang.Thread.run(Thread.java:748)
Caused by: org.codehaus.groovy.grails.web.taglib.exceptions.GrailsTagException: Tag [else] cannot have non-whitespace characters directly preceding it.
	at grails.util.CacheEntry.getValue(CacheEntry.java:144)
	at grails.util.CacheEntry.getValue(CacheEntry.java:84)
	... 5 more
2025-05-16 15:59:30,140 [http-bio-8080-exec-13] ERROR StackTrace  - Full Stack Trace:
org.codehaus.groovy.grails.web.taglib.exceptions.GrailsTagException: Tag [else] cannot have non-whitespace characters directly preceding it.
	at grails.util.CacheEntry.getValue(CacheEntry.java:144)
	at grails.util.CacheEntry.getValue(CacheEntry.java:84)
	at grails.plugin.cache.web.filter.PageFragmentCachingFilter.doFilter(PageFragmentCachingFilter.java:198)
	at grails.plugin.cache.web.filter.AbstractFilter.doFilter(AbstractFilter.java:63)
	at java.util.concurrent.ThreadPoolExecutor.runWorker(ThreadPoolExecutor.java:1149)
	at java.util.concurrent.ThreadPoolExecutor$Worker.run(ThreadPoolExecutor.java:624)
	at java.lang.Thread.run(Thread.java:748)
2025-05-16 15:59:30,140 [http-bio-8080-exec-13] ERROR StackTrace  - Full Stack Trace:
java.lang.RuntimeException: Error initializing GroovyPageView
	at grails.plugin.cache.web.filter.PageFragmentCachingFilter.doFilter(PageFragmentCachingFilter.java:198)
	at grails.plugin.cache.web.filter.AbstractFilter.doFilter(AbstractFilter.java:63)
	at java.util.concurrent.ThreadPoolExecutor.runWorker(ThreadPoolExecutor.java:1149)
	at java.util.concurrent.ThreadPoolExecutor$Worker.run(ThreadPoolExecutor.java:624)
	at java.lang.Thread.run(Thread.java:748)
Caused by: org.codehaus.groovy.grails.web.taglib.exceptions.GrailsTagException: Tag [else] cannot have non-whitespace characters directly preceding it.
	at grails.util.CacheEntry.getValue(CacheEntry.java:144)
	at grails.util.CacheEntry.getValue(CacheEntry.java:84)
	... 5 more
2025-05-16 15:59:32,219 [http-bio-8080-exec-11] ERROR StackTrace  - Full Stack Trace:
java.lang.RuntimeException: Error initializing GroovyPageView
	at org.codehaus.groovy.grails.web.servlet.view.GroovyPageViewResolver.createGroovyPageView(GroovyPageViewResolver.java:210)
	at org.codehaus.groovy.grails.web.servlet.view.GroovyPageViewResolver.createGrailsView(GroovyPageViewResolver.java:191)
	at org.codehaus.groovy.grails.web.servlet.view.GroovyPageViewResolver.loadView(GroovyPageViewResolver.java:96)
	at org.springframework.web.servlet.view.AbstractCachingViewResolver.createView(AbstractCachingViewResolver.java:244)
	at org.springframework.web.servlet.view.UrlBasedViewResolver.createView(UrlBasedViewResolver.java:446)
	at org.springframework.web.servlet.view.AbstractCachingViewResolver.resolveViewName(AbstractCachingViewResolver.java:146)
	at org.codehaus.groovy.grails.web.servlet.view.GroovyPageViewResolver.resolveViewName(GroovyPageViewResolver.java:85)
	at org.codehaus.groovy.grails.web.servlet.view.GrailsLayoutViewResolver.resolveViewName(GrailsLayoutViewResolver.java:50)
	at org.springframework.web.servlet.DispatcherServlet.resolveViewName(DispatcherServlet.java:1282)
	at org.springframework.web.servlet.DispatcherServlet.render(DispatcherServlet.java:1223)
	at org.codehaus.groovy.grails.web.servlet.GrailsDispatcherServlet.doDispatch(GrailsDispatcherServlet.java:388)
	at org.springframework.web.servlet.DispatcherServlet.doService(DispatcherServlet.java:893)
	at org.springframework.web.servlet.FrameworkServlet.processRequest(FrameworkServlet.java:965)
	at org.springframework.web.servlet.FrameworkServlet.doGet(FrameworkServlet.java:856)
	at javax.servlet.http.HttpServlet.service(HttpServlet.java:624)
	at org.springframework.web.servlet.FrameworkServlet.service(FrameworkServlet.java:841)
	at javax.servlet.http.HttpServlet.service(HttpServlet.java:731)
	at org.apache.catalina.core.ApplicationFilterChain.internalDoFilter(ApplicationFilterChain.java:303)
	at org.apache.catalina.core.ApplicationFilterChain.doFilter(ApplicationFilterChain.java:208)
	at org.apache.tomcat.websocket.server.WsFilter.doFilter(WsFilter.java:52)
	at org.apache.catalina.core.ApplicationFilterChain.internalDoFilter(ApplicationFilterChain.java:241)
	at org.apache.catalina.core.ApplicationFilterChain.doFilter(ApplicationFilterChain.java:208)
	at grails.plugin.cache.web.filter.PageFragmentCachingFilter.doFilter(PageFragmentCachingFilter.java:198)
	at grails.plugin.cache.web.filter.AbstractFilter.doFilter(AbstractFilter.java:63)
	at org.springframework.web.filter.DelegatingFilterProxy.invokeDelegate(DelegatingFilterProxy.java:344)
	at org.springframework.web.filter.DelegatingFilterProxy.doFilter(DelegatingFilterProxy.java:261)
	at org.apache.catalina.core.ApplicationFilterChain.internalDoFilter(ApplicationFilterChain.java:241)
	at org.apache.catalina.core.ApplicationFilterChain.doFilter(ApplicationFilterChain.java:208)
	at org.springframework.web.filter.OncePerRequestFilter.doFilter(OncePerRequestFilter.java:101)
	at org.apache.catalina.core.ApplicationFilterChain.internalDoFilter(ApplicationFilterChain.java:241)
	at org.apache.catalina.core.ApplicationFilterChain.doFilter(ApplicationFilterChain.java:208)
	at org.springframework.web.filter.OncePerRequestFilter.doFilter(OncePerRequestFilter.java:101)
	at org.apache.catalina.core.ApplicationFilterChain.internalDoFilter(ApplicationFilterChain.java:241)
	at org.apache.catalina.core.ApplicationFilterChain.doFilter(ApplicationFilterChain.java:208)
	at org.springframework.web.filter.OncePerRequestFilter.doFilter(OncePerRequestFilter.java:101)
	at org.apache.catalina.core.ApplicationFilterChain.internalDoFilter(ApplicationFilterChain.java:241)
	at org.apache.catalina.core.ApplicationFilterChain.doFilter(ApplicationFilterChain.java:208)
	at org.apache.catalina.core.ApplicationDispatcher.invoke(ApplicationDispatcher.java:747)
	at org.apache.catalina.core.ApplicationDispatcher.processRequest(ApplicationDispatcher.java:485)
	at org.apache.catalina.core.ApplicationDispatcher.doForward(ApplicationDispatcher.java:410)
	at org.apache.catalina.core.ApplicationDispatcher.forward(ApplicationDispatcher.java:337)
	at org.codehaus.groovy.grails.web.mapping.UrlMappingUtils.forwardRequestForUrlMappingInfo(UrlMappingUtils.java:178)
	at org.codehaus.groovy.grails.web.mapping.UrlMappingUtils.forwardRequestForUrlMappingInfo(UrlMappingUtils.java:144)
	at org.codehaus.groovy.grails.web.mapping.UrlMappingUtils.forwardRequestForUrlMappingInfo(UrlMappingUtils.java:135)
	at org.codehaus.groovy.grails.web.mapping.filter.UrlMappingsFilter.doFilterInternal(UrlMappingsFilter.java:216)
	at org.springframework.web.filter.OncePerRequestFilter.doFilter(OncePerRequestFilter.java:107)
	at org.apache.catalina.core.ApplicationFilterChain.internalDoFilter(ApplicationFilterChain.java:241)
	at org.apache.catalina.core.ApplicationFilterChain.doFilter(ApplicationFilterChain.java:208)
	at org.codehaus.groovy.grails.web.servlet.mvc.GrailsWebRequestFilter.doFilterInternal(GrailsWebRequestFilter.java:69)
	at org.springframework.web.filter.OncePerRequestFilter.doFilter(OncePerRequestFilter.java:107)
	at org.apache.catalina.core.ApplicationFilterChain.internalDoFilter(ApplicationFilterChain.java:241)
	at org.apache.catalina.core.ApplicationFilterChain.doFilter(ApplicationFilterChain.java:208)
	at org.codehaus.groovy.grails.web.filters.HiddenHttpMethodFilter.doFilterInternal(HiddenHttpMethodFilter.java:67)
	at org.springframework.web.filter.OncePerRequestFilter.doFilter(OncePerRequestFilter.java:107)
	at org.apache.catalina.core.ApplicationFilterChain.internalDoFilter(ApplicationFilterChain.java:241)
	at org.apache.catalina.core.ApplicationFilterChain.doFilter(ApplicationFilterChain.java:208)
	at org.springframework.web.filter.CharacterEncodingFilter.doFilterInternal(CharacterEncodingFilter.java:85)
	at org.springframework.web.filter.OncePerRequestFilter.doFilter(OncePerRequestFilter.java:107)
	at org.springframework.web.filter.DelegatingFilterProxy.invokeDelegate(DelegatingFilterProxy.java:344)
	at org.springframework.web.filter.DelegatingFilterProxy.doFilter(DelegatingFilterProxy.java:261)
	at org.apache.catalina.core.ApplicationFilterChain.internalDoFilter(ApplicationFilterChain.java:241)
	at org.apache.catalina.core.ApplicationFilterChain.doFilter(ApplicationFilterChain.java:208)
	at org.apache.catalina.core.StandardWrapperValve.invoke(StandardWrapperValve.java:218)
	at org.apache.catalina.core.StandardContextValve.invoke(StandardContextValve.java:122)
	at org.apache.catalina.core.StandardHostValve.invoke(StandardHostValve.java:169)
	at org.apache.catalina.valves.ErrorReportValve.invoke(ErrorReportValve.java:103)
	at org.apache.catalina.core.StandardEngineValve.invoke(StandardEngineValve.java:116)
	at org.apache.catalina.connector.CoyoteAdapter.service(CoyoteAdapter.java:442)
	at org.apache.coyote.http11.AbstractHttp11Processor.process(AbstractHttp11Processor.java:1082)
	at org.apache.coyote.AbstractProtocol$AbstractConnectionHandler.process(AbstractProtocol.java:623)
	at org.apache.tomcat.util.net.JIoEndpoint$SocketProcessor.run(JIoEndpoint.java:318)
	at java.util.concurrent.ThreadPoolExecutor.runWorker(ThreadPoolExecutor.java:1149)
	at java.util.concurrent.ThreadPoolExecutor$Worker.run(ThreadPoolExecutor.java:624)
	at org.apache.tomcat.util.threads.TaskThread$WrappingRunnable.run(TaskThread.java:61)
	at java.lang.Thread.run(Thread.java:748)
Caused by: org.codehaus.groovy.grails.web.taglib.exceptions.GrailsTagException: Tag [else] cannot have non-whitespace characters directly preceding it.
	at org.codehaus.groovy.grails.web.pages.GroovyPageParser.startTag(GroovyPageParser.java:1119)
	at org.codehaus.groovy.grails.web.pages.GroovyPageParser.page(GroovyPageParser.java:831)
	at org.codehaus.groovy.grails.web.pages.GroovyPageParser.generateGsp(GroovyPageParser.java:393)
	at org.codehaus.groovy.grails.web.pages.GroovyPageParser.parse(GroovyPageParser.java:349)
	at org.codehaus.groovy.grails.web.pages.GroovyPagesTemplateEngine.buildPageMetaInfo(GroovyPagesTemplateEngine.java:596)
	at org.codehaus.groovy.grails.web.pages.GroovyPagesTemplateEngine.buildPageMetaInfo(GroovyPagesTemplateEngine.java:493)
	at org.codehaus.groovy.grails.web.pages.GroovyPagesTemplateEngine$GroovyPagesTemplateEngineCacheEntry.updateValue(GroovyPagesTemplateEngine.java:159)
	at org.codehaus.groovy.grails.web.pages.GroovyPagesTemplateEngine$GroovyPagesTemplateEngineCacheEntry.updateValue(GroovyPagesTemplateEngine.java:138)
	at grails.util.CacheEntry.getValue(CacheEntry.java:144)
	at grails.util.CacheEntry.getValue(CacheEntry.java:84)
	at org.codehaus.groovy.grails.web.pages.GroovyPagesTemplateEngine.createTemplate(GroovyPagesTemplateEngine.java:316)
	at org.codehaus.groovy.grails.web.pages.GroovyPagesTemplateEngine.createTemplate(GroovyPagesTemplateEngine.java:306)
	at org.codehaus.groovy.grails.web.pages.GroovyPagesTemplateEngine.createTemplate(GroovyPagesTemplateEngine.java:408)
	at org.codehaus.groovy.grails.web.pages.GroovyPagesTemplateEngine.createTemplateForUri(GroovyPagesTemplateEngine.java:380)
	at org.codehaus.groovy.grails.web.pages.GroovyPagesTemplateEngine.createTemplateForUri(GroovyPagesTemplateEngine.java:373)
	at org.codehaus.groovy.grails.web.pages.GroovyPagesTemplateEngine.createTemplate(GroovyPagesTemplateEngine.java:344)
	at org.codehaus.groovy.grails.web.servlet.view.GroovyPageView.createGroovyPageException(GroovyPageView.java:108)
	at org.codehaus.groovy.grails.web.servlet.view.GroovyPageView.handleException(GroovyPageView.java:104)
	at org.codehaus.groovy.grails.web.servlet.view.GroovyPageView.afterPropertiesSet(GroovyPageView.java:161)
	at org.codehaus.groovy.grails.web.servlet.view.GroovyPageViewResolver.createGroovyPageView(GroovyPageViewResolver.java:208)
	... 74 more
2025-05-16 15:59:32,220 [http-bio-8080-exec-11] ERROR StackTrace  - Full Stack Trace:
org.codehaus.groovy.grails.web.taglib.exceptions.GrailsTagException: Tag [else] cannot have non-whitespace characters directly preceding it.
	at org.codehaus.groovy.grails.web.pages.GroovyPageParser.startTag(GroovyPageParser.java:1119)
	at org.codehaus.groovy.grails.web.pages.GroovyPageParser.page(GroovyPageParser.java:831)
	at org.codehaus.groovy.grails.web.pages.GroovyPageParser.generateGsp(GroovyPageParser.java:393)
	at org.codehaus.groovy.grails.web.pages.GroovyPageParser.parse(GroovyPageParser.java:349)
	at org.codehaus.groovy.grails.web.pages.GroovyPagesTemplateEngine.buildPageMetaInfo(GroovyPagesTemplateEngine.java:596)
	at org.codehaus.groovy.grails.web.pages.GroovyPagesTemplateEngine.buildPageMetaInfo(GroovyPagesTemplateEngine.java:493)
	at org.codehaus.groovy.grails.web.pages.GroovyPagesTemplateEngine$GroovyPagesTemplateEngineCacheEntry.updateValue(GroovyPagesTemplateEngine.java:159)
	at org.codehaus.groovy.grails.web.pages.GroovyPagesTemplateEngine$GroovyPagesTemplateEngineCacheEntry.updateValue(GroovyPagesTemplateEngine.java:138)
	at grails.util.CacheEntry.getValue(CacheEntry.java:144)
	at grails.util.CacheEntry.getValue(CacheEntry.java:84)
	at org.codehaus.groovy.grails.web.pages.GroovyPagesTemplateEngine.createTemplate(GroovyPagesTemplateEngine.java:316)
	at org.codehaus.groovy.grails.web.pages.GroovyPagesTemplateEngine.createTemplate(GroovyPagesTemplateEngine.java:306)
	at org.codehaus.groovy.grails.web.pages.GroovyPagesTemplateEngine.createTemplate(GroovyPagesTemplateEngine.java:408)
	at org.codehaus.groovy.grails.web.pages.GroovyPagesTemplateEngine.createTemplateForUri(GroovyPagesTemplateEngine.java:380)
	at org.codehaus.groovy.grails.web.pages.GroovyPagesTemplateEngine.createTemplateForUri(GroovyPagesTemplateEngine.java:373)
	at org.codehaus.groovy.grails.web.pages.GroovyPagesTemplateEngine.createTemplate(GroovyPagesTemplateEngine.java:344)
	at org.codehaus.groovy.grails.web.servlet.view.GroovyPageView.createGroovyPageException(GroovyPageView.java:108)
	at org.codehaus.groovy.grails.web.servlet.view.GroovyPageView.handleException(GroovyPageView.java:104)
	at org.codehaus.groovy.grails.web.servlet.view.GroovyPageView.afterPropertiesSet(GroovyPageView.java:161)
	at org.codehaus.groovy.grails.web.servlet.view.GroovyPageViewResolver.createGroovyPageView(GroovyPageViewResolver.java:208)
	at org.codehaus.groovy.grails.web.servlet.view.GroovyPageViewResolver.createGrailsView(GroovyPageViewResolver.java:191)
	at org.codehaus.groovy.grails.web.servlet.view.GroovyPageViewResolver.loadView(GroovyPageViewResolver.java:96)
	at org.springframework.web.servlet.view.AbstractCachingViewResolver.createView(AbstractCachingViewResolver.java:244)
	at org.springframework.web.servlet.view.UrlBasedViewResolver.createView(UrlBasedViewResolver.java:446)
	at org.springframework.web.servlet.view.AbstractCachingViewResolver.resolveViewName(AbstractCachingViewResolver.java:146)
	at org.codehaus.groovy.grails.web.servlet.view.GroovyPageViewResolver.resolveViewName(GroovyPageViewResolver.java:85)
	at org.codehaus.groovy.grails.web.servlet.view.GrailsLayoutViewResolver.resolveViewName(GrailsLayoutViewResolver.java:50)
	at org.springframework.web.servlet.DispatcherServlet.resolveViewName(DispatcherServlet.java:1282)
	at org.springframework.web.servlet.DispatcherServlet.render(DispatcherServlet.java:1223)
	at org.codehaus.groovy.grails.web.servlet.GrailsDispatcherServlet.doDispatch(GrailsDispatcherServlet.java:388)
	at org.springframework.web.servlet.DispatcherServlet.doService(DispatcherServlet.java:893)
	at org.springframework.web.servlet.FrameworkServlet.processRequest(FrameworkServlet.java:965)
	at org.springframework.web.servlet.FrameworkServlet.doGet(FrameworkServlet.java:856)
	at javax.servlet.http.HttpServlet.service(HttpServlet.java:624)
	at org.springframework.web.servlet.FrameworkServlet.service(FrameworkServlet.java:841)
	at javax.servlet.http.HttpServlet.service(HttpServlet.java:731)
	at org.apache.catalina.core.ApplicationFilterChain.internalDoFilter(ApplicationFilterChain.java:303)
	at org.apache.catalina.core.ApplicationFilterChain.doFilter(ApplicationFilterChain.java:208)
	at org.apache.tomcat.websocket.server.WsFilter.doFilter(WsFilter.java:52)
	at org.apache.catalina.core.ApplicationFilterChain.internalDoFilter(ApplicationFilterChain.java:241)
	at org.apache.catalina.core.ApplicationFilterChain.doFilter(ApplicationFilterChain.java:208)
	at grails.plugin.cache.web.filter.PageFragmentCachingFilter.doFilter(PageFragmentCachingFilter.java:198)
	at grails.plugin.cache.web.filter.AbstractFilter.doFilter(AbstractFilter.java:63)
	at org.springframework.web.filter.DelegatingFilterProxy.invokeDelegate(DelegatingFilterProxy.java:344)
	at org.springframework.web.filter.DelegatingFilterProxy.doFilter(DelegatingFilterProxy.java:261)
	at org.apache.catalina.core.ApplicationFilterChain.internalDoFilter(ApplicationFilterChain.java:241)
	at org.apache.catalina.core.ApplicationFilterChain.doFilter(ApplicationFilterChain.java:208)
	at org.springframework.web.filter.OncePerRequestFilter.doFilter(OncePerRequestFilter.java:101)
	at org.apache.catalina.core.ApplicationFilterChain.internalDoFilter(ApplicationFilterChain.java:241)
	at org.apache.catalina.core.ApplicationFilterChain.doFilter(ApplicationFilterChain.java:208)
	at org.springframework.web.filter.OncePerRequestFilter.doFilter(OncePerRequestFilter.java:101)
	at org.apache.catalina.core.ApplicationFilterChain.internalDoFilter(ApplicationFilterChain.java:241)
	at org.apache.catalina.core.ApplicationFilterChain.doFilter(ApplicationFilterChain.java:208)
	at org.springframework.web.filter.OncePerRequestFilter.doFilter(OncePerRequestFilter.java:101)
	at org.apache.catalina.core.ApplicationFilterChain.internalDoFilter(ApplicationFilterChain.java:241)
	at org.apache.catalina.core.ApplicationFilterChain.doFilter(ApplicationFilterChain.java:208)
	at org.apache.catalina.core.ApplicationDispatcher.invoke(ApplicationDispatcher.java:747)
	at org.apache.catalina.core.ApplicationDispatcher.processRequest(ApplicationDispatcher.java:485)
	at org.apache.catalina.core.ApplicationDispatcher.doForward(ApplicationDispatcher.java:410)
	at org.apache.catalina.core.ApplicationDispatcher.forward(ApplicationDispatcher.java:337)
	at org.codehaus.groovy.grails.web.mapping.UrlMappingUtils.forwardRequestForUrlMappingInfo(UrlMappingUtils.java:178)
	at org.codehaus.groovy.grails.web.mapping.UrlMappingUtils.forwardRequestForUrlMappingInfo(UrlMappingUtils.java:144)
	at org.codehaus.groovy.grails.web.mapping.UrlMappingUtils.forwardRequestForUrlMappingInfo(UrlMappingUtils.java:135)
	at org.codehaus.groovy.grails.web.mapping.filter.UrlMappingsFilter.doFilterInternal(UrlMappingsFilter.java:216)
	at org.springframework.web.filter.OncePerRequestFilter.doFilter(OncePerRequestFilter.java:107)
	at org.apache.catalina.core.ApplicationFilterChain.internalDoFilter(ApplicationFilterChain.java:241)
	at org.apache.catalina.core.ApplicationFilterChain.doFilter(ApplicationFilterChain.java:208)
	at org.codehaus.groovy.grails.web.servlet.mvc.GrailsWebRequestFilter.doFilterInternal(GrailsWebRequestFilter.java:69)
	at org.springframework.web.filter.OncePerRequestFilter.doFilter(OncePerRequestFilter.java:107)
	at org.apache.catalina.core.ApplicationFilterChain.internalDoFilter(ApplicationFilterChain.java:241)
	at org.apache.catalina.core.ApplicationFilterChain.doFilter(ApplicationFilterChain.java:208)
	at org.codehaus.groovy.grails.web.filters.HiddenHttpMethodFilter.doFilterInternal(HiddenHttpMethodFilter.java:67)
	at org.springframework.web.filter.OncePerRequestFilter.doFilter(OncePerRequestFilter.java:107)
	at org.apache.catalina.core.ApplicationFilterChain.internalDoFilter(ApplicationFilterChain.java:241)
	at org.apache.catalina.core.ApplicationFilterChain.doFilter(ApplicationFilterChain.java:208)
	at org.springframework.web.filter.CharacterEncodingFilter.doFilterInternal(CharacterEncodingFilter.java:85)
	at org.springframework.web.filter.OncePerRequestFilter.doFilter(OncePerRequestFilter.java:107)
	at org.springframework.web.filter.DelegatingFilterProxy.invokeDelegate(DelegatingFilterProxy.java:344)
	at org.springframework.web.filter.DelegatingFilterProxy.doFilter(DelegatingFilterProxy.java:261)
	at org.apache.catalina.core.ApplicationFilterChain.internalDoFilter(ApplicationFilterChain.java:241)
	at org.apache.catalina.core.ApplicationFilterChain.doFilter(ApplicationFilterChain.java:208)
	at org.apache.catalina.core.StandardWrapperValve.invoke(StandardWrapperValve.java:218)
	at org.apache.catalina.core.StandardContextValve.invoke(StandardContextValve.java:122)
	at org.apache.catalina.core.StandardHostValve.invoke(StandardHostValve.java:169)
	at org.apache.catalina.valves.ErrorReportValve.invoke(ErrorReportValve.java:103)
	at org.apache.catalina.core.StandardEngineValve.invoke(StandardEngineValve.java:116)
	at org.apache.catalina.connector.CoyoteAdapter.service(CoyoteAdapter.java:442)
	at org.apache.coyote.http11.AbstractHttp11Processor.process(AbstractHttp11Processor.java:1082)
	at org.apache.coyote.AbstractProtocol$AbstractConnectionHandler.process(AbstractProtocol.java:623)
	at org.apache.tomcat.util.net.JIoEndpoint$SocketProcessor.run(JIoEndpoint.java:318)
	at java.util.concurrent.ThreadPoolExecutor.runWorker(ThreadPoolExecutor.java:1149)
	at java.util.concurrent.ThreadPoolExecutor$Worker.run(ThreadPoolExecutor.java:624)
	at org.apache.tomcat.util.threads.TaskThread$WrappingRunnable.run(TaskThread.java:61)
	at java.lang.Thread.run(Thread.java:748)
2025-05-16 15:59:32,220 [http-bio-8080-exec-11] ERROR StackTrace  - Full Stack Trace:
java.lang.RuntimeException: Error initializing GroovyPageView
	at grails.plugin.cache.web.filter.PageFragmentCachingFilter.doFilter(PageFragmentCachingFilter.java:198)
	at grails.plugin.cache.web.filter.AbstractFilter.doFilter(AbstractFilter.java:63)
	at java.util.concurrent.ThreadPoolExecutor.runWorker(ThreadPoolExecutor.java:1149)
	at java.util.concurrent.ThreadPoolExecutor$Worker.run(ThreadPoolExecutor.java:624)
	at java.lang.Thread.run(Thread.java:748)
Caused by: org.codehaus.groovy.grails.web.taglib.exceptions.GrailsTagException: Tag [else] cannot have non-whitespace characters directly preceding it.
	at grails.util.CacheEntry.getValue(CacheEntry.java:144)
	at grails.util.CacheEntry.getValue(CacheEntry.java:84)
	... 5 more
2025-05-16 15:59:32,221 [http-bio-8080-exec-11] ERROR StackTrace  - Full Stack Trace:
java.lang.RuntimeException: Error initializing GroovyPageView
	at grails.plugin.cache.web.filter.PageFragmentCachingFilter.doFilter(PageFragmentCachingFilter.java:198)
	at grails.plugin.cache.web.filter.AbstractFilter.doFilter(AbstractFilter.java:63)
	at java.util.concurrent.ThreadPoolExecutor.runWorker(ThreadPoolExecutor.java:1149)
	at java.util.concurrent.ThreadPoolExecutor$Worker.run(ThreadPoolExecutor.java:624)
	at java.lang.Thread.run(Thread.java:748)
Caused by: org.codehaus.groovy.grails.web.taglib.exceptions.GrailsTagException: Tag [else] cannot have non-whitespace characters directly preceding it.
	at grails.util.CacheEntry.getValue(CacheEntry.java:144)
	at grails.util.CacheEntry.getValue(CacheEntry.java:84)
	... 5 more
2025-05-16 15:59:32,222 [http-bio-8080-exec-11] ERROR StackTrace  - Full Stack Trace:
org.codehaus.groovy.grails.web.taglib.exceptions.GrailsTagException: Tag [else] cannot have non-whitespace characters directly preceding it.
	at grails.util.CacheEntry.getValue(CacheEntry.java:144)
	at grails.util.CacheEntry.getValue(CacheEntry.java:84)
	at grails.plugin.cache.web.filter.PageFragmentCachingFilter.doFilter(PageFragmentCachingFilter.java:198)
	at grails.plugin.cache.web.filter.AbstractFilter.doFilter(AbstractFilter.java:63)
	at java.util.concurrent.ThreadPoolExecutor.runWorker(ThreadPoolExecutor.java:1149)
	at java.util.concurrent.ThreadPoolExecutor$Worker.run(ThreadPoolExecutor.java:624)
	at java.lang.Thread.run(Thread.java:748)
2025-05-16 15:59:32,222 [http-bio-8080-exec-11] ERROR StackTrace  - Full Stack Trace:
java.lang.RuntimeException: Error initializing GroovyPageView
	at grails.plugin.cache.web.filter.PageFragmentCachingFilter.doFilter(PageFragmentCachingFilter.java:198)
	at grails.plugin.cache.web.filter.AbstractFilter.doFilter(AbstractFilter.java:63)
	at java.util.concurrent.ThreadPoolExecutor.runWorker(ThreadPoolExecutor.java:1149)
	at java.util.concurrent.ThreadPoolExecutor$Worker.run(ThreadPoolExecutor.java:624)
	at java.lang.Thread.run(Thread.java:748)
Caused by: org.codehaus.groovy.grails.web.taglib.exceptions.GrailsTagException: Tag [else] cannot have non-whitespace characters directly preceding it.
	at grails.util.CacheEntry.getValue(CacheEntry.java:144)
	at grails.util.CacheEntry.getValue(CacheEntry.java:84)
	... 5 more
2025-05-16 15:59:32,222 [http-bio-8080-exec-11] ERROR StackTrace  - Full Stack Trace:
java.lang.RuntimeException: Error initializing GroovyPageView
	at grails.plugin.cache.web.filter.PageFragmentCachingFilter.doFilter(PageFragmentCachingFilter.java:198)
	at grails.plugin.cache.web.filter.AbstractFilter.doFilter(AbstractFilter.java:63)
	at java.util.concurrent.ThreadPoolExecutor.runWorker(ThreadPoolExecutor.java:1149)
	at java.util.concurrent.ThreadPoolExecutor$Worker.run(ThreadPoolExecutor.java:624)
	at java.lang.Thread.run(Thread.java:748)
Caused by: org.codehaus.groovy.grails.web.taglib.exceptions.GrailsTagException: Tag [else] cannot have non-whitespace characters directly preceding it.
	at grails.util.CacheEntry.getValue(CacheEntry.java:144)
	at grails.util.CacheEntry.getValue(CacheEntry.java:84)
	... 5 more
2025-05-16 15:59:32,222 [http-bio-8080-exec-11] ERROR StackTrace  - Full Stack Trace:
org.codehaus.groovy.grails.web.taglib.exceptions.GrailsTagException: Tag [else] cannot have non-whitespace characters directly preceding it.
	at grails.util.CacheEntry.getValue(CacheEntry.java:144)
	at grails.util.CacheEntry.getValue(CacheEntry.java:84)
	at grails.plugin.cache.web.filter.PageFragmentCachingFilter.doFilter(PageFragmentCachingFilter.java:198)
	at grails.plugin.cache.web.filter.AbstractFilter.doFilter(AbstractFilter.java:63)
	at java.util.concurrent.ThreadPoolExecutor.runWorker(ThreadPoolExecutor.java:1149)
	at java.util.concurrent.ThreadPoolExecutor$Worker.run(ThreadPoolExecutor.java:624)
	at java.lang.Thread.run(Thread.java:748)
2025-05-16 15:59:32,222 [http-bio-8080-exec-11] ERROR StackTrace  - Full Stack Trace:
java.lang.RuntimeException: Error initializing GroovyPageView
	at grails.plugin.cache.web.filter.PageFragmentCachingFilter.doFilter(PageFragmentCachingFilter.java:198)
	at grails.plugin.cache.web.filter.AbstractFilter.doFilter(AbstractFilter.java:63)
	at java.util.concurrent.ThreadPoolExecutor.runWorker(ThreadPoolExecutor.java:1149)
	at java.util.concurrent.ThreadPoolExecutor$Worker.run(ThreadPoolExecutor.java:624)
	at java.lang.Thread.run(Thread.java:748)
Caused by: org.codehaus.groovy.grails.web.taglib.exceptions.GrailsTagException: Tag [else] cannot have non-whitespace characters directly preceding it.
	at grails.util.CacheEntry.getValue(CacheEntry.java:144)
	at grails.util.CacheEntry.getValue(CacheEntry.java:84)
	... 5 more
2025-05-16 15:59:47,986 [http-bio-8080-exec-12] ERROR StackTrace  - Full Stack Trace:
java.lang.RuntimeException: Error initializing GroovyPageView
	at org.codehaus.groovy.grails.web.servlet.view.GroovyPageViewResolver.createGroovyPageView(GroovyPageViewResolver.java:210)
	at org.codehaus.groovy.grails.web.servlet.view.GroovyPageViewResolver.createGrailsView(GroovyPageViewResolver.java:191)
	at org.codehaus.groovy.grails.web.servlet.view.GroovyPageViewResolver.loadView(GroovyPageViewResolver.java:96)
	at org.springframework.web.servlet.view.AbstractCachingViewResolver.createView(AbstractCachingViewResolver.java:244)
	at org.springframework.web.servlet.view.UrlBasedViewResolver.createView(UrlBasedViewResolver.java:446)
	at org.springframework.web.servlet.view.AbstractCachingViewResolver.resolveViewName(AbstractCachingViewResolver.java:146)
	at org.codehaus.groovy.grails.web.servlet.view.GroovyPageViewResolver.resolveViewName(GroovyPageViewResolver.java:85)
	at org.codehaus.groovy.grails.web.servlet.view.GrailsLayoutViewResolver.resolveViewName(GrailsLayoutViewResolver.java:50)
	at org.springframework.web.servlet.DispatcherServlet.resolveViewName(DispatcherServlet.java:1282)
	at org.springframework.web.servlet.DispatcherServlet.render(DispatcherServlet.java:1223)
	at org.codehaus.groovy.grails.web.servlet.GrailsDispatcherServlet.doDispatch(GrailsDispatcherServlet.java:388)
	at org.springframework.web.servlet.DispatcherServlet.doService(DispatcherServlet.java:893)
	at org.springframework.web.servlet.FrameworkServlet.processRequest(FrameworkServlet.java:965)
	at org.springframework.web.servlet.FrameworkServlet.doGet(FrameworkServlet.java:856)
	at javax.servlet.http.HttpServlet.service(HttpServlet.java:624)
	at org.springframework.web.servlet.FrameworkServlet.service(FrameworkServlet.java:841)
	at javax.servlet.http.HttpServlet.service(HttpServlet.java:731)
	at org.apache.catalina.core.ApplicationFilterChain.internalDoFilter(ApplicationFilterChain.java:303)
	at org.apache.catalina.core.ApplicationFilterChain.doFilter(ApplicationFilterChain.java:208)
	at org.apache.tomcat.websocket.server.WsFilter.doFilter(WsFilter.java:52)
	at org.apache.catalina.core.ApplicationFilterChain.internalDoFilter(ApplicationFilterChain.java:241)
	at org.apache.catalina.core.ApplicationFilterChain.doFilter(ApplicationFilterChain.java:208)
	at grails.plugin.cache.web.filter.PageFragmentCachingFilter.doFilter(PageFragmentCachingFilter.java:198)
	at grails.plugin.cache.web.filter.AbstractFilter.doFilter(AbstractFilter.java:63)
	at org.springframework.web.filter.DelegatingFilterProxy.invokeDelegate(DelegatingFilterProxy.java:344)
	at org.springframework.web.filter.DelegatingFilterProxy.doFilter(DelegatingFilterProxy.java:261)
	at org.apache.catalina.core.ApplicationFilterChain.internalDoFilter(ApplicationFilterChain.java:241)
	at org.apache.catalina.core.ApplicationFilterChain.doFilter(ApplicationFilterChain.java:208)
	at org.springframework.web.filter.OncePerRequestFilter.doFilter(OncePerRequestFilter.java:101)
	at org.apache.catalina.core.ApplicationFilterChain.internalDoFilter(ApplicationFilterChain.java:241)
	at org.apache.catalina.core.ApplicationFilterChain.doFilter(ApplicationFilterChain.java:208)
	at org.springframework.web.filter.OncePerRequestFilter.doFilter(OncePerRequestFilter.java:101)
	at org.apache.catalina.core.ApplicationFilterChain.internalDoFilter(ApplicationFilterChain.java:241)
	at org.apache.catalina.core.ApplicationFilterChain.doFilter(ApplicationFilterChain.java:208)
	at org.springframework.web.filter.OncePerRequestFilter.doFilter(OncePerRequestFilter.java:101)
	at org.apache.catalina.core.ApplicationFilterChain.internalDoFilter(ApplicationFilterChain.java:241)
	at org.apache.catalina.core.ApplicationFilterChain.doFilter(ApplicationFilterChain.java:208)
	at org.apache.catalina.core.ApplicationDispatcher.invoke(ApplicationDispatcher.java:747)
	at org.apache.catalina.core.ApplicationDispatcher.processRequest(ApplicationDispatcher.java:485)
	at org.apache.catalina.core.ApplicationDispatcher.doForward(ApplicationDispatcher.java:410)
	at org.apache.catalina.core.ApplicationDispatcher.forward(ApplicationDispatcher.java:337)
	at org.codehaus.groovy.grails.web.mapping.UrlMappingUtils.forwardRequestForUrlMappingInfo(UrlMappingUtils.java:178)
	at org.codehaus.groovy.grails.web.mapping.UrlMappingUtils.forwardRequestForUrlMappingInfo(UrlMappingUtils.java:144)
	at org.codehaus.groovy.grails.web.mapping.UrlMappingUtils.forwardRequestForUrlMappingInfo(UrlMappingUtils.java:135)
	at org.codehaus.groovy.grails.web.mapping.filter.UrlMappingsFilter.doFilterInternal(UrlMappingsFilter.java:216)
	at org.springframework.web.filter.OncePerRequestFilter.doFilter(OncePerRequestFilter.java:107)
	at org.apache.catalina.core.ApplicationFilterChain.internalDoFilter(ApplicationFilterChain.java:241)
	at org.apache.catalina.core.ApplicationFilterChain.doFilter(ApplicationFilterChain.java:208)
	at org.codehaus.groovy.grails.web.servlet.mvc.GrailsWebRequestFilter.doFilterInternal(GrailsWebRequestFilter.java:69)
	at org.springframework.web.filter.OncePerRequestFilter.doFilter(OncePerRequestFilter.java:107)
	at org.apache.catalina.core.ApplicationFilterChain.internalDoFilter(ApplicationFilterChain.java:241)
	at org.apache.catalina.core.ApplicationFilterChain.doFilter(ApplicationFilterChain.java:208)
	at org.codehaus.groovy.grails.web.filters.HiddenHttpMethodFilter.doFilterInternal(HiddenHttpMethodFilter.java:67)
	at org.springframework.web.filter.OncePerRequestFilter.doFilter(OncePerRequestFilter.java:107)
	at org.apache.catalina.core.ApplicationFilterChain.internalDoFilter(ApplicationFilterChain.java:241)
	at org.apache.catalina.core.ApplicationFilterChain.doFilter(ApplicationFilterChain.java:208)
	at org.springframework.web.filter.CharacterEncodingFilter.doFilterInternal(CharacterEncodingFilter.java:85)
	at org.springframework.web.filter.OncePerRequestFilter.doFilter(OncePerRequestFilter.java:107)
	at org.springframework.web.filter.DelegatingFilterProxy.invokeDelegate(DelegatingFilterProxy.java:344)
	at org.springframework.web.filter.DelegatingFilterProxy.doFilter(DelegatingFilterProxy.java:261)
	at org.apache.catalina.core.ApplicationFilterChain.internalDoFilter(ApplicationFilterChain.java:241)
	at org.apache.catalina.core.ApplicationFilterChain.doFilter(ApplicationFilterChain.java:208)
	at org.apache.catalina.core.StandardWrapperValve.invoke(StandardWrapperValve.java:218)
	at org.apache.catalina.core.StandardContextValve.invoke(StandardContextValve.java:122)
	at org.apache.catalina.core.StandardHostValve.invoke(StandardHostValve.java:169)
	at org.apache.catalina.valves.ErrorReportValve.invoke(ErrorReportValve.java:103)
	at org.apache.catalina.core.StandardEngineValve.invoke(StandardEngineValve.java:116)
	at org.apache.catalina.connector.CoyoteAdapter.service(CoyoteAdapter.java:442)
	at org.apache.coyote.http11.AbstractHttp11Processor.process(AbstractHttp11Processor.java:1082)
	at org.apache.coyote.AbstractProtocol$AbstractConnectionHandler.process(AbstractProtocol.java:623)
	at org.apache.tomcat.util.net.JIoEndpoint$SocketProcessor.run(JIoEndpoint.java:318)
	at java.util.concurrent.ThreadPoolExecutor.runWorker(ThreadPoolExecutor.java:1149)
	at java.util.concurrent.ThreadPoolExecutor$Worker.run(ThreadPoolExecutor.java:624)
	at org.apache.tomcat.util.threads.TaskThread$WrappingRunnable.run(TaskThread.java:61)
	at java.lang.Thread.run(Thread.java:748)
Caused by: org.codehaus.groovy.grails.web.taglib.exceptions.GrailsTagException: Grails tag [g:if] was not closed
	at org.codehaus.groovy.grails.web.pages.GroovyPageParser.endTag(GroovyPageParser.java:975)
	at org.codehaus.groovy.grails.web.pages.GroovyPageParser.page(GroovyPageParser.java:835)
	at org.codehaus.groovy.grails.web.pages.GroovyPageParser.generateGsp(GroovyPageParser.java:393)
	at org.codehaus.groovy.grails.web.pages.GroovyPageParser.parse(GroovyPageParser.java:349)
	at org.codehaus.groovy.grails.web.pages.GroovyPagesTemplateEngine.buildPageMetaInfo(GroovyPagesTemplateEngine.java:596)
	at org.codehaus.groovy.grails.web.pages.GroovyPagesTemplateEngine.buildPageMetaInfo(GroovyPagesTemplateEngine.java:493)
	at org.codehaus.groovy.grails.web.pages.GroovyPagesTemplateEngine$GroovyPagesTemplateEngineCacheEntry.updateValue(GroovyPagesTemplateEngine.java:159)
	at org.codehaus.groovy.grails.web.pages.GroovyPagesTemplateEngine$GroovyPagesTemplateEngineCacheEntry.updateValue(GroovyPagesTemplateEngine.java:138)
	at grails.util.CacheEntry.getValue(CacheEntry.java:144)
	at grails.util.CacheEntry.getValue(CacheEntry.java:84)
	at org.codehaus.groovy.grails.web.pages.GroovyPagesTemplateEngine.createTemplate(GroovyPagesTemplateEngine.java:316)
	at org.codehaus.groovy.grails.web.pages.GroovyPagesTemplateEngine.createTemplate(GroovyPagesTemplateEngine.java:306)
	at org.codehaus.groovy.grails.web.pages.GroovyPagesTemplateEngine.createTemplate(GroovyPagesTemplateEngine.java:408)
	at org.codehaus.groovy.grails.web.pages.GroovyPagesTemplateEngine.createTemplateForUri(GroovyPagesTemplateEngine.java:380)
	at org.codehaus.groovy.grails.web.pages.GroovyPagesTemplateEngine.createTemplateForUri(GroovyPagesTemplateEngine.java:373)
	at org.codehaus.groovy.grails.web.pages.GroovyPagesTemplateEngine.createTemplate(GroovyPagesTemplateEngine.java:344)
	at org.codehaus.groovy.grails.web.servlet.view.GroovyPageView.createGroovyPageException(GroovyPageView.java:108)
	at org.codehaus.groovy.grails.web.servlet.view.GroovyPageView.handleException(GroovyPageView.java:104)
	at org.codehaus.groovy.grails.web.servlet.view.GroovyPageView.afterPropertiesSet(GroovyPageView.java:161)
	at org.codehaus.groovy.grails.web.servlet.view.GroovyPageViewResolver.createGroovyPageView(GroovyPageViewResolver.java:208)
	... 74 more
2025-05-16 15:59:47,986 [http-bio-8080-exec-12] ERROR StackTrace  - Full Stack Trace:
org.codehaus.groovy.grails.web.taglib.exceptions.GrailsTagException: Grails tag [g:if] was not closed
	at org.codehaus.groovy.grails.web.pages.GroovyPageParser.endTag(GroovyPageParser.java:975)
	at org.codehaus.groovy.grails.web.pages.GroovyPageParser.page(GroovyPageParser.java:835)
	at org.codehaus.groovy.grails.web.pages.GroovyPageParser.generateGsp(GroovyPageParser.java:393)
	at org.codehaus.groovy.grails.web.pages.GroovyPageParser.parse(GroovyPageParser.java:349)
	at org.codehaus.groovy.grails.web.pages.GroovyPagesTemplateEngine.buildPageMetaInfo(GroovyPagesTemplateEngine.java:596)
	at org.codehaus.groovy.grails.web.pages.GroovyPagesTemplateEngine.buildPageMetaInfo(GroovyPagesTemplateEngine.java:493)
	at org.codehaus.groovy.grails.web.pages.GroovyPagesTemplateEngine$GroovyPagesTemplateEngineCacheEntry.updateValue(GroovyPagesTemplateEngine.java:159)
	at org.codehaus.groovy.grails.web.pages.GroovyPagesTemplateEngine$GroovyPagesTemplateEngineCacheEntry.updateValue(GroovyPagesTemplateEngine.java:138)
	at grails.util.CacheEntry.getValue(CacheEntry.java:144)
	at grails.util.CacheEntry.getValue(CacheEntry.java:84)
	at org.codehaus.groovy.grails.web.pages.GroovyPagesTemplateEngine.createTemplate(GroovyPagesTemplateEngine.java:316)
	at org.codehaus.groovy.grails.web.pages.GroovyPagesTemplateEngine.createTemplate(GroovyPagesTemplateEngine.java:306)
	at org.codehaus.groovy.grails.web.pages.GroovyPagesTemplateEngine.createTemplate(GroovyPagesTemplateEngine.java:408)
	at org.codehaus.groovy.grails.web.pages.GroovyPagesTemplateEngine.createTemplateForUri(GroovyPagesTemplateEngine.java:380)
	at org.codehaus.groovy.grails.web.pages.GroovyPagesTemplateEngine.createTemplateForUri(GroovyPagesTemplateEngine.java:373)
	at org.codehaus.groovy.grails.web.pages.GroovyPagesTemplateEngine.createTemplate(GroovyPagesTemplateEngine.java:344)
	at org.codehaus.groovy.grails.web.servlet.view.GroovyPageView.createGroovyPageException(GroovyPageView.java:108)
	at org.codehaus.groovy.grails.web.servlet.view.GroovyPageView.handleException(GroovyPageView.java:104)
	at org.codehaus.groovy.grails.web.servlet.view.GroovyPageView.afterPropertiesSet(GroovyPageView.java:161)
	at org.codehaus.groovy.grails.web.servlet.view.GroovyPageViewResolver.createGroovyPageView(GroovyPageViewResolver.java:208)
	at org.codehaus.groovy.grails.web.servlet.view.GroovyPageViewResolver.createGrailsView(GroovyPageViewResolver.java:191)
	at org.codehaus.groovy.grails.web.servlet.view.GroovyPageViewResolver.loadView(GroovyPageViewResolver.java:96)
	at org.springframework.web.servlet.view.AbstractCachingViewResolver.createView(AbstractCachingViewResolver.java:244)
	at org.springframework.web.servlet.view.UrlBasedViewResolver.createView(UrlBasedViewResolver.java:446)
	at org.springframework.web.servlet.view.AbstractCachingViewResolver.resolveViewName(AbstractCachingViewResolver.java:146)
	at org.codehaus.groovy.grails.web.servlet.view.GroovyPageViewResolver.resolveViewName(GroovyPageViewResolver.java:85)
	at org.codehaus.groovy.grails.web.servlet.view.GrailsLayoutViewResolver.resolveViewName(GrailsLayoutViewResolver.java:50)
	at org.springframework.web.servlet.DispatcherServlet.resolveViewName(DispatcherServlet.java:1282)
	at org.springframework.web.servlet.DispatcherServlet.render(DispatcherServlet.java:1223)
	at org.codehaus.groovy.grails.web.servlet.GrailsDispatcherServlet.doDispatch(GrailsDispatcherServlet.java:388)
	at org.springframework.web.servlet.DispatcherServlet.doService(DispatcherServlet.java:893)
	at org.springframework.web.servlet.FrameworkServlet.processRequest(FrameworkServlet.java:965)
	at org.springframework.web.servlet.FrameworkServlet.doGet(FrameworkServlet.java:856)
	at javax.servlet.http.HttpServlet.service(HttpServlet.java:624)
	at org.springframework.web.servlet.FrameworkServlet.service(FrameworkServlet.java:841)
	at javax.servlet.http.HttpServlet.service(HttpServlet.java:731)
	at org.apache.catalina.core.ApplicationFilterChain.internalDoFilter(ApplicationFilterChain.java:303)
	at org.apache.catalina.core.ApplicationFilterChain.doFilter(ApplicationFilterChain.java:208)
	at org.apache.tomcat.websocket.server.WsFilter.doFilter(WsFilter.java:52)
	at org.apache.catalina.core.ApplicationFilterChain.internalDoFilter(ApplicationFilterChain.java:241)
	at org.apache.catalina.core.ApplicationFilterChain.doFilter(ApplicationFilterChain.java:208)
	at grails.plugin.cache.web.filter.PageFragmentCachingFilter.doFilter(PageFragmentCachingFilter.java:198)
	at grails.plugin.cache.web.filter.AbstractFilter.doFilter(AbstractFilter.java:63)
	at org.springframework.web.filter.DelegatingFilterProxy.invokeDelegate(DelegatingFilterProxy.java:344)
	at org.springframework.web.filter.DelegatingFilterProxy.doFilter(DelegatingFilterProxy.java:261)
	at org.apache.catalina.core.ApplicationFilterChain.internalDoFilter(ApplicationFilterChain.java:241)
	at org.apache.catalina.core.ApplicationFilterChain.doFilter(ApplicationFilterChain.java:208)
	at org.springframework.web.filter.OncePerRequestFilter.doFilter(OncePerRequestFilter.java:101)
	at org.apache.catalina.core.ApplicationFilterChain.internalDoFilter(ApplicationFilterChain.java:241)
	at org.apache.catalina.core.ApplicationFilterChain.doFilter(ApplicationFilterChain.java:208)
	at org.springframework.web.filter.OncePerRequestFilter.doFilter(OncePerRequestFilter.java:101)
	at org.apache.catalina.core.ApplicationFilterChain.internalDoFilter(ApplicationFilterChain.java:241)
	at org.apache.catalina.core.ApplicationFilterChain.doFilter(ApplicationFilterChain.java:208)
	at org.springframework.web.filter.OncePerRequestFilter.doFilter(OncePerRequestFilter.java:101)
	at org.apache.catalina.core.ApplicationFilterChain.internalDoFilter(ApplicationFilterChain.java:241)
	at org.apache.catalina.core.ApplicationFilterChain.doFilter(ApplicationFilterChain.java:208)
	at org.apache.catalina.core.ApplicationDispatcher.invoke(ApplicationDispatcher.java:747)
	at org.apache.catalina.core.ApplicationDispatcher.processRequest(ApplicationDispatcher.java:485)
	at org.apache.catalina.core.ApplicationDispatcher.doForward(ApplicationDispatcher.java:410)
	at org.apache.catalina.core.ApplicationDispatcher.forward(ApplicationDispatcher.java:337)
	at org.codehaus.groovy.grails.web.mapping.UrlMappingUtils.forwardRequestForUrlMappingInfo(UrlMappingUtils.java:178)
	at org.codehaus.groovy.grails.web.mapping.UrlMappingUtils.forwardRequestForUrlMappingInfo(UrlMappingUtils.java:144)
	at org.codehaus.groovy.grails.web.mapping.UrlMappingUtils.forwardRequestForUrlMappingInfo(UrlMappingUtils.java:135)
	at org.codehaus.groovy.grails.web.mapping.filter.UrlMappingsFilter.doFilterInternal(UrlMappingsFilter.java:216)
	at org.springframework.web.filter.OncePerRequestFilter.doFilter(OncePerRequestFilter.java:107)
	at org.apache.catalina.core.ApplicationFilterChain.internalDoFilter(ApplicationFilterChain.java:241)
	at org.apache.catalina.core.ApplicationFilterChain.doFilter(ApplicationFilterChain.java:208)
	at org.codehaus.groovy.grails.web.servlet.mvc.GrailsWebRequestFilter.doFilterInternal(GrailsWebRequestFilter.java:69)
	at org.springframework.web.filter.OncePerRequestFilter.doFilter(OncePerRequestFilter.java:107)
	at org.apache.catalina.core.ApplicationFilterChain.internalDoFilter(ApplicationFilterChain.java:241)
	at org.apache.catalina.core.ApplicationFilterChain.doFilter(ApplicationFilterChain.java:208)
	at org.codehaus.groovy.grails.web.filters.HiddenHttpMethodFilter.doFilterInternal(HiddenHttpMethodFilter.java:67)
	at org.springframework.web.filter.OncePerRequestFilter.doFilter(OncePerRequestFilter.java:107)
	at org.apache.catalina.core.ApplicationFilterChain.internalDoFilter(ApplicationFilterChain.java:241)
	at org.apache.catalina.core.ApplicationFilterChain.doFilter(ApplicationFilterChain.java:208)
	at org.springframework.web.filter.CharacterEncodingFilter.doFilterInternal(CharacterEncodingFilter.java:85)
	at org.springframework.web.filter.OncePerRequestFilter.doFilter(OncePerRequestFilter.java:107)
	at org.springframework.web.filter.DelegatingFilterProxy.invokeDelegate(DelegatingFilterProxy.java:344)
	at org.springframework.web.filter.DelegatingFilterProxy.doFilter(DelegatingFilterProxy.java:261)
	at org.apache.catalina.core.ApplicationFilterChain.internalDoFilter(ApplicationFilterChain.java:241)
	at org.apache.catalina.core.ApplicationFilterChain.doFilter(ApplicationFilterChain.java:208)
	at org.apache.catalina.core.StandardWrapperValve.invoke(StandardWrapperValve.java:218)
	at org.apache.catalina.core.StandardContextValve.invoke(StandardContextValve.java:122)
	at org.apache.catalina.core.StandardHostValve.invoke(StandardHostValve.java:169)
	at org.apache.catalina.valves.ErrorReportValve.invoke(ErrorReportValve.java:103)
	at org.apache.catalina.core.StandardEngineValve.invoke(StandardEngineValve.java:116)
	at org.apache.catalina.connector.CoyoteAdapter.service(CoyoteAdapter.java:442)
	at org.apache.coyote.http11.AbstractHttp11Processor.process(AbstractHttp11Processor.java:1082)
	at org.apache.coyote.AbstractProtocol$AbstractConnectionHandler.process(AbstractProtocol.java:623)
	at org.apache.tomcat.util.net.JIoEndpoint$SocketProcessor.run(JIoEndpoint.java:318)
	at java.util.concurrent.ThreadPoolExecutor.runWorker(ThreadPoolExecutor.java:1149)
	at java.util.concurrent.ThreadPoolExecutor$Worker.run(ThreadPoolExecutor.java:624)
	at org.apache.tomcat.util.threads.TaskThread$WrappingRunnable.run(TaskThread.java:61)
	at java.lang.Thread.run(Thread.java:748)
2025-05-16 15:59:47,986 [http-bio-8080-exec-12] ERROR StackTrace  - Full Stack Trace:
java.lang.RuntimeException: Error initializing GroovyPageView
	at grails.plugin.cache.web.filter.PageFragmentCachingFilter.doFilter(PageFragmentCachingFilter.java:198)
	at grails.plugin.cache.web.filter.AbstractFilter.doFilter(AbstractFilter.java:63)
	at java.util.concurrent.ThreadPoolExecutor.runWorker(ThreadPoolExecutor.java:1149)
	at java.util.concurrent.ThreadPoolExecutor$Worker.run(ThreadPoolExecutor.java:624)
	at java.lang.Thread.run(Thread.java:748)
Caused by: org.codehaus.groovy.grails.web.taglib.exceptions.GrailsTagException: Grails tag [g:if] was not closed
	at grails.util.CacheEntry.getValue(CacheEntry.java:144)
	at grails.util.CacheEntry.getValue(CacheEntry.java:84)
	... 5 more
2025-05-16 15:59:47,987 [http-bio-8080-exec-12] ERROR StackTrace  - Full Stack Trace:
java.lang.RuntimeException: Error initializing GroovyPageView
	at grails.plugin.cache.web.filter.PageFragmentCachingFilter.doFilter(PageFragmentCachingFilter.java:198)
	at grails.plugin.cache.web.filter.AbstractFilter.doFilter(AbstractFilter.java:63)
	at java.util.concurrent.ThreadPoolExecutor.runWorker(ThreadPoolExecutor.java:1149)
	at java.util.concurrent.ThreadPoolExecutor$Worker.run(ThreadPoolExecutor.java:624)
	at java.lang.Thread.run(Thread.java:748)
Caused by: org.codehaus.groovy.grails.web.taglib.exceptions.GrailsTagException: Grails tag [g:if] was not closed
	at grails.util.CacheEntry.getValue(CacheEntry.java:144)
	at grails.util.CacheEntry.getValue(CacheEntry.java:84)
	... 5 more
2025-05-16 15:59:47,987 [http-bio-8080-exec-12] ERROR StackTrace  - Full Stack Trace:
org.codehaus.groovy.grails.web.taglib.exceptions.GrailsTagException: Grails tag [g:if] was not closed
	at grails.util.CacheEntry.getValue(CacheEntry.java:144)
	at grails.util.CacheEntry.getValue(CacheEntry.java:84)
	at grails.plugin.cache.web.filter.PageFragmentCachingFilter.doFilter(PageFragmentCachingFilter.java:198)
	at grails.plugin.cache.web.filter.AbstractFilter.doFilter(AbstractFilter.java:63)
	at java.util.concurrent.ThreadPoolExecutor.runWorker(ThreadPoolExecutor.java:1149)
	at java.util.concurrent.ThreadPoolExecutor$Worker.run(ThreadPoolExecutor.java:624)
	at java.lang.Thread.run(Thread.java:748)
2025-05-16 15:59:47,987 [http-bio-8080-exec-12] ERROR StackTrace  - Full Stack Trace:
java.lang.RuntimeException: Error initializing GroovyPageView
	at grails.plugin.cache.web.filter.PageFragmentCachingFilter.doFilter(PageFragmentCachingFilter.java:198)
	at grails.plugin.cache.web.filter.AbstractFilter.doFilter(AbstractFilter.java:63)
	at java.util.concurrent.ThreadPoolExecutor.runWorker(ThreadPoolExecutor.java:1149)
	at java.util.concurrent.ThreadPoolExecutor$Worker.run(ThreadPoolExecutor.java:624)
	at java.lang.Thread.run(Thread.java:748)
Caused by: org.codehaus.groovy.grails.web.taglib.exceptions.GrailsTagException: Grails tag [g:if] was not closed
	at grails.util.CacheEntry.getValue(CacheEntry.java:144)
	at grails.util.CacheEntry.getValue(CacheEntry.java:84)
	... 5 more
2025-05-16 15:59:47,987 [http-bio-8080-exec-12] ERROR StackTrace  - Full Stack Trace:
java.lang.RuntimeException: Error initializing GroovyPageView
	at grails.plugin.cache.web.filter.PageFragmentCachingFilter.doFilter(PageFragmentCachingFilter.java:198)
	at grails.plugin.cache.web.filter.AbstractFilter.doFilter(AbstractFilter.java:63)
	at java.util.concurrent.ThreadPoolExecutor.runWorker(ThreadPoolExecutor.java:1149)
	at java.util.concurrent.ThreadPoolExecutor$Worker.run(ThreadPoolExecutor.java:624)
	at java.lang.Thread.run(Thread.java:748)
Caused by: org.codehaus.groovy.grails.web.taglib.exceptions.GrailsTagException: Grails tag [g:if] was not closed
	at grails.util.CacheEntry.getValue(CacheEntry.java:144)
	at grails.util.CacheEntry.getValue(CacheEntry.java:84)
	... 5 more
2025-05-16 15:59:47,987 [http-bio-8080-exec-12] ERROR StackTrace  - Full Stack Trace:
org.codehaus.groovy.grails.web.taglib.exceptions.GrailsTagException: Grails tag [g:if] was not closed
	at grails.util.CacheEntry.getValue(CacheEntry.java:144)
	at grails.util.CacheEntry.getValue(CacheEntry.java:84)
	at grails.plugin.cache.web.filter.PageFragmentCachingFilter.doFilter(PageFragmentCachingFilter.java:198)
	at grails.plugin.cache.web.filter.AbstractFilter.doFilter(AbstractFilter.java:63)
	at java.util.concurrent.ThreadPoolExecutor.runWorker(ThreadPoolExecutor.java:1149)
	at java.util.concurrent.ThreadPoolExecutor$Worker.run(ThreadPoolExecutor.java:624)
	at java.lang.Thread.run(Thread.java:748)
2025-05-16 15:59:47,987 [http-bio-8080-exec-12] ERROR StackTrace  - Full Stack Trace:
java.lang.RuntimeException: Error initializing GroovyPageView
	at grails.plugin.cache.web.filter.PageFragmentCachingFilter.doFilter(PageFragmentCachingFilter.java:198)
	at grails.plugin.cache.web.filter.AbstractFilter.doFilter(AbstractFilter.java:63)
	at java.util.concurrent.ThreadPoolExecutor.runWorker(ThreadPoolExecutor.java:1149)
	at java.util.concurrent.ThreadPoolExecutor$Worker.run(ThreadPoolExecutor.java:624)
	at java.lang.Thread.run(Thread.java:748)
Caused by: org.codehaus.groovy.grails.web.taglib.exceptions.GrailsTagException: Grails tag [g:if] was not closed
	at grails.util.CacheEntry.getValue(CacheEntry.java:144)
	at grails.util.CacheEntry.getValue(CacheEntry.java:84)
	... 5 more
2025-05-16 15:59:48,585 [http-bio-8080-exec-4] ERROR StackTrace  - Full Stack Trace:
java.lang.RuntimeException: Error initializing GroovyPageView
	at org.codehaus.groovy.grails.web.servlet.view.GroovyPageViewResolver.createGroovyPageView(GroovyPageViewResolver.java:210)
	at org.codehaus.groovy.grails.web.servlet.view.GroovyPageViewResolver.createGrailsView(GroovyPageViewResolver.java:191)
	at org.codehaus.groovy.grails.web.servlet.view.GroovyPageViewResolver.loadView(GroovyPageViewResolver.java:96)
	at org.springframework.web.servlet.view.AbstractCachingViewResolver.createView(AbstractCachingViewResolver.java:244)
	at org.springframework.web.servlet.view.UrlBasedViewResolver.createView(UrlBasedViewResolver.java:446)
	at org.springframework.web.servlet.view.AbstractCachingViewResolver.resolveViewName(AbstractCachingViewResolver.java:146)
	at org.codehaus.groovy.grails.web.servlet.view.GroovyPageViewResolver.resolveViewName(GroovyPageViewResolver.java:85)
	at org.codehaus.groovy.grails.web.servlet.view.GrailsLayoutViewResolver.resolveViewName(GrailsLayoutViewResolver.java:50)
	at org.springframework.web.servlet.DispatcherServlet.resolveViewName(DispatcherServlet.java:1282)
	at org.springframework.web.servlet.DispatcherServlet.render(DispatcherServlet.java:1223)
	at org.codehaus.groovy.grails.web.servlet.GrailsDispatcherServlet.doDispatch(GrailsDispatcherServlet.java:388)
	at org.springframework.web.servlet.DispatcherServlet.doService(DispatcherServlet.java:893)
	at org.springframework.web.servlet.FrameworkServlet.processRequest(FrameworkServlet.java:965)
	at org.springframework.web.servlet.FrameworkServlet.doGet(FrameworkServlet.java:856)
	at javax.servlet.http.HttpServlet.service(HttpServlet.java:624)
	at org.springframework.web.servlet.FrameworkServlet.service(FrameworkServlet.java:841)
	at javax.servlet.http.HttpServlet.service(HttpServlet.java:731)
	at org.apache.catalina.core.ApplicationFilterChain.internalDoFilter(ApplicationFilterChain.java:303)
	at org.apache.catalina.core.ApplicationFilterChain.doFilter(ApplicationFilterChain.java:208)
	at org.apache.tomcat.websocket.server.WsFilter.doFilter(WsFilter.java:52)
	at org.apache.catalina.core.ApplicationFilterChain.internalDoFilter(ApplicationFilterChain.java:241)
	at org.apache.catalina.core.ApplicationFilterChain.doFilter(ApplicationFilterChain.java:208)
	at grails.plugin.cache.web.filter.PageFragmentCachingFilter.doFilter(PageFragmentCachingFilter.java:198)
	at grails.plugin.cache.web.filter.AbstractFilter.doFilter(AbstractFilter.java:63)
	at org.springframework.web.filter.DelegatingFilterProxy.invokeDelegate(DelegatingFilterProxy.java:344)
	at org.springframework.web.filter.DelegatingFilterProxy.doFilter(DelegatingFilterProxy.java:261)
	at org.apache.catalina.core.ApplicationFilterChain.internalDoFilter(ApplicationFilterChain.java:241)
	at org.apache.catalina.core.ApplicationFilterChain.doFilter(ApplicationFilterChain.java:208)
	at org.springframework.web.filter.OncePerRequestFilter.doFilter(OncePerRequestFilter.java:101)
	at org.apache.catalina.core.ApplicationFilterChain.internalDoFilter(ApplicationFilterChain.java:241)
	at org.apache.catalina.core.ApplicationFilterChain.doFilter(ApplicationFilterChain.java:208)
	at org.springframework.web.filter.OncePerRequestFilter.doFilter(OncePerRequestFilter.java:101)
	at org.apache.catalina.core.ApplicationFilterChain.internalDoFilter(ApplicationFilterChain.java:241)
	at org.apache.catalina.core.ApplicationFilterChain.doFilter(ApplicationFilterChain.java:208)
	at org.springframework.web.filter.OncePerRequestFilter.doFilter(OncePerRequestFilter.java:101)
	at org.apache.catalina.core.ApplicationFilterChain.internalDoFilter(ApplicationFilterChain.java:241)
	at org.apache.catalina.core.ApplicationFilterChain.doFilter(ApplicationFilterChain.java:208)
	at org.apache.catalina.core.ApplicationDispatcher.invoke(ApplicationDispatcher.java:747)
	at org.apache.catalina.core.ApplicationDispatcher.processRequest(ApplicationDispatcher.java:485)
	at org.apache.catalina.core.ApplicationDispatcher.doForward(ApplicationDispatcher.java:410)
	at org.apache.catalina.core.ApplicationDispatcher.forward(ApplicationDispatcher.java:337)
	at org.codehaus.groovy.grails.web.mapping.UrlMappingUtils.forwardRequestForUrlMappingInfo(UrlMappingUtils.java:178)
	at org.codehaus.groovy.grails.web.mapping.UrlMappingUtils.forwardRequestForUrlMappingInfo(UrlMappingUtils.java:144)
	at org.codehaus.groovy.grails.web.mapping.UrlMappingUtils.forwardRequestForUrlMappingInfo(UrlMappingUtils.java:135)
	at org.codehaus.groovy.grails.web.mapping.filter.UrlMappingsFilter.doFilterInternal(UrlMappingsFilter.java:216)
	at org.springframework.web.filter.OncePerRequestFilter.doFilter(OncePerRequestFilter.java:107)
	at org.apache.catalina.core.ApplicationFilterChain.internalDoFilter(ApplicationFilterChain.java:241)
	at org.apache.catalina.core.ApplicationFilterChain.doFilter(ApplicationFilterChain.java:208)
	at org.codehaus.groovy.grails.web.servlet.mvc.GrailsWebRequestFilter.doFilterInternal(GrailsWebRequestFilter.java:69)
	at org.springframework.web.filter.OncePerRequestFilter.doFilter(OncePerRequestFilter.java:107)
	at org.apache.catalina.core.ApplicationFilterChain.internalDoFilter(ApplicationFilterChain.java:241)
	at org.apache.catalina.core.ApplicationFilterChain.doFilter(ApplicationFilterChain.java:208)
	at org.codehaus.groovy.grails.web.filters.HiddenHttpMethodFilter.doFilterInternal(HiddenHttpMethodFilter.java:67)
	at org.springframework.web.filter.OncePerRequestFilter.doFilter(OncePerRequestFilter.java:107)
	at org.apache.catalina.core.ApplicationFilterChain.internalDoFilter(ApplicationFilterChain.java:241)
	at org.apache.catalina.core.ApplicationFilterChain.doFilter(ApplicationFilterChain.java:208)
	at org.springframework.web.filter.CharacterEncodingFilter.doFilterInternal(CharacterEncodingFilter.java:85)
	at org.springframework.web.filter.OncePerRequestFilter.doFilter(OncePerRequestFilter.java:107)
	at org.springframework.web.filter.DelegatingFilterProxy.invokeDelegate(DelegatingFilterProxy.java:344)
	at org.springframework.web.filter.DelegatingFilterProxy.doFilter(DelegatingFilterProxy.java:261)
	at org.apache.catalina.core.ApplicationFilterChain.internalDoFilter(ApplicationFilterChain.java:241)
	at org.apache.catalina.core.ApplicationFilterChain.doFilter(ApplicationFilterChain.java:208)
	at org.apache.catalina.core.StandardWrapperValve.invoke(StandardWrapperValve.java:218)
	at org.apache.catalina.core.StandardContextValve.invoke(StandardContextValve.java:122)
	at org.apache.catalina.core.StandardHostValve.invoke(StandardHostValve.java:169)
	at org.apache.catalina.valves.ErrorReportValve.invoke(ErrorReportValve.java:103)
	at org.apache.catalina.core.StandardEngineValve.invoke(StandardEngineValve.java:116)
	at org.apache.catalina.connector.CoyoteAdapter.service(CoyoteAdapter.java:442)
	at org.apache.coyote.http11.AbstractHttp11Processor.process(AbstractHttp11Processor.java:1082)
	at org.apache.coyote.AbstractProtocol$AbstractConnectionHandler.process(AbstractProtocol.java:623)
	at org.apache.tomcat.util.net.JIoEndpoint$SocketProcessor.run(JIoEndpoint.java:318)
	at java.util.concurrent.ThreadPoolExecutor.runWorker(ThreadPoolExecutor.java:1149)
	at java.util.concurrent.ThreadPoolExecutor$Worker.run(ThreadPoolExecutor.java:624)
	at org.apache.tomcat.util.threads.TaskThread$WrappingRunnable.run(TaskThread.java:61)
	at java.lang.Thread.run(Thread.java:748)
Caused by: org.codehaus.groovy.grails.web.taglib.exceptions.GrailsTagException: Grails tag [g:if] was not closed
	at org.codehaus.groovy.grails.web.pages.GroovyPageParser.endTag(GroovyPageParser.java:975)
	at org.codehaus.groovy.grails.web.pages.GroovyPageParser.page(GroovyPageParser.java:835)
	at org.codehaus.groovy.grails.web.pages.GroovyPageParser.generateGsp(GroovyPageParser.java:393)
	at org.codehaus.groovy.grails.web.pages.GroovyPageParser.parse(GroovyPageParser.java:349)
	at org.codehaus.groovy.grails.web.pages.GroovyPagesTemplateEngine.buildPageMetaInfo(GroovyPagesTemplateEngine.java:596)
	at org.codehaus.groovy.grails.web.pages.GroovyPagesTemplateEngine.buildPageMetaInfo(GroovyPagesTemplateEngine.java:493)
	at org.codehaus.groovy.grails.web.pages.GroovyPagesTemplateEngine$GroovyPagesTemplateEngineCacheEntry.updateValue(GroovyPagesTemplateEngine.java:159)
	at org.codehaus.groovy.grails.web.pages.GroovyPagesTemplateEngine$GroovyPagesTemplateEngineCacheEntry.updateValue(GroovyPagesTemplateEngine.java:138)
	at grails.util.CacheEntry.getValue(CacheEntry.java:144)
	at grails.util.CacheEntry.getValue(CacheEntry.java:84)
	at org.codehaus.groovy.grails.web.pages.GroovyPagesTemplateEngine.createTemplate(GroovyPagesTemplateEngine.java:316)
	at org.codehaus.groovy.grails.web.pages.GroovyPagesTemplateEngine.createTemplate(GroovyPagesTemplateEngine.java:306)
	at org.codehaus.groovy.grails.web.pages.GroovyPagesTemplateEngine.createTemplate(GroovyPagesTemplateEngine.java:408)
	at org.codehaus.groovy.grails.web.pages.GroovyPagesTemplateEngine.createTemplateForUri(GroovyPagesTemplateEngine.java:380)
	at org.codehaus.groovy.grails.web.pages.GroovyPagesTemplateEngine.createTemplateForUri(GroovyPagesTemplateEngine.java:373)
	at org.codehaus.groovy.grails.web.pages.GroovyPagesTemplateEngine.createTemplate(GroovyPagesTemplateEngine.java:344)
	at org.codehaus.groovy.grails.web.servlet.view.GroovyPageView.createGroovyPageException(GroovyPageView.java:108)
	at org.codehaus.groovy.grails.web.servlet.view.GroovyPageView.handleException(GroovyPageView.java:104)
	at org.codehaus.groovy.grails.web.servlet.view.GroovyPageView.afterPropertiesSet(GroovyPageView.java:161)
	at org.codehaus.groovy.grails.web.servlet.view.GroovyPageViewResolver.createGroovyPageView(GroovyPageViewResolver.java:208)
	... 74 more
2025-05-16 15:59:48,585 [http-bio-8080-exec-4] ERROR StackTrace  - Full Stack Trace:
org.codehaus.groovy.grails.web.taglib.exceptions.GrailsTagException: Grails tag [g:if] was not closed
	at org.codehaus.groovy.grails.web.pages.GroovyPageParser.endTag(GroovyPageParser.java:975)
	at org.codehaus.groovy.grails.web.pages.GroovyPageParser.page(GroovyPageParser.java:835)
	at org.codehaus.groovy.grails.web.pages.GroovyPageParser.generateGsp(GroovyPageParser.java:393)
	at org.codehaus.groovy.grails.web.pages.GroovyPageParser.parse(GroovyPageParser.java:349)
	at org.codehaus.groovy.grails.web.pages.GroovyPagesTemplateEngine.buildPageMetaInfo(GroovyPagesTemplateEngine.java:596)
	at org.codehaus.groovy.grails.web.pages.GroovyPagesTemplateEngine.buildPageMetaInfo(GroovyPagesTemplateEngine.java:493)
	at org.codehaus.groovy.grails.web.pages.GroovyPagesTemplateEngine$GroovyPagesTemplateEngineCacheEntry.updateValue(GroovyPagesTemplateEngine.java:159)
	at org.codehaus.groovy.grails.web.pages.GroovyPagesTemplateEngine$GroovyPagesTemplateEngineCacheEntry.updateValue(GroovyPagesTemplateEngine.java:138)
	at grails.util.CacheEntry.getValue(CacheEntry.java:144)
	at grails.util.CacheEntry.getValue(CacheEntry.java:84)
	at org.codehaus.groovy.grails.web.pages.GroovyPagesTemplateEngine.createTemplate(GroovyPagesTemplateEngine.java:316)
	at org.codehaus.groovy.grails.web.pages.GroovyPagesTemplateEngine.createTemplate(GroovyPagesTemplateEngine.java:306)
	at org.codehaus.groovy.grails.web.pages.GroovyPagesTemplateEngine.createTemplate(GroovyPagesTemplateEngine.java:408)
	at org.codehaus.groovy.grails.web.pages.GroovyPagesTemplateEngine.createTemplateForUri(GroovyPagesTemplateEngine.java:380)
	at org.codehaus.groovy.grails.web.pages.GroovyPagesTemplateEngine.createTemplateForUri(GroovyPagesTemplateEngine.java:373)
	at org.codehaus.groovy.grails.web.pages.GroovyPagesTemplateEngine.createTemplate(GroovyPagesTemplateEngine.java:344)
	at org.codehaus.groovy.grails.web.servlet.view.GroovyPageView.createGroovyPageException(GroovyPageView.java:108)
	at org.codehaus.groovy.grails.web.servlet.view.GroovyPageView.handleException(GroovyPageView.java:104)
	at org.codehaus.groovy.grails.web.servlet.view.GroovyPageView.afterPropertiesSet(GroovyPageView.java:161)
	at org.codehaus.groovy.grails.web.servlet.view.GroovyPageViewResolver.createGroovyPageView(GroovyPageViewResolver.java:208)
	at org.codehaus.groovy.grails.web.servlet.view.GroovyPageViewResolver.createGrailsView(GroovyPageViewResolver.java:191)
	at org.codehaus.groovy.grails.web.servlet.view.GroovyPageViewResolver.loadView(GroovyPageViewResolver.java:96)
	at org.springframework.web.servlet.view.AbstractCachingViewResolver.createView(AbstractCachingViewResolver.java:244)
	at org.springframework.web.servlet.view.UrlBasedViewResolver.createView(UrlBasedViewResolver.java:446)
	at org.springframework.web.servlet.view.AbstractCachingViewResolver.resolveViewName(AbstractCachingViewResolver.java:146)
	at org.codehaus.groovy.grails.web.servlet.view.GroovyPageViewResolver.resolveViewName(GroovyPageViewResolver.java:85)
	at org.codehaus.groovy.grails.web.servlet.view.GrailsLayoutViewResolver.resolveViewName(GrailsLayoutViewResolver.java:50)
	at org.springframework.web.servlet.DispatcherServlet.resolveViewName(DispatcherServlet.java:1282)
	at org.springframework.web.servlet.DispatcherServlet.render(DispatcherServlet.java:1223)
	at org.codehaus.groovy.grails.web.servlet.GrailsDispatcherServlet.doDispatch(GrailsDispatcherServlet.java:388)
	at org.springframework.web.servlet.DispatcherServlet.doService(DispatcherServlet.java:893)
	at org.springframework.web.servlet.FrameworkServlet.processRequest(FrameworkServlet.java:965)
	at org.springframework.web.servlet.FrameworkServlet.doGet(FrameworkServlet.java:856)
	at javax.servlet.http.HttpServlet.service(HttpServlet.java:624)
	at org.springframework.web.servlet.FrameworkServlet.service(FrameworkServlet.java:841)
	at javax.servlet.http.HttpServlet.service(HttpServlet.java:731)
	at org.apache.catalina.core.ApplicationFilterChain.internalDoFilter(ApplicationFilterChain.java:303)
	at org.apache.catalina.core.ApplicationFilterChain.doFilter(ApplicationFilterChain.java:208)
	at org.apache.tomcat.websocket.server.WsFilter.doFilter(WsFilter.java:52)
	at org.apache.catalina.core.ApplicationFilterChain.internalDoFilter(ApplicationFilterChain.java:241)
	at org.apache.catalina.core.ApplicationFilterChain.doFilter(ApplicationFilterChain.java:208)
	at grails.plugin.cache.web.filter.PageFragmentCachingFilter.doFilter(PageFragmentCachingFilter.java:198)
	at grails.plugin.cache.web.filter.AbstractFilter.doFilter(AbstractFilter.java:63)
	at org.springframework.web.filter.DelegatingFilterProxy.invokeDelegate(DelegatingFilterProxy.java:344)
	at org.springframework.web.filter.DelegatingFilterProxy.doFilter(DelegatingFilterProxy.java:261)
	at org.apache.catalina.core.ApplicationFilterChain.internalDoFilter(ApplicationFilterChain.java:241)
	at org.apache.catalina.core.ApplicationFilterChain.doFilter(ApplicationFilterChain.java:208)
	at org.springframework.web.filter.OncePerRequestFilter.doFilter(OncePerRequestFilter.java:101)
	at org.apache.catalina.core.ApplicationFilterChain.internalDoFilter(ApplicationFilterChain.java:241)
	at org.apache.catalina.core.ApplicationFilterChain.doFilter(ApplicationFilterChain.java:208)
	at org.springframework.web.filter.OncePerRequestFilter.doFilter(OncePerRequestFilter.java:101)
	at org.apache.catalina.core.ApplicationFilterChain.internalDoFilter(ApplicationFilterChain.java:241)
	at org.apache.catalina.core.ApplicationFilterChain.doFilter(ApplicationFilterChain.java:208)
	at org.springframework.web.filter.OncePerRequestFilter.doFilter(OncePerRequestFilter.java:101)
	at org.apache.catalina.core.ApplicationFilterChain.internalDoFilter(ApplicationFilterChain.java:241)
	at org.apache.catalina.core.ApplicationFilterChain.doFilter(ApplicationFilterChain.java:208)
	at org.apache.catalina.core.ApplicationDispatcher.invoke(ApplicationDispatcher.java:747)
	at org.apache.catalina.core.ApplicationDispatcher.processRequest(ApplicationDispatcher.java:485)
	at org.apache.catalina.core.ApplicationDispatcher.doForward(ApplicationDispatcher.java:410)
	at org.apache.catalina.core.ApplicationDispatcher.forward(ApplicationDispatcher.java:337)
	at org.codehaus.groovy.grails.web.mapping.UrlMappingUtils.forwardRequestForUrlMappingInfo(UrlMappingUtils.java:178)
	at org.codehaus.groovy.grails.web.mapping.UrlMappingUtils.forwardRequestForUrlMappingInfo(UrlMappingUtils.java:144)
	at org.codehaus.groovy.grails.web.mapping.UrlMappingUtils.forwardRequestForUrlMappingInfo(UrlMappingUtils.java:135)
	at org.codehaus.groovy.grails.web.mapping.filter.UrlMappingsFilter.doFilterInternal(UrlMappingsFilter.java:216)
	at org.springframework.web.filter.OncePerRequestFilter.doFilter(OncePerRequestFilter.java:107)
	at org.apache.catalina.core.ApplicationFilterChain.internalDoFilter(ApplicationFilterChain.java:241)
	at org.apache.catalina.core.ApplicationFilterChain.doFilter(ApplicationFilterChain.java:208)
	at org.codehaus.groovy.grails.web.servlet.mvc.GrailsWebRequestFilter.doFilterInternal(GrailsWebRequestFilter.java:69)
	at org.springframework.web.filter.OncePerRequestFilter.doFilter(OncePerRequestFilter.java:107)
	at org.apache.catalina.core.ApplicationFilterChain.internalDoFilter(ApplicationFilterChain.java:241)
	at org.apache.catalina.core.ApplicationFilterChain.doFilter(ApplicationFilterChain.java:208)
	at org.codehaus.groovy.grails.web.filters.HiddenHttpMethodFilter.doFilterInternal(HiddenHttpMethodFilter.java:67)
	at org.springframework.web.filter.OncePerRequestFilter.doFilter(OncePerRequestFilter.java:107)
	at org.apache.catalina.core.ApplicationFilterChain.internalDoFilter(ApplicationFilterChain.java:241)
	at org.apache.catalina.core.ApplicationFilterChain.doFilter(ApplicationFilterChain.java:208)
	at org.springframework.web.filter.CharacterEncodingFilter.doFilterInternal(CharacterEncodingFilter.java:85)
	at org.springframework.web.filter.OncePerRequestFilter.doFilter(OncePerRequestFilter.java:107)
	at org.springframework.web.filter.DelegatingFilterProxy.invokeDelegate(DelegatingFilterProxy.java:344)
	at org.springframework.web.filter.DelegatingFilterProxy.doFilter(DelegatingFilterProxy.java:261)
	at org.apache.catalina.core.ApplicationFilterChain.internalDoFilter(ApplicationFilterChain.java:241)
	at org.apache.catalina.core.ApplicationFilterChain.doFilter(ApplicationFilterChain.java:208)
	at org.apache.catalina.core.StandardWrapperValve.invoke(StandardWrapperValve.java:218)
	at org.apache.catalina.core.StandardContextValve.invoke(StandardContextValve.java:122)
	at org.apache.catalina.core.StandardHostValve.invoke(StandardHostValve.java:169)
	at org.apache.catalina.valves.ErrorReportValve.invoke(ErrorReportValve.java:103)
	at org.apache.catalina.core.StandardEngineValve.invoke(StandardEngineValve.java:116)
	at org.apache.catalina.connector.CoyoteAdapter.service(CoyoteAdapter.java:442)
	at org.apache.coyote.http11.AbstractHttp11Processor.process(AbstractHttp11Processor.java:1082)
	at org.apache.coyote.AbstractProtocol$AbstractConnectionHandler.process(AbstractProtocol.java:623)
	at org.apache.tomcat.util.net.JIoEndpoint$SocketProcessor.run(JIoEndpoint.java:318)
	at java.util.concurrent.ThreadPoolExecutor.runWorker(ThreadPoolExecutor.java:1149)
	at java.util.concurrent.ThreadPoolExecutor$Worker.run(ThreadPoolExecutor.java:624)
	at org.apache.tomcat.util.threads.TaskThread$WrappingRunnable.run(TaskThread.java:61)
	at java.lang.Thread.run(Thread.java:748)
2025-05-16 15:59:48,585 [http-bio-8080-exec-4] ERROR StackTrace  - Full Stack Trace:
java.lang.RuntimeException: Error initializing GroovyPageView
	at grails.plugin.cache.web.filter.PageFragmentCachingFilter.doFilter(PageFragmentCachingFilter.java:198)
	at grails.plugin.cache.web.filter.AbstractFilter.doFilter(AbstractFilter.java:63)
	at java.util.concurrent.ThreadPoolExecutor.runWorker(ThreadPoolExecutor.java:1149)
	at java.util.concurrent.ThreadPoolExecutor$Worker.run(ThreadPoolExecutor.java:624)
	at java.lang.Thread.run(Thread.java:748)
Caused by: org.codehaus.groovy.grails.web.taglib.exceptions.GrailsTagException: Grails tag [g:if] was not closed
	at grails.util.CacheEntry.getValue(CacheEntry.java:144)
	at grails.util.CacheEntry.getValue(CacheEntry.java:84)
	... 5 more
2025-05-16 15:59:48,586 [http-bio-8080-exec-4] ERROR StackTrace  - Full Stack Trace:
java.lang.RuntimeException: Error initializing GroovyPageView
	at grails.plugin.cache.web.filter.PageFragmentCachingFilter.doFilter(PageFragmentCachingFilter.java:198)
	at grails.plugin.cache.web.filter.AbstractFilter.doFilter(AbstractFilter.java:63)
	at java.util.concurrent.ThreadPoolExecutor.runWorker(ThreadPoolExecutor.java:1149)
	at java.util.concurrent.ThreadPoolExecutor$Worker.run(ThreadPoolExecutor.java:624)
	at java.lang.Thread.run(Thread.java:748)
Caused by: org.codehaus.groovy.grails.web.taglib.exceptions.GrailsTagException: Grails tag [g:if] was not closed
	at grails.util.CacheEntry.getValue(CacheEntry.java:144)
	at grails.util.CacheEntry.getValue(CacheEntry.java:84)
	... 5 more
2025-05-16 15:59:48,586 [http-bio-8080-exec-4] ERROR StackTrace  - Full Stack Trace:
org.codehaus.groovy.grails.web.taglib.exceptions.GrailsTagException: Grails tag [g:if] was not closed
	at grails.util.CacheEntry.getValue(CacheEntry.java:144)
	at grails.util.CacheEntry.getValue(CacheEntry.java:84)
	at grails.plugin.cache.web.filter.PageFragmentCachingFilter.doFilter(PageFragmentCachingFilter.java:198)
	at grails.plugin.cache.web.filter.AbstractFilter.doFilter(AbstractFilter.java:63)
	at java.util.concurrent.ThreadPoolExecutor.runWorker(ThreadPoolExecutor.java:1149)
	at java.util.concurrent.ThreadPoolExecutor$Worker.run(ThreadPoolExecutor.java:624)
	at java.lang.Thread.run(Thread.java:748)
2025-05-16 15:59:48,586 [http-bio-8080-exec-4] ERROR StackTrace  - Full Stack Trace:
java.lang.RuntimeException: Error initializing GroovyPageView
	at grails.plugin.cache.web.filter.PageFragmentCachingFilter.doFilter(PageFragmentCachingFilter.java:198)
	at grails.plugin.cache.web.filter.AbstractFilter.doFilter(AbstractFilter.java:63)
	at java.util.concurrent.ThreadPoolExecutor.runWorker(ThreadPoolExecutor.java:1149)
	at java.util.concurrent.ThreadPoolExecutor$Worker.run(ThreadPoolExecutor.java:624)
	at java.lang.Thread.run(Thread.java:748)
Caused by: org.codehaus.groovy.grails.web.taglib.exceptions.GrailsTagException: Grails tag [g:if] was not closed
	at grails.util.CacheEntry.getValue(CacheEntry.java:144)
	at grails.util.CacheEntry.getValue(CacheEntry.java:84)
	... 5 more
2025-05-16 15:59:48,586 [http-bio-8080-exec-4] ERROR StackTrace  - Full Stack Trace:
java.lang.RuntimeException: Error initializing GroovyPageView
	at grails.plugin.cache.web.filter.PageFragmentCachingFilter.doFilter(PageFragmentCachingFilter.java:198)
	at grails.plugin.cache.web.filter.AbstractFilter.doFilter(AbstractFilter.java:63)
	at java.util.concurrent.ThreadPoolExecutor.runWorker(ThreadPoolExecutor.java:1149)
	at java.util.concurrent.ThreadPoolExecutor$Worker.run(ThreadPoolExecutor.java:624)
	at java.lang.Thread.run(Thread.java:748)
Caused by: org.codehaus.groovy.grails.web.taglib.exceptions.GrailsTagException: Grails tag [g:if] was not closed
	at grails.util.CacheEntry.getValue(CacheEntry.java:144)
	at grails.util.CacheEntry.getValue(CacheEntry.java:84)
	... 5 more
2025-05-16 15:59:48,586 [http-bio-8080-exec-4] ERROR StackTrace  - Full Stack Trace:
org.codehaus.groovy.grails.web.taglib.exceptions.GrailsTagException: Grails tag [g:if] was not closed
	at grails.util.CacheEntry.getValue(CacheEntry.java:144)
	at grails.util.CacheEntry.getValue(CacheEntry.java:84)
	at grails.plugin.cache.web.filter.PageFragmentCachingFilter.doFilter(PageFragmentCachingFilter.java:198)
	at grails.plugin.cache.web.filter.AbstractFilter.doFilter(AbstractFilter.java:63)
	at java.util.concurrent.ThreadPoolExecutor.runWorker(ThreadPoolExecutor.java:1149)
	at java.util.concurrent.ThreadPoolExecutor$Worker.run(ThreadPoolExecutor.java:624)
	at java.lang.Thread.run(Thread.java:748)
2025-05-16 15:59:48,586 [http-bio-8080-exec-4] ERROR StackTrace  - Full Stack Trace:
java.lang.RuntimeException: Error initializing GroovyPageView
	at grails.plugin.cache.web.filter.PageFragmentCachingFilter.doFilter(PageFragmentCachingFilter.java:198)
	at grails.plugin.cache.web.filter.AbstractFilter.doFilter(AbstractFilter.java:63)
	at java.util.concurrent.ThreadPoolExecutor.runWorker(ThreadPoolExecutor.java:1149)
	at java.util.concurrent.ThreadPoolExecutor$Worker.run(ThreadPoolExecutor.java:624)
	at java.lang.Thread.run(Thread.java:748)
Caused by: org.codehaus.groovy.grails.web.taglib.exceptions.GrailsTagException: Grails tag [g:if] was not closed
	at grails.util.CacheEntry.getValue(CacheEntry.java:144)
	at grails.util.CacheEntry.getValue(CacheEntry.java:84)
	... 5 more
2025-05-16 15:59:49,208 [http-bio-8080-exec-2] ERROR StackTrace  - Full Stack Trace:
java.lang.RuntimeException: Error initializing GroovyPageView
	at org.codehaus.groovy.grails.web.servlet.view.GroovyPageViewResolver.createGroovyPageView(GroovyPageViewResolver.java:210)
	at org.codehaus.groovy.grails.web.servlet.view.GroovyPageViewResolver.createGrailsView(GroovyPageViewResolver.java:191)
	at org.codehaus.groovy.grails.web.servlet.view.GroovyPageViewResolver.loadView(GroovyPageViewResolver.java:96)
	at org.springframework.web.servlet.view.AbstractCachingViewResolver.createView(AbstractCachingViewResolver.java:244)
	at org.springframework.web.servlet.view.UrlBasedViewResolver.createView(UrlBasedViewResolver.java:446)
	at org.springframework.web.servlet.view.AbstractCachingViewResolver.resolveViewName(AbstractCachingViewResolver.java:146)
	at org.codehaus.groovy.grails.web.servlet.view.GroovyPageViewResolver.resolveViewName(GroovyPageViewResolver.java:85)
	at org.codehaus.groovy.grails.web.servlet.view.GrailsLayoutViewResolver.resolveViewName(GrailsLayoutViewResolver.java:50)
	at org.springframework.web.servlet.DispatcherServlet.resolveViewName(DispatcherServlet.java:1282)
	at org.springframework.web.servlet.DispatcherServlet.render(DispatcherServlet.java:1223)
	at org.codehaus.groovy.grails.web.servlet.GrailsDispatcherServlet.doDispatch(GrailsDispatcherServlet.java:388)
	at org.springframework.web.servlet.DispatcherServlet.doService(DispatcherServlet.java:893)
	at org.springframework.web.servlet.FrameworkServlet.processRequest(FrameworkServlet.java:965)
	at org.springframework.web.servlet.FrameworkServlet.doGet(FrameworkServlet.java:856)
	at javax.servlet.http.HttpServlet.service(HttpServlet.java:624)
	at org.springframework.web.servlet.FrameworkServlet.service(FrameworkServlet.java:841)
	at javax.servlet.http.HttpServlet.service(HttpServlet.java:731)
	at org.apache.catalina.core.ApplicationFilterChain.internalDoFilter(ApplicationFilterChain.java:303)
	at org.apache.catalina.core.ApplicationFilterChain.doFilter(ApplicationFilterChain.java:208)
	at org.apache.tomcat.websocket.server.WsFilter.doFilter(WsFilter.java:52)
	at org.apache.catalina.core.ApplicationFilterChain.internalDoFilter(ApplicationFilterChain.java:241)
	at org.apache.catalina.core.ApplicationFilterChain.doFilter(ApplicationFilterChain.java:208)
	at grails.plugin.cache.web.filter.PageFragmentCachingFilter.doFilter(PageFragmentCachingFilter.java:198)
	at grails.plugin.cache.web.filter.AbstractFilter.doFilter(AbstractFilter.java:63)
	at org.springframework.web.filter.DelegatingFilterProxy.invokeDelegate(DelegatingFilterProxy.java:344)
	at org.springframework.web.filter.DelegatingFilterProxy.doFilter(DelegatingFilterProxy.java:261)
	at org.apache.catalina.core.ApplicationFilterChain.internalDoFilter(ApplicationFilterChain.java:241)
	at org.apache.catalina.core.ApplicationFilterChain.doFilter(ApplicationFilterChain.java:208)
	at org.springframework.web.filter.OncePerRequestFilter.doFilter(OncePerRequestFilter.java:101)
	at org.apache.catalina.core.ApplicationFilterChain.internalDoFilter(ApplicationFilterChain.java:241)
	at org.apache.catalina.core.ApplicationFilterChain.doFilter(ApplicationFilterChain.java:208)
	at org.springframework.web.filter.OncePerRequestFilter.doFilter(OncePerRequestFilter.java:101)
	at org.apache.catalina.core.ApplicationFilterChain.internalDoFilter(ApplicationFilterChain.java:241)
	at org.apache.catalina.core.ApplicationFilterChain.doFilter(ApplicationFilterChain.java:208)
	at org.springframework.web.filter.OncePerRequestFilter.doFilter(OncePerRequestFilter.java:101)
	at org.apache.catalina.core.ApplicationFilterChain.internalDoFilter(ApplicationFilterChain.java:241)
	at org.apache.catalina.core.ApplicationFilterChain.doFilter(ApplicationFilterChain.java:208)
	at org.apache.catalina.core.ApplicationDispatcher.invoke(ApplicationDispatcher.java:747)
	at org.apache.catalina.core.ApplicationDispatcher.processRequest(ApplicationDispatcher.java:485)
	at org.apache.catalina.core.ApplicationDispatcher.doForward(ApplicationDispatcher.java:410)
	at org.apache.catalina.core.ApplicationDispatcher.forward(ApplicationDispatcher.java:337)
	at org.codehaus.groovy.grails.web.mapping.UrlMappingUtils.forwardRequestForUrlMappingInfo(UrlMappingUtils.java:178)
	at org.codehaus.groovy.grails.web.mapping.UrlMappingUtils.forwardRequestForUrlMappingInfo(UrlMappingUtils.java:144)
	at org.codehaus.groovy.grails.web.mapping.UrlMappingUtils.forwardRequestForUrlMappingInfo(UrlMappingUtils.java:135)
	at org.codehaus.groovy.grails.web.mapping.filter.UrlMappingsFilter.doFilterInternal(UrlMappingsFilter.java:216)
	at org.springframework.web.filter.OncePerRequestFilter.doFilter(OncePerRequestFilter.java:107)
	at org.apache.catalina.core.ApplicationFilterChain.internalDoFilter(ApplicationFilterChain.java:241)
	at org.apache.catalina.core.ApplicationFilterChain.doFilter(ApplicationFilterChain.java:208)
	at org.codehaus.groovy.grails.web.servlet.mvc.GrailsWebRequestFilter.doFilterInternal(GrailsWebRequestFilter.java:69)
	at org.springframework.web.filter.OncePerRequestFilter.doFilter(OncePerRequestFilter.java:107)
	at org.apache.catalina.core.ApplicationFilterChain.internalDoFilter(ApplicationFilterChain.java:241)
	at org.apache.catalina.core.ApplicationFilterChain.doFilter(ApplicationFilterChain.java:208)
	at org.codehaus.groovy.grails.web.filters.HiddenHttpMethodFilter.doFilterInternal(HiddenHttpMethodFilter.java:67)
	at org.springframework.web.filter.OncePerRequestFilter.doFilter(OncePerRequestFilter.java:107)
	at org.apache.catalina.core.ApplicationFilterChain.internalDoFilter(ApplicationFilterChain.java:241)
	at org.apache.catalina.core.ApplicationFilterChain.doFilter(ApplicationFilterChain.java:208)
	at org.springframework.web.filter.CharacterEncodingFilter.doFilterInternal(CharacterEncodingFilter.java:85)
	at org.springframework.web.filter.OncePerRequestFilter.doFilter(OncePerRequestFilter.java:107)
	at org.springframework.web.filter.DelegatingFilterProxy.invokeDelegate(DelegatingFilterProxy.java:344)
	at org.springframework.web.filter.DelegatingFilterProxy.doFilter(DelegatingFilterProxy.java:261)
	at org.apache.catalina.core.ApplicationFilterChain.internalDoFilter(ApplicationFilterChain.java:241)
	at org.apache.catalina.core.ApplicationFilterChain.doFilter(ApplicationFilterChain.java:208)
	at org.apache.catalina.core.StandardWrapperValve.invoke(StandardWrapperValve.java:218)
	at org.apache.catalina.core.StandardContextValve.invoke(StandardContextValve.java:122)
	at org.apache.catalina.core.StandardHostValve.invoke(StandardHostValve.java:169)
	at org.apache.catalina.valves.ErrorReportValve.invoke(ErrorReportValve.java:103)
	at org.apache.catalina.core.StandardEngineValve.invoke(StandardEngineValve.java:116)
	at org.apache.catalina.connector.CoyoteAdapter.service(CoyoteAdapter.java:442)
	at org.apache.coyote.http11.AbstractHttp11Processor.process(AbstractHttp11Processor.java:1082)
	at org.apache.coyote.AbstractProtocol$AbstractConnectionHandler.process(AbstractProtocol.java:623)
	at org.apache.tomcat.util.net.JIoEndpoint$SocketProcessor.run(JIoEndpoint.java:318)
	at java.util.concurrent.ThreadPoolExecutor.runWorker(ThreadPoolExecutor.java:1149)
	at java.util.concurrent.ThreadPoolExecutor$Worker.run(ThreadPoolExecutor.java:624)
	at org.apache.tomcat.util.threads.TaskThread$WrappingRunnable.run(TaskThread.java:61)
	at java.lang.Thread.run(Thread.java:748)
Caused by: org.codehaus.groovy.grails.web.taglib.exceptions.GrailsTagException: Grails tag [g:if] was not closed
	at org.codehaus.groovy.grails.web.pages.GroovyPageParser.endTag(GroovyPageParser.java:975)
	at org.codehaus.groovy.grails.web.pages.GroovyPageParser.page(GroovyPageParser.java:835)
	at org.codehaus.groovy.grails.web.pages.GroovyPageParser.generateGsp(GroovyPageParser.java:393)
	at org.codehaus.groovy.grails.web.pages.GroovyPageParser.parse(GroovyPageParser.java:349)
	at org.codehaus.groovy.grails.web.pages.GroovyPagesTemplateEngine.buildPageMetaInfo(GroovyPagesTemplateEngine.java:596)
	at org.codehaus.groovy.grails.web.pages.GroovyPagesTemplateEngine.buildPageMetaInfo(GroovyPagesTemplateEngine.java:493)
	at org.codehaus.groovy.grails.web.pages.GroovyPagesTemplateEngine$GroovyPagesTemplateEngineCacheEntry.updateValue(GroovyPagesTemplateEngine.java:159)
	at org.codehaus.groovy.grails.web.pages.GroovyPagesTemplateEngine$GroovyPagesTemplateEngineCacheEntry.updateValue(GroovyPagesTemplateEngine.java:138)
	at grails.util.CacheEntry.getValue(CacheEntry.java:144)
	at grails.util.CacheEntry.getValue(CacheEntry.java:84)
	at org.codehaus.groovy.grails.web.pages.GroovyPagesTemplateEngine.createTemplate(GroovyPagesTemplateEngine.java:316)
	at org.codehaus.groovy.grails.web.pages.GroovyPagesTemplateEngine.createTemplate(GroovyPagesTemplateEngine.java:306)
	at org.codehaus.groovy.grails.web.pages.GroovyPagesTemplateEngine.createTemplate(GroovyPagesTemplateEngine.java:408)
	at org.codehaus.groovy.grails.web.pages.GroovyPagesTemplateEngine.createTemplateForUri(GroovyPagesTemplateEngine.java:380)
	at org.codehaus.groovy.grails.web.pages.GroovyPagesTemplateEngine.createTemplateForUri(GroovyPagesTemplateEngine.java:373)
	at org.codehaus.groovy.grails.web.pages.GroovyPagesTemplateEngine.createTemplate(GroovyPagesTemplateEngine.java:344)
	at org.codehaus.groovy.grails.web.servlet.view.GroovyPageView.createGroovyPageException(GroovyPageView.java:108)
	at org.codehaus.groovy.grails.web.servlet.view.GroovyPageView.handleException(GroovyPageView.java:104)
	at org.codehaus.groovy.grails.web.servlet.view.GroovyPageView.afterPropertiesSet(GroovyPageView.java:161)
	at org.codehaus.groovy.grails.web.servlet.view.GroovyPageViewResolver.createGroovyPageView(GroovyPageViewResolver.java:208)
	... 74 more
2025-05-16 15:59:49,208 [http-bio-8080-exec-2] ERROR StackTrace  - Full Stack Trace:
org.codehaus.groovy.grails.web.taglib.exceptions.GrailsTagException: Grails tag [g:if] was not closed
	at org.codehaus.groovy.grails.web.pages.GroovyPageParser.endTag(GroovyPageParser.java:975)
	at org.codehaus.groovy.grails.web.pages.GroovyPageParser.page(GroovyPageParser.java:835)
	at org.codehaus.groovy.grails.web.pages.GroovyPageParser.generateGsp(GroovyPageParser.java:393)
	at org.codehaus.groovy.grails.web.pages.GroovyPageParser.parse(GroovyPageParser.java:349)
	at org.codehaus.groovy.grails.web.pages.GroovyPagesTemplateEngine.buildPageMetaInfo(GroovyPagesTemplateEngine.java:596)
	at org.codehaus.groovy.grails.web.pages.GroovyPagesTemplateEngine.buildPageMetaInfo(GroovyPagesTemplateEngine.java:493)
	at org.codehaus.groovy.grails.web.pages.GroovyPagesTemplateEngine$GroovyPagesTemplateEngineCacheEntry.updateValue(GroovyPagesTemplateEngine.java:159)
	at org.codehaus.groovy.grails.web.pages.GroovyPagesTemplateEngine$GroovyPagesTemplateEngineCacheEntry.updateValue(GroovyPagesTemplateEngine.java:138)
	at grails.util.CacheEntry.getValue(CacheEntry.java:144)
	at grails.util.CacheEntry.getValue(CacheEntry.java:84)
	at org.codehaus.groovy.grails.web.pages.GroovyPagesTemplateEngine.createTemplate(GroovyPagesTemplateEngine.java:316)
	at org.codehaus.groovy.grails.web.pages.GroovyPagesTemplateEngine.createTemplate(GroovyPagesTemplateEngine.java:306)
	at org.codehaus.groovy.grails.web.pages.GroovyPagesTemplateEngine.createTemplate(GroovyPagesTemplateEngine.java:408)
	at org.codehaus.groovy.grails.web.pages.GroovyPagesTemplateEngine.createTemplateForUri(GroovyPagesTemplateEngine.java:380)
	at org.codehaus.groovy.grails.web.pages.GroovyPagesTemplateEngine.createTemplateForUri(GroovyPagesTemplateEngine.java:373)
	at org.codehaus.groovy.grails.web.pages.GroovyPagesTemplateEngine.createTemplate(GroovyPagesTemplateEngine.java:344)
	at org.codehaus.groovy.grails.web.servlet.view.GroovyPageView.createGroovyPageException(GroovyPageView.java:108)
	at org.codehaus.groovy.grails.web.servlet.view.GroovyPageView.handleException(GroovyPageView.java:104)
	at org.codehaus.groovy.grails.web.servlet.view.GroovyPageView.afterPropertiesSet(GroovyPageView.java:161)
	at org.codehaus.groovy.grails.web.servlet.view.GroovyPageViewResolver.createGroovyPageView(GroovyPageViewResolver.java:208)
	at org.codehaus.groovy.grails.web.servlet.view.GroovyPageViewResolver.createGrailsView(GroovyPageViewResolver.java:191)
	at org.codehaus.groovy.grails.web.servlet.view.GroovyPageViewResolver.loadView(GroovyPageViewResolver.java:96)
	at org.springframework.web.servlet.view.AbstractCachingViewResolver.createView(AbstractCachingViewResolver.java:244)
	at org.springframework.web.servlet.view.UrlBasedViewResolver.createView(UrlBasedViewResolver.java:446)
	at org.springframework.web.servlet.view.AbstractCachingViewResolver.resolveViewName(AbstractCachingViewResolver.java:146)
	at org.codehaus.groovy.grails.web.servlet.view.GroovyPageViewResolver.resolveViewName(GroovyPageViewResolver.java:85)
	at org.codehaus.groovy.grails.web.servlet.view.GrailsLayoutViewResolver.resolveViewName(GrailsLayoutViewResolver.java:50)
	at org.springframework.web.servlet.DispatcherServlet.resolveViewName(DispatcherServlet.java:1282)
	at org.springframework.web.servlet.DispatcherServlet.render(DispatcherServlet.java:1223)
	at org.codehaus.groovy.grails.web.servlet.GrailsDispatcherServlet.doDispatch(GrailsDispatcherServlet.java:388)
	at org.springframework.web.servlet.DispatcherServlet.doService(DispatcherServlet.java:893)
	at org.springframework.web.servlet.FrameworkServlet.processRequest(FrameworkServlet.java:965)
	at org.springframework.web.servlet.FrameworkServlet.doGet(FrameworkServlet.java:856)
	at javax.servlet.http.HttpServlet.service(HttpServlet.java:624)
	at org.springframework.web.servlet.FrameworkServlet.service(FrameworkServlet.java:841)
	at javax.servlet.http.HttpServlet.service(HttpServlet.java:731)
	at org.apache.catalina.core.ApplicationFilterChain.internalDoFilter(ApplicationFilterChain.java:303)
	at org.apache.catalina.core.ApplicationFilterChain.doFilter(ApplicationFilterChain.java:208)
	at org.apache.tomcat.websocket.server.WsFilter.doFilter(WsFilter.java:52)
	at org.apache.catalina.core.ApplicationFilterChain.internalDoFilter(ApplicationFilterChain.java:241)
	at org.apache.catalina.core.ApplicationFilterChain.doFilter(ApplicationFilterChain.java:208)
	at grails.plugin.cache.web.filter.PageFragmentCachingFilter.doFilter(PageFragmentCachingFilter.java:198)
	at grails.plugin.cache.web.filter.AbstractFilter.doFilter(AbstractFilter.java:63)
	at org.springframework.web.filter.DelegatingFilterProxy.invokeDelegate(DelegatingFilterProxy.java:344)
	at org.springframework.web.filter.DelegatingFilterProxy.doFilter(DelegatingFilterProxy.java:261)
	at org.apache.catalina.core.ApplicationFilterChain.internalDoFilter(ApplicationFilterChain.java:241)
	at org.apache.catalina.core.ApplicationFilterChain.doFilter(ApplicationFilterChain.java:208)
	at org.springframework.web.filter.OncePerRequestFilter.doFilter(OncePerRequestFilter.java:101)
	at org.apache.catalina.core.ApplicationFilterChain.internalDoFilter(ApplicationFilterChain.java:241)
	at org.apache.catalina.core.ApplicationFilterChain.doFilter(ApplicationFilterChain.java:208)
	at org.springframework.web.filter.OncePerRequestFilter.doFilter(OncePerRequestFilter.java:101)
	at org.apache.catalina.core.ApplicationFilterChain.internalDoFilter(ApplicationFilterChain.java:241)
	at org.apache.catalina.core.ApplicationFilterChain.doFilter(ApplicationFilterChain.java:208)
	at org.springframework.web.filter.OncePerRequestFilter.doFilter(OncePerRequestFilter.java:101)
	at org.apache.catalina.core.ApplicationFilterChain.internalDoFilter(ApplicationFilterChain.java:241)
	at org.apache.catalina.core.ApplicationFilterChain.doFilter(ApplicationFilterChain.java:208)
	at org.apache.catalina.core.ApplicationDispatcher.invoke(ApplicationDispatcher.java:747)
	at org.apache.catalina.core.ApplicationDispatcher.processRequest(ApplicationDispatcher.java:485)
	at org.apache.catalina.core.ApplicationDispatcher.doForward(ApplicationDispatcher.java:410)
	at org.apache.catalina.core.ApplicationDispatcher.forward(ApplicationDispatcher.java:337)
	at org.codehaus.groovy.grails.web.mapping.UrlMappingUtils.forwardRequestForUrlMappingInfo(UrlMappingUtils.java:178)
	at org.codehaus.groovy.grails.web.mapping.UrlMappingUtils.forwardRequestForUrlMappingInfo(UrlMappingUtils.java:144)
	at org.codehaus.groovy.grails.web.mapping.UrlMappingUtils.forwardRequestForUrlMappingInfo(UrlMappingUtils.java:135)
	at org.codehaus.groovy.grails.web.mapping.filter.UrlMappingsFilter.doFilterInternal(UrlMappingsFilter.java:216)
	at org.springframework.web.filter.OncePerRequestFilter.doFilter(OncePerRequestFilter.java:107)
	at org.apache.catalina.core.ApplicationFilterChain.internalDoFilter(ApplicationFilterChain.java:241)
	at org.apache.catalina.core.ApplicationFilterChain.doFilter(ApplicationFilterChain.java:208)
	at org.codehaus.groovy.grails.web.servlet.mvc.GrailsWebRequestFilter.doFilterInternal(GrailsWebRequestFilter.java:69)
	at org.springframework.web.filter.OncePerRequestFilter.doFilter(OncePerRequestFilter.java:107)
	at org.apache.catalina.core.ApplicationFilterChain.internalDoFilter(ApplicationFilterChain.java:241)
	at org.apache.catalina.core.ApplicationFilterChain.doFilter(ApplicationFilterChain.java:208)
	at org.codehaus.groovy.grails.web.filters.HiddenHttpMethodFilter.doFilterInternal(HiddenHttpMethodFilter.java:67)
	at org.springframework.web.filter.OncePerRequestFilter.doFilter(OncePerRequestFilter.java:107)
	at org.apache.catalina.core.ApplicationFilterChain.internalDoFilter(ApplicationFilterChain.java:241)
	at org.apache.catalina.core.ApplicationFilterChain.doFilter(ApplicationFilterChain.java:208)
	at org.springframework.web.filter.CharacterEncodingFilter.doFilterInternal(CharacterEncodingFilter.java:85)
	at org.springframework.web.filter.OncePerRequestFilter.doFilter(OncePerRequestFilter.java:107)
	at org.springframework.web.filter.DelegatingFilterProxy.invokeDelegate(DelegatingFilterProxy.java:344)
	at org.springframework.web.filter.DelegatingFilterProxy.doFilter(DelegatingFilterProxy.java:261)
	at org.apache.catalina.core.ApplicationFilterChain.internalDoFilter(ApplicationFilterChain.java:241)
	at org.apache.catalina.core.ApplicationFilterChain.doFilter(ApplicationFilterChain.java:208)
	at org.apache.catalina.core.StandardWrapperValve.invoke(StandardWrapperValve.java:218)
	at org.apache.catalina.core.StandardContextValve.invoke(StandardContextValve.java:122)
	at org.apache.catalina.core.StandardHostValve.invoke(StandardHostValve.java:169)
	at org.apache.catalina.valves.ErrorReportValve.invoke(ErrorReportValve.java:103)
	at org.apache.catalina.core.StandardEngineValve.invoke(StandardEngineValve.java:116)
	at org.apache.catalina.connector.CoyoteAdapter.service(CoyoteAdapter.java:442)
	at org.apache.coyote.http11.AbstractHttp11Processor.process(AbstractHttp11Processor.java:1082)
	at org.apache.coyote.AbstractProtocol$AbstractConnectionHandler.process(AbstractProtocol.java:623)
	at org.apache.tomcat.util.net.JIoEndpoint$SocketProcessor.run(JIoEndpoint.java:318)
	at java.util.concurrent.ThreadPoolExecutor.runWorker(ThreadPoolExecutor.java:1149)
	at java.util.concurrent.ThreadPoolExecutor$Worker.run(ThreadPoolExecutor.java:624)
	at org.apache.tomcat.util.threads.TaskThread$WrappingRunnable.run(TaskThread.java:61)
	at java.lang.Thread.run(Thread.java:748)
2025-05-16 15:59:49,208 [http-bio-8080-exec-2] ERROR StackTrace  - Full Stack Trace:
java.lang.RuntimeException: Error initializing GroovyPageView
	at grails.plugin.cache.web.filter.PageFragmentCachingFilter.doFilter(PageFragmentCachingFilter.java:198)
	at grails.plugin.cache.web.filter.AbstractFilter.doFilter(AbstractFilter.java:63)
	at java.util.concurrent.ThreadPoolExecutor.runWorker(ThreadPoolExecutor.java:1149)
	at java.util.concurrent.ThreadPoolExecutor$Worker.run(ThreadPoolExecutor.java:624)
	at java.lang.Thread.run(Thread.java:748)
Caused by: org.codehaus.groovy.grails.web.taglib.exceptions.GrailsTagException: Grails tag [g:if] was not closed
	at grails.util.CacheEntry.getValue(CacheEntry.java:144)
	at grails.util.CacheEntry.getValue(CacheEntry.java:84)
	... 5 more
2025-05-16 15:59:49,209 [http-bio-8080-exec-2] ERROR StackTrace  - Full Stack Trace:
java.lang.RuntimeException: Error initializing GroovyPageView
	at grails.plugin.cache.web.filter.PageFragmentCachingFilter.doFilter(PageFragmentCachingFilter.java:198)
	at grails.plugin.cache.web.filter.AbstractFilter.doFilter(AbstractFilter.java:63)
	at java.util.concurrent.ThreadPoolExecutor.runWorker(ThreadPoolExecutor.java:1149)
	at java.util.concurrent.ThreadPoolExecutor$Worker.run(ThreadPoolExecutor.java:624)
	at java.lang.Thread.run(Thread.java:748)
Caused by: org.codehaus.groovy.grails.web.taglib.exceptions.GrailsTagException: Grails tag [g:if] was not closed
	at grails.util.CacheEntry.getValue(CacheEntry.java:144)
	at grails.util.CacheEntry.getValue(CacheEntry.java:84)
	... 5 more
2025-05-16 15:59:49,209 [http-bio-8080-exec-2] ERROR StackTrace  - Full Stack Trace:
org.codehaus.groovy.grails.web.taglib.exceptions.GrailsTagException: Grails tag [g:if] was not closed
	at grails.util.CacheEntry.getValue(CacheEntry.java:144)
	at grails.util.CacheEntry.getValue(CacheEntry.java:84)
	at grails.plugin.cache.web.filter.PageFragmentCachingFilter.doFilter(PageFragmentCachingFilter.java:198)
	at grails.plugin.cache.web.filter.AbstractFilter.doFilter(AbstractFilter.java:63)
	at java.util.concurrent.ThreadPoolExecutor.runWorker(ThreadPoolExecutor.java:1149)
	at java.util.concurrent.ThreadPoolExecutor$Worker.run(ThreadPoolExecutor.java:624)
	at java.lang.Thread.run(Thread.java:748)
2025-05-16 15:59:49,209 [http-bio-8080-exec-2] ERROR StackTrace  - Full Stack Trace:
java.lang.RuntimeException: Error initializing GroovyPageView
	at grails.plugin.cache.web.filter.PageFragmentCachingFilter.doFilter(PageFragmentCachingFilter.java:198)
	at grails.plugin.cache.web.filter.AbstractFilter.doFilter(AbstractFilter.java:63)
	at java.util.concurrent.ThreadPoolExecutor.runWorker(ThreadPoolExecutor.java:1149)
	at java.util.concurrent.ThreadPoolExecutor$Worker.run(ThreadPoolExecutor.java:624)
	at java.lang.Thread.run(Thread.java:748)
Caused by: org.codehaus.groovy.grails.web.taglib.exceptions.GrailsTagException: Grails tag [g:if] was not closed
	at grails.util.CacheEntry.getValue(CacheEntry.java:144)
	at grails.util.CacheEntry.getValue(CacheEntry.java:84)
	... 5 more
2025-05-16 15:59:49,209 [http-bio-8080-exec-2] ERROR StackTrace  - Full Stack Trace:
java.lang.RuntimeException: Error initializing GroovyPageView
	at grails.plugin.cache.web.filter.PageFragmentCachingFilter.doFilter(PageFragmentCachingFilter.java:198)
	at grails.plugin.cache.web.filter.AbstractFilter.doFilter(AbstractFilter.java:63)
	at java.util.concurrent.ThreadPoolExecutor.runWorker(ThreadPoolExecutor.java:1149)
	at java.util.concurrent.ThreadPoolExecutor$Worker.run(ThreadPoolExecutor.java:624)
	at java.lang.Thread.run(Thread.java:748)
Caused by: org.codehaus.groovy.grails.web.taglib.exceptions.GrailsTagException: Grails tag [g:if] was not closed
	at grails.util.CacheEntry.getValue(CacheEntry.java:144)
	at grails.util.CacheEntry.getValue(CacheEntry.java:84)
	... 5 more
2025-05-16 15:59:49,209 [http-bio-8080-exec-2] ERROR StackTrace  - Full Stack Trace:
org.codehaus.groovy.grails.web.taglib.exceptions.GrailsTagException: Grails tag [g:if] was not closed
	at grails.util.CacheEntry.getValue(CacheEntry.java:144)
	at grails.util.CacheEntry.getValue(CacheEntry.java:84)
	at grails.plugin.cache.web.filter.PageFragmentCachingFilter.doFilter(PageFragmentCachingFilter.java:198)
	at grails.plugin.cache.web.filter.AbstractFilter.doFilter(AbstractFilter.java:63)
	at java.util.concurrent.ThreadPoolExecutor.runWorker(ThreadPoolExecutor.java:1149)
	at java.util.concurrent.ThreadPoolExecutor$Worker.run(ThreadPoolExecutor.java:624)
	at java.lang.Thread.run(Thread.java:748)
2025-05-16 15:59:49,209 [http-bio-8080-exec-2] ERROR StackTrace  - Full Stack Trace:
java.lang.RuntimeException: Error initializing GroovyPageView
	at grails.plugin.cache.web.filter.PageFragmentCachingFilter.doFilter(PageFragmentCachingFilter.java:198)
	at grails.plugin.cache.web.filter.AbstractFilter.doFilter(AbstractFilter.java:63)
	at java.util.concurrent.ThreadPoolExecutor.runWorker(ThreadPoolExecutor.java:1149)
	at java.util.concurrent.ThreadPoolExecutor$Worker.run(ThreadPoolExecutor.java:624)
	at java.lang.Thread.run(Thread.java:748)
Caused by: org.codehaus.groovy.grails.web.taglib.exceptions.GrailsTagException: Grails tag [g:if] was not closed
	at grails.util.CacheEntry.getValue(CacheEntry.java:144)
	at grails.util.CacheEntry.getValue(CacheEntry.java:84)
	... 5 more
2025-05-16 16:00:27,392 [http-bio-8080-exec-14] ERROR StackTrace  - Full Stack Trace:
java.lang.RuntimeException: Error initializing GroovyPageView
	at org.codehaus.groovy.grails.web.servlet.view.GroovyPageViewResolver.createGroovyPageView(GroovyPageViewResolver.java:210)
	at org.codehaus.groovy.grails.web.servlet.view.GroovyPageViewResolver.createGrailsView(GroovyPageViewResolver.java:191)
	at org.codehaus.groovy.grails.web.servlet.view.GroovyPageViewResolver.loadView(GroovyPageViewResolver.java:96)
	at org.springframework.web.servlet.view.AbstractCachingViewResolver.createView(AbstractCachingViewResolver.java:244)
	at org.springframework.web.servlet.view.UrlBasedViewResolver.createView(UrlBasedViewResolver.java:446)
	at org.springframework.web.servlet.view.AbstractCachingViewResolver.resolveViewName(AbstractCachingViewResolver.java:146)
	at org.codehaus.groovy.grails.web.servlet.view.GroovyPageViewResolver.resolveViewName(GroovyPageViewResolver.java:85)
	at org.codehaus.groovy.grails.web.servlet.view.GrailsLayoutViewResolver.resolveViewName(GrailsLayoutViewResolver.java:50)
	at org.springframework.web.servlet.DispatcherServlet.resolveViewName(DispatcherServlet.java:1282)
	at org.springframework.web.servlet.DispatcherServlet.render(DispatcherServlet.java:1223)
	at org.codehaus.groovy.grails.web.servlet.GrailsDispatcherServlet.doDispatch(GrailsDispatcherServlet.java:388)
	at org.springframework.web.servlet.DispatcherServlet.doService(DispatcherServlet.java:893)
	at org.springframework.web.servlet.FrameworkServlet.processRequest(FrameworkServlet.java:965)
	at org.springframework.web.servlet.FrameworkServlet.doGet(FrameworkServlet.java:856)
	at javax.servlet.http.HttpServlet.service(HttpServlet.java:624)
	at org.springframework.web.servlet.FrameworkServlet.service(FrameworkServlet.java:841)
	at javax.servlet.http.HttpServlet.service(HttpServlet.java:731)
	at org.apache.catalina.core.ApplicationFilterChain.internalDoFilter(ApplicationFilterChain.java:303)
	at org.apache.catalina.core.ApplicationFilterChain.doFilter(ApplicationFilterChain.java:208)
	at org.apache.tomcat.websocket.server.WsFilter.doFilter(WsFilter.java:52)
	at org.apache.catalina.core.ApplicationFilterChain.internalDoFilter(ApplicationFilterChain.java:241)
	at org.apache.catalina.core.ApplicationFilterChain.doFilter(ApplicationFilterChain.java:208)
	at grails.plugin.cache.web.filter.PageFragmentCachingFilter.doFilter(PageFragmentCachingFilter.java:198)
	at grails.plugin.cache.web.filter.AbstractFilter.doFilter(AbstractFilter.java:63)
	at org.springframework.web.filter.DelegatingFilterProxy.invokeDelegate(DelegatingFilterProxy.java:344)
	at org.springframework.web.filter.DelegatingFilterProxy.doFilter(DelegatingFilterProxy.java:261)
	at org.apache.catalina.core.ApplicationFilterChain.internalDoFilter(ApplicationFilterChain.java:241)
	at org.apache.catalina.core.ApplicationFilterChain.doFilter(ApplicationFilterChain.java:208)
	at org.springframework.web.filter.OncePerRequestFilter.doFilter(OncePerRequestFilter.java:101)
	at org.apache.catalina.core.ApplicationFilterChain.internalDoFilter(ApplicationFilterChain.java:241)
	at org.apache.catalina.core.ApplicationFilterChain.doFilter(ApplicationFilterChain.java:208)
	at org.springframework.web.filter.OncePerRequestFilter.doFilter(OncePerRequestFilter.java:101)
	at org.apache.catalina.core.ApplicationFilterChain.internalDoFilter(ApplicationFilterChain.java:241)
	at org.apache.catalina.core.ApplicationFilterChain.doFilter(ApplicationFilterChain.java:208)
	at org.springframework.web.filter.OncePerRequestFilter.doFilter(OncePerRequestFilter.java:101)
	at org.apache.catalina.core.ApplicationFilterChain.internalDoFilter(ApplicationFilterChain.java:241)
	at org.apache.catalina.core.ApplicationFilterChain.doFilter(ApplicationFilterChain.java:208)
	at org.apache.catalina.core.ApplicationDispatcher.invoke(ApplicationDispatcher.java:747)
	at org.apache.catalina.core.ApplicationDispatcher.processRequest(ApplicationDispatcher.java:485)
	at org.apache.catalina.core.ApplicationDispatcher.doForward(ApplicationDispatcher.java:410)
	at org.apache.catalina.core.ApplicationDispatcher.forward(ApplicationDispatcher.java:337)
	at org.codehaus.groovy.grails.web.mapping.UrlMappingUtils.forwardRequestForUrlMappingInfo(UrlMappingUtils.java:178)
	at org.codehaus.groovy.grails.web.mapping.UrlMappingUtils.forwardRequestForUrlMappingInfo(UrlMappingUtils.java:144)
	at org.codehaus.groovy.grails.web.mapping.UrlMappingUtils.forwardRequestForUrlMappingInfo(UrlMappingUtils.java:135)
	at org.codehaus.groovy.grails.web.mapping.filter.UrlMappingsFilter.doFilterInternal(UrlMappingsFilter.java:216)
	at org.springframework.web.filter.OncePerRequestFilter.doFilter(OncePerRequestFilter.java:107)
	at org.apache.catalina.core.ApplicationFilterChain.internalDoFilter(ApplicationFilterChain.java:241)
	at org.apache.catalina.core.ApplicationFilterChain.doFilter(ApplicationFilterChain.java:208)
	at org.codehaus.groovy.grails.web.servlet.mvc.GrailsWebRequestFilter.doFilterInternal(GrailsWebRequestFilter.java:69)
	at org.springframework.web.filter.OncePerRequestFilter.doFilter(OncePerRequestFilter.java:107)
	at org.apache.catalina.core.ApplicationFilterChain.internalDoFilter(ApplicationFilterChain.java:241)
	at org.apache.catalina.core.ApplicationFilterChain.doFilter(ApplicationFilterChain.java:208)
	at org.codehaus.groovy.grails.web.filters.HiddenHttpMethodFilter.doFilterInternal(HiddenHttpMethodFilter.java:67)
	at org.springframework.web.filter.OncePerRequestFilter.doFilter(OncePerRequestFilter.java:107)
	at org.apache.catalina.core.ApplicationFilterChain.internalDoFilter(ApplicationFilterChain.java:241)
	at org.apache.catalina.core.ApplicationFilterChain.doFilter(ApplicationFilterChain.java:208)
	at org.springframework.web.filter.CharacterEncodingFilter.doFilterInternal(CharacterEncodingFilter.java:85)
	at org.springframework.web.filter.OncePerRequestFilter.doFilter(OncePerRequestFilter.java:107)
	at org.springframework.web.filter.DelegatingFilterProxy.invokeDelegate(DelegatingFilterProxy.java:344)
	at org.springframework.web.filter.DelegatingFilterProxy.doFilter(DelegatingFilterProxy.java:261)
	at org.apache.catalina.core.ApplicationFilterChain.internalDoFilter(ApplicationFilterChain.java:241)
	at org.apache.catalina.core.ApplicationFilterChain.doFilter(ApplicationFilterChain.java:208)
	at org.apache.catalina.core.StandardWrapperValve.invoke(StandardWrapperValve.java:218)
	at org.apache.catalina.core.StandardContextValve.invoke(StandardContextValve.java:122)
	at org.apache.catalina.core.StandardHostValve.invoke(StandardHostValve.java:169)
	at org.apache.catalina.valves.ErrorReportValve.invoke(ErrorReportValve.java:103)
	at org.apache.catalina.core.StandardEngineValve.invoke(StandardEngineValve.java:116)
	at org.apache.catalina.connector.CoyoteAdapter.service(CoyoteAdapter.java:442)
	at org.apache.coyote.http11.AbstractHttp11Processor.process(AbstractHttp11Processor.java:1082)
	at org.apache.coyote.AbstractProtocol$AbstractConnectionHandler.process(AbstractProtocol.java:623)
	at org.apache.tomcat.util.net.JIoEndpoint$SocketProcessor.run(JIoEndpoint.java:318)
	at java.util.concurrent.ThreadPoolExecutor.runWorker(ThreadPoolExecutor.java:1149)
	at java.util.concurrent.ThreadPoolExecutor$Worker.run(ThreadPoolExecutor.java:624)
	at org.apache.tomcat.util.threads.TaskThread$WrappingRunnable.run(TaskThread.java:61)
	at java.lang.Thread.run(Thread.java:748)
Caused by: org.codehaus.groovy.grails.web.taglib.exceptions.GrailsTagException: Tag [else] cannot have non-whitespace characters directly preceding it.
	at org.codehaus.groovy.grails.web.pages.GroovyPageParser.startTag(GroovyPageParser.java:1119)
	at org.codehaus.groovy.grails.web.pages.GroovyPageParser.page(GroovyPageParser.java:831)
	at org.codehaus.groovy.grails.web.pages.GroovyPageParser.generateGsp(GroovyPageParser.java:393)
	at org.codehaus.groovy.grails.web.pages.GroovyPageParser.parse(GroovyPageParser.java:349)
	at org.codehaus.groovy.grails.web.pages.GroovyPagesTemplateEngine.buildPageMetaInfo(GroovyPagesTemplateEngine.java:596)
	at org.codehaus.groovy.grails.web.pages.GroovyPagesTemplateEngine.buildPageMetaInfo(GroovyPagesTemplateEngine.java:493)
	at org.codehaus.groovy.grails.web.pages.GroovyPagesTemplateEngine$GroovyPagesTemplateEngineCacheEntry.updateValue(GroovyPagesTemplateEngine.java:159)
	at org.codehaus.groovy.grails.web.pages.GroovyPagesTemplateEngine$GroovyPagesTemplateEngineCacheEntry.updateValue(GroovyPagesTemplateEngine.java:138)
	at grails.util.CacheEntry.getValue(CacheEntry.java:144)
	at grails.util.CacheEntry.getValue(CacheEntry.java:84)
	at org.codehaus.groovy.grails.web.pages.GroovyPagesTemplateEngine.createTemplate(GroovyPagesTemplateEngine.java:316)
	at org.codehaus.groovy.grails.web.pages.GroovyPagesTemplateEngine.createTemplate(GroovyPagesTemplateEngine.java:306)
	at org.codehaus.groovy.grails.web.pages.GroovyPagesTemplateEngine.createTemplate(GroovyPagesTemplateEngine.java:408)
	at org.codehaus.groovy.grails.web.pages.GroovyPagesTemplateEngine.createTemplateForUri(GroovyPagesTemplateEngine.java:380)
	at org.codehaus.groovy.grails.web.pages.GroovyPagesTemplateEngine.createTemplateForUri(GroovyPagesTemplateEngine.java:373)
	at org.codehaus.groovy.grails.web.pages.GroovyPagesTemplateEngine.createTemplate(GroovyPagesTemplateEngine.java:344)
	at org.codehaus.groovy.grails.web.servlet.view.GroovyPageView.createGroovyPageException(GroovyPageView.java:108)
	at org.codehaus.groovy.grails.web.servlet.view.GroovyPageView.handleException(GroovyPageView.java:104)
	at org.codehaus.groovy.grails.web.servlet.view.GroovyPageView.afterPropertiesSet(GroovyPageView.java:161)
	at org.codehaus.groovy.grails.web.servlet.view.GroovyPageViewResolver.createGroovyPageView(GroovyPageViewResolver.java:208)
	... 74 more
2025-05-16 16:00:27,392 [http-bio-8080-exec-14] ERROR StackTrace  - Full Stack Trace:
org.codehaus.groovy.grails.web.taglib.exceptions.GrailsTagException: Tag [else] cannot have non-whitespace characters directly preceding it.
	at org.codehaus.groovy.grails.web.pages.GroovyPageParser.startTag(GroovyPageParser.java:1119)
	at org.codehaus.groovy.grails.web.pages.GroovyPageParser.page(GroovyPageParser.java:831)
	at org.codehaus.groovy.grails.web.pages.GroovyPageParser.generateGsp(GroovyPageParser.java:393)
	at org.codehaus.groovy.grails.web.pages.GroovyPageParser.parse(GroovyPageParser.java:349)
	at org.codehaus.groovy.grails.web.pages.GroovyPagesTemplateEngine.buildPageMetaInfo(GroovyPagesTemplateEngine.java:596)
	at org.codehaus.groovy.grails.web.pages.GroovyPagesTemplateEngine.buildPageMetaInfo(GroovyPagesTemplateEngine.java:493)
	at org.codehaus.groovy.grails.web.pages.GroovyPagesTemplateEngine$GroovyPagesTemplateEngineCacheEntry.updateValue(GroovyPagesTemplateEngine.java:159)
	at org.codehaus.groovy.grails.web.pages.GroovyPagesTemplateEngine$GroovyPagesTemplateEngineCacheEntry.updateValue(GroovyPagesTemplateEngine.java:138)
	at grails.util.CacheEntry.getValue(CacheEntry.java:144)
	at grails.util.CacheEntry.getValue(CacheEntry.java:84)
	at org.codehaus.groovy.grails.web.pages.GroovyPagesTemplateEngine.createTemplate(GroovyPagesTemplateEngine.java:316)
	at org.codehaus.groovy.grails.web.pages.GroovyPagesTemplateEngine.createTemplate(GroovyPagesTemplateEngine.java:306)
	at org.codehaus.groovy.grails.web.pages.GroovyPagesTemplateEngine.createTemplate(GroovyPagesTemplateEngine.java:408)
	at org.codehaus.groovy.grails.web.pages.GroovyPagesTemplateEngine.createTemplateForUri(GroovyPagesTemplateEngine.java:380)
	at org.codehaus.groovy.grails.web.pages.GroovyPagesTemplateEngine.createTemplateForUri(GroovyPagesTemplateEngine.java:373)
	at org.codehaus.groovy.grails.web.pages.GroovyPagesTemplateEngine.createTemplate(GroovyPagesTemplateEngine.java:344)
	at org.codehaus.groovy.grails.web.servlet.view.GroovyPageView.createGroovyPageException(GroovyPageView.java:108)
	at org.codehaus.groovy.grails.web.servlet.view.GroovyPageView.handleException(GroovyPageView.java:104)
	at org.codehaus.groovy.grails.web.servlet.view.GroovyPageView.afterPropertiesSet(GroovyPageView.java:161)
	at org.codehaus.groovy.grails.web.servlet.view.GroovyPageViewResolver.createGroovyPageView(GroovyPageViewResolver.java:208)
	at org.codehaus.groovy.grails.web.servlet.view.GroovyPageViewResolver.createGrailsView(GroovyPageViewResolver.java:191)
	at org.codehaus.groovy.grails.web.servlet.view.GroovyPageViewResolver.loadView(GroovyPageViewResolver.java:96)
	at org.springframework.web.servlet.view.AbstractCachingViewResolver.createView(AbstractCachingViewResolver.java:244)
	at org.springframework.web.servlet.view.UrlBasedViewResolver.createView(UrlBasedViewResolver.java:446)
	at org.springframework.web.servlet.view.AbstractCachingViewResolver.resolveViewName(AbstractCachingViewResolver.java:146)
	at org.codehaus.groovy.grails.web.servlet.view.GroovyPageViewResolver.resolveViewName(GroovyPageViewResolver.java:85)
	at org.codehaus.groovy.grails.web.servlet.view.GrailsLayoutViewResolver.resolveViewName(GrailsLayoutViewResolver.java:50)
	at org.springframework.web.servlet.DispatcherServlet.resolveViewName(DispatcherServlet.java:1282)
	at org.springframework.web.servlet.DispatcherServlet.render(DispatcherServlet.java:1223)
	at org.codehaus.groovy.grails.web.servlet.GrailsDispatcherServlet.doDispatch(GrailsDispatcherServlet.java:388)
	at org.springframework.web.servlet.DispatcherServlet.doService(DispatcherServlet.java:893)
	at org.springframework.web.servlet.FrameworkServlet.processRequest(FrameworkServlet.java:965)
	at org.springframework.web.servlet.FrameworkServlet.doGet(FrameworkServlet.java:856)
	at javax.servlet.http.HttpServlet.service(HttpServlet.java:624)
	at org.springframework.web.servlet.FrameworkServlet.service(FrameworkServlet.java:841)
	at javax.servlet.http.HttpServlet.service(HttpServlet.java:731)
	at org.apache.catalina.core.ApplicationFilterChain.internalDoFilter(ApplicationFilterChain.java:303)
	at org.apache.catalina.core.ApplicationFilterChain.doFilter(ApplicationFilterChain.java:208)
	at org.apache.tomcat.websocket.server.WsFilter.doFilter(WsFilter.java:52)
	at org.apache.catalina.core.ApplicationFilterChain.internalDoFilter(ApplicationFilterChain.java:241)
	at org.apache.catalina.core.ApplicationFilterChain.doFilter(ApplicationFilterChain.java:208)
	at grails.plugin.cache.web.filter.PageFragmentCachingFilter.doFilter(PageFragmentCachingFilter.java:198)
	at grails.plugin.cache.web.filter.AbstractFilter.doFilter(AbstractFilter.java:63)
	at org.springframework.web.filter.DelegatingFilterProxy.invokeDelegate(DelegatingFilterProxy.java:344)
	at org.springframework.web.filter.DelegatingFilterProxy.doFilter(DelegatingFilterProxy.java:261)
	at org.apache.catalina.core.ApplicationFilterChain.internalDoFilter(ApplicationFilterChain.java:241)
	at org.apache.catalina.core.ApplicationFilterChain.doFilter(ApplicationFilterChain.java:208)
	at org.springframework.web.filter.OncePerRequestFilter.doFilter(OncePerRequestFilter.java:101)
	at org.apache.catalina.core.ApplicationFilterChain.internalDoFilter(ApplicationFilterChain.java:241)
	at org.apache.catalina.core.ApplicationFilterChain.doFilter(ApplicationFilterChain.java:208)
	at org.springframework.web.filter.OncePerRequestFilter.doFilter(OncePerRequestFilter.java:101)
	at org.apache.catalina.core.ApplicationFilterChain.internalDoFilter(ApplicationFilterChain.java:241)
	at org.apache.catalina.core.ApplicationFilterChain.doFilter(ApplicationFilterChain.java:208)
	at org.springframework.web.filter.OncePerRequestFilter.doFilter(OncePerRequestFilter.java:101)
	at org.apache.catalina.core.ApplicationFilterChain.internalDoFilter(ApplicationFilterChain.java:241)
	at org.apache.catalina.core.ApplicationFilterChain.doFilter(ApplicationFilterChain.java:208)
	at org.apache.catalina.core.ApplicationDispatcher.invoke(ApplicationDispatcher.java:747)
	at org.apache.catalina.core.ApplicationDispatcher.processRequest(ApplicationDispatcher.java:485)
	at org.apache.catalina.core.ApplicationDispatcher.doForward(ApplicationDispatcher.java:410)
	at org.apache.catalina.core.ApplicationDispatcher.forward(ApplicationDispatcher.java:337)
	at org.codehaus.groovy.grails.web.mapping.UrlMappingUtils.forwardRequestForUrlMappingInfo(UrlMappingUtils.java:178)
	at org.codehaus.groovy.grails.web.mapping.UrlMappingUtils.forwardRequestForUrlMappingInfo(UrlMappingUtils.java:144)
	at org.codehaus.groovy.grails.web.mapping.UrlMappingUtils.forwardRequestForUrlMappingInfo(UrlMappingUtils.java:135)
	at org.codehaus.groovy.grails.web.mapping.filter.UrlMappingsFilter.doFilterInternal(UrlMappingsFilter.java:216)
	at org.springframework.web.filter.OncePerRequestFilter.doFilter(OncePerRequestFilter.java:107)
	at org.apache.catalina.core.ApplicationFilterChain.internalDoFilter(ApplicationFilterChain.java:241)
	at org.apache.catalina.core.ApplicationFilterChain.doFilter(ApplicationFilterChain.java:208)
	at org.codehaus.groovy.grails.web.servlet.mvc.GrailsWebRequestFilter.doFilterInternal(GrailsWebRequestFilter.java:69)
	at org.springframework.web.filter.OncePerRequestFilter.doFilter(OncePerRequestFilter.java:107)
	at org.apache.catalina.core.ApplicationFilterChain.internalDoFilter(ApplicationFilterChain.java:241)
	at org.apache.catalina.core.ApplicationFilterChain.doFilter(ApplicationFilterChain.java:208)
	at org.codehaus.groovy.grails.web.filters.HiddenHttpMethodFilter.doFilterInternal(HiddenHttpMethodFilter.java:67)
	at org.springframework.web.filter.OncePerRequestFilter.doFilter(OncePerRequestFilter.java:107)
	at org.apache.catalina.core.ApplicationFilterChain.internalDoFilter(ApplicationFilterChain.java:241)
	at org.apache.catalina.core.ApplicationFilterChain.doFilter(ApplicationFilterChain.java:208)
	at org.springframework.web.filter.CharacterEncodingFilter.doFilterInternal(CharacterEncodingFilter.java:85)
	at org.springframework.web.filter.OncePerRequestFilter.doFilter(OncePerRequestFilter.java:107)
	at org.springframework.web.filter.DelegatingFilterProxy.invokeDelegate(DelegatingFilterProxy.java:344)
	at org.springframework.web.filter.DelegatingFilterProxy.doFilter(DelegatingFilterProxy.java:261)
	at org.apache.catalina.core.ApplicationFilterChain.internalDoFilter(ApplicationFilterChain.java:241)
	at org.apache.catalina.core.ApplicationFilterChain.doFilter(ApplicationFilterChain.java:208)
	at org.apache.catalina.core.StandardWrapperValve.invoke(StandardWrapperValve.java:218)
	at org.apache.catalina.core.StandardContextValve.invoke(StandardContextValve.java:122)
	at org.apache.catalina.core.StandardHostValve.invoke(StandardHostValve.java:169)
	at org.apache.catalina.valves.ErrorReportValve.invoke(ErrorReportValve.java:103)
	at org.apache.catalina.core.StandardEngineValve.invoke(StandardEngineValve.java:116)
	at org.apache.catalina.connector.CoyoteAdapter.service(CoyoteAdapter.java:442)
	at org.apache.coyote.http11.AbstractHttp11Processor.process(AbstractHttp11Processor.java:1082)
	at org.apache.coyote.AbstractProtocol$AbstractConnectionHandler.process(AbstractProtocol.java:623)
	at org.apache.tomcat.util.net.JIoEndpoint$SocketProcessor.run(JIoEndpoint.java:318)
	at java.util.concurrent.ThreadPoolExecutor.runWorker(ThreadPoolExecutor.java:1149)
	at java.util.concurrent.ThreadPoolExecutor$Worker.run(ThreadPoolExecutor.java:624)
	at org.apache.tomcat.util.threads.TaskThread$WrappingRunnable.run(TaskThread.java:61)
	at java.lang.Thread.run(Thread.java:748)
2025-05-16 16:00:27,392 [http-bio-8080-exec-14] ERROR StackTrace  - Full Stack Trace:
java.lang.RuntimeException: Error initializing GroovyPageView
	at grails.plugin.cache.web.filter.PageFragmentCachingFilter.doFilter(PageFragmentCachingFilter.java:198)
	at grails.plugin.cache.web.filter.AbstractFilter.doFilter(AbstractFilter.java:63)
	at java.util.concurrent.ThreadPoolExecutor.runWorker(ThreadPoolExecutor.java:1149)
	at java.util.concurrent.ThreadPoolExecutor$Worker.run(ThreadPoolExecutor.java:624)
	at java.lang.Thread.run(Thread.java:748)
Caused by: org.codehaus.groovy.grails.web.taglib.exceptions.GrailsTagException: Tag [else] cannot have non-whitespace characters directly preceding it.
	at grails.util.CacheEntry.getValue(CacheEntry.java:144)
	at grails.util.CacheEntry.getValue(CacheEntry.java:84)
	... 5 more
2025-05-16 16:00:27,393 [http-bio-8080-exec-14] ERROR StackTrace  - Full Stack Trace:
java.lang.RuntimeException: Error initializing GroovyPageView
	at grails.plugin.cache.web.filter.PageFragmentCachingFilter.doFilter(PageFragmentCachingFilter.java:198)
	at grails.plugin.cache.web.filter.AbstractFilter.doFilter(AbstractFilter.java:63)
	at java.util.concurrent.ThreadPoolExecutor.runWorker(ThreadPoolExecutor.java:1149)
	at java.util.concurrent.ThreadPoolExecutor$Worker.run(ThreadPoolExecutor.java:624)
	at java.lang.Thread.run(Thread.java:748)
Caused by: org.codehaus.groovy.grails.web.taglib.exceptions.GrailsTagException: Tag [else] cannot have non-whitespace characters directly preceding it.
	at grails.util.CacheEntry.getValue(CacheEntry.java:144)
	at grails.util.CacheEntry.getValue(CacheEntry.java:84)
	... 5 more
2025-05-16 16:00:27,393 [http-bio-8080-exec-14] ERROR StackTrace  - Full Stack Trace:
org.codehaus.groovy.grails.web.taglib.exceptions.GrailsTagException: Tag [else] cannot have non-whitespace characters directly preceding it.
	at grails.util.CacheEntry.getValue(CacheEntry.java:144)
	at grails.util.CacheEntry.getValue(CacheEntry.java:84)
	at grails.plugin.cache.web.filter.PageFragmentCachingFilter.doFilter(PageFragmentCachingFilter.java:198)
	at grails.plugin.cache.web.filter.AbstractFilter.doFilter(AbstractFilter.java:63)
	at java.util.concurrent.ThreadPoolExecutor.runWorker(ThreadPoolExecutor.java:1149)
	at java.util.concurrent.ThreadPoolExecutor$Worker.run(ThreadPoolExecutor.java:624)
	at java.lang.Thread.run(Thread.java:748)
2025-05-16 16:00:27,393 [http-bio-8080-exec-14] ERROR StackTrace  - Full Stack Trace:
java.lang.RuntimeException: Error initializing GroovyPageView
	at grails.plugin.cache.web.filter.PageFragmentCachingFilter.doFilter(PageFragmentCachingFilter.java:198)
	at grails.plugin.cache.web.filter.AbstractFilter.doFilter(AbstractFilter.java:63)
	at java.util.concurrent.ThreadPoolExecutor.runWorker(ThreadPoolExecutor.java:1149)
	at java.util.concurrent.ThreadPoolExecutor$Worker.run(ThreadPoolExecutor.java:624)
	at java.lang.Thread.run(Thread.java:748)
Caused by: org.codehaus.groovy.grails.web.taglib.exceptions.GrailsTagException: Tag [else] cannot have non-whitespace characters directly preceding it.
	at grails.util.CacheEntry.getValue(CacheEntry.java:144)
	at grails.util.CacheEntry.getValue(CacheEntry.java:84)
	... 5 more
2025-05-16 16:00:27,393 [http-bio-8080-exec-14] ERROR StackTrace  - Full Stack Trace:
java.lang.RuntimeException: Error initializing GroovyPageView
	at grails.plugin.cache.web.filter.PageFragmentCachingFilter.doFilter(PageFragmentCachingFilter.java:198)
	at grails.plugin.cache.web.filter.AbstractFilter.doFilter(AbstractFilter.java:63)
	at java.util.concurrent.ThreadPoolExecutor.runWorker(ThreadPoolExecutor.java:1149)
	at java.util.concurrent.ThreadPoolExecutor$Worker.run(ThreadPoolExecutor.java:624)
	at java.lang.Thread.run(Thread.java:748)
Caused by: org.codehaus.groovy.grails.web.taglib.exceptions.GrailsTagException: Tag [else] cannot have non-whitespace characters directly preceding it.
	at grails.util.CacheEntry.getValue(CacheEntry.java:144)
	at grails.util.CacheEntry.getValue(CacheEntry.java:84)
	... 5 more
2025-05-16 16:00:27,393 [http-bio-8080-exec-14] ERROR StackTrace  - Full Stack Trace:
org.codehaus.groovy.grails.web.taglib.exceptions.GrailsTagException: Tag [else] cannot have non-whitespace characters directly preceding it.
	at grails.util.CacheEntry.getValue(CacheEntry.java:144)
	at grails.util.CacheEntry.getValue(CacheEntry.java:84)
	at grails.plugin.cache.web.filter.PageFragmentCachingFilter.doFilter(PageFragmentCachingFilter.java:198)
	at grails.plugin.cache.web.filter.AbstractFilter.doFilter(AbstractFilter.java:63)
	at java.util.concurrent.ThreadPoolExecutor.runWorker(ThreadPoolExecutor.java:1149)
	at java.util.concurrent.ThreadPoolExecutor$Worker.run(ThreadPoolExecutor.java:624)
	at java.lang.Thread.run(Thread.java:748)
2025-05-16 16:00:27,393 [http-bio-8080-exec-14] ERROR StackTrace  - Full Stack Trace:
java.lang.RuntimeException: Error initializing GroovyPageView
	at grails.plugin.cache.web.filter.PageFragmentCachingFilter.doFilter(PageFragmentCachingFilter.java:198)
	at grails.plugin.cache.web.filter.AbstractFilter.doFilter(AbstractFilter.java:63)
	at java.util.concurrent.ThreadPoolExecutor.runWorker(ThreadPoolExecutor.java:1149)
	at java.util.concurrent.ThreadPoolExecutor$Worker.run(ThreadPoolExecutor.java:624)
	at java.lang.Thread.run(Thread.java:748)
Caused by: org.codehaus.groovy.grails.web.taglib.exceptions.GrailsTagException: Tag [else] cannot have non-whitespace characters directly preceding it.
	at grails.util.CacheEntry.getValue(CacheEntry.java:144)
	at grails.util.CacheEntry.getValue(CacheEntry.java:84)
	... 5 more
2025-05-16 16:10:46,755 [http-bio-8080-exec-34] ERROR StackTrace  - Full Stack Trace:
java.lang.RuntimeException: Error initializing GroovyPageView
	at org.codehaus.groovy.grails.web.servlet.view.GroovyPageViewResolver.createGroovyPageView(GroovyPageViewResolver.java:210)
	at org.codehaus.groovy.grails.web.servlet.view.GroovyPageViewResolver.createGrailsView(GroovyPageViewResolver.java:191)
	at org.codehaus.groovy.grails.web.servlet.view.GroovyPageViewResolver.loadView(GroovyPageViewResolver.java:96)
	at org.springframework.web.servlet.view.AbstractCachingViewResolver.createView(AbstractCachingViewResolver.java:244)
	at org.springframework.web.servlet.view.UrlBasedViewResolver.createView(UrlBasedViewResolver.java:446)
	at org.springframework.web.servlet.view.AbstractCachingViewResolver.resolveViewName(AbstractCachingViewResolver.java:146)
	at org.codehaus.groovy.grails.web.servlet.view.GroovyPageViewResolver.resolveViewName(GroovyPageViewResolver.java:85)
	at org.codehaus.groovy.grails.web.servlet.view.GrailsLayoutViewResolver.resolveViewName(GrailsLayoutViewResolver.java:50)
	at org.springframework.web.servlet.DispatcherServlet.resolveViewName(DispatcherServlet.java:1282)
	at org.springframework.web.servlet.DispatcherServlet.render(DispatcherServlet.java:1223)
	at org.codehaus.groovy.grails.web.servlet.GrailsDispatcherServlet.doDispatch(GrailsDispatcherServlet.java:388)
	at org.springframework.web.servlet.DispatcherServlet.doService(DispatcherServlet.java:893)
	at org.springframework.web.servlet.FrameworkServlet.processRequest(FrameworkServlet.java:965)
	at org.springframework.web.servlet.FrameworkServlet.doGet(FrameworkServlet.java:856)
	at javax.servlet.http.HttpServlet.service(HttpServlet.java:624)
	at org.springframework.web.servlet.FrameworkServlet.service(FrameworkServlet.java:841)
	at javax.servlet.http.HttpServlet.service(HttpServlet.java:731)
	at org.apache.catalina.core.ApplicationFilterChain.internalDoFilter(ApplicationFilterChain.java:303)
	at org.apache.catalina.core.ApplicationFilterChain.doFilter(ApplicationFilterChain.java:208)
	at org.apache.tomcat.websocket.server.WsFilter.doFilter(WsFilter.java:52)
	at org.apache.catalina.core.ApplicationFilterChain.internalDoFilter(ApplicationFilterChain.java:241)
	at org.apache.catalina.core.ApplicationFilterChain.doFilter(ApplicationFilterChain.java:208)
	at grails.plugin.cache.web.filter.PageFragmentCachingFilter.doFilter(PageFragmentCachingFilter.java:198)
	at grails.plugin.cache.web.filter.AbstractFilter.doFilter(AbstractFilter.java:63)
	at org.springframework.web.filter.DelegatingFilterProxy.invokeDelegate(DelegatingFilterProxy.java:344)
	at org.springframework.web.filter.DelegatingFilterProxy.doFilter(DelegatingFilterProxy.java:261)
	at org.apache.catalina.core.ApplicationFilterChain.internalDoFilter(ApplicationFilterChain.java:241)
	at org.apache.catalina.core.ApplicationFilterChain.doFilter(ApplicationFilterChain.java:208)
	at org.springframework.web.filter.OncePerRequestFilter.doFilter(OncePerRequestFilter.java:101)
	at org.apache.catalina.core.ApplicationFilterChain.internalDoFilter(ApplicationFilterChain.java:241)
	at org.apache.catalina.core.ApplicationFilterChain.doFilter(ApplicationFilterChain.java:208)
	at org.springframework.web.filter.OncePerRequestFilter.doFilter(OncePerRequestFilter.java:101)
	at org.apache.catalina.core.ApplicationFilterChain.internalDoFilter(ApplicationFilterChain.java:241)
	at org.apache.catalina.core.ApplicationFilterChain.doFilter(ApplicationFilterChain.java:208)
	at org.springframework.web.filter.OncePerRequestFilter.doFilter(OncePerRequestFilter.java:101)
	at org.apache.catalina.core.ApplicationFilterChain.internalDoFilter(ApplicationFilterChain.java:241)
	at org.apache.catalina.core.ApplicationFilterChain.doFilter(ApplicationFilterChain.java:208)
	at org.apache.catalina.core.ApplicationDispatcher.invoke(ApplicationDispatcher.java:747)
	at org.apache.catalina.core.ApplicationDispatcher.processRequest(ApplicationDispatcher.java:485)
	at org.apache.catalina.core.ApplicationDispatcher.doForward(ApplicationDispatcher.java:410)
	at org.apache.catalina.core.ApplicationDispatcher.forward(ApplicationDispatcher.java:337)
	at org.codehaus.groovy.grails.web.mapping.UrlMappingUtils.forwardRequestForUrlMappingInfo(UrlMappingUtils.java:178)
	at org.codehaus.groovy.grails.web.mapping.UrlMappingUtils.forwardRequestForUrlMappingInfo(UrlMappingUtils.java:144)
	at org.codehaus.groovy.grails.web.mapping.UrlMappingUtils.forwardRequestForUrlMappingInfo(UrlMappingUtils.java:135)
	at org.codehaus.groovy.grails.web.mapping.filter.UrlMappingsFilter.doFilterInternal(UrlMappingsFilter.java:216)
	at org.springframework.web.filter.OncePerRequestFilter.doFilter(OncePerRequestFilter.java:107)
	at org.apache.catalina.core.ApplicationFilterChain.internalDoFilter(ApplicationFilterChain.java:241)
	at org.apache.catalina.core.ApplicationFilterChain.doFilter(ApplicationFilterChain.java:208)
	at org.codehaus.groovy.grails.web.servlet.mvc.GrailsWebRequestFilter.doFilterInternal(GrailsWebRequestFilter.java:69)
	at org.springframework.web.filter.OncePerRequestFilter.doFilter(OncePerRequestFilter.java:107)
	at org.apache.catalina.core.ApplicationFilterChain.internalDoFilter(ApplicationFilterChain.java:241)
	at org.apache.catalina.core.ApplicationFilterChain.doFilter(ApplicationFilterChain.java:208)
	at org.codehaus.groovy.grails.web.filters.HiddenHttpMethodFilter.doFilterInternal(HiddenHttpMethodFilter.java:67)
	at org.springframework.web.filter.OncePerRequestFilter.doFilter(OncePerRequestFilter.java:107)
	at org.apache.catalina.core.ApplicationFilterChain.internalDoFilter(ApplicationFilterChain.java:241)
	at org.apache.catalina.core.ApplicationFilterChain.doFilter(ApplicationFilterChain.java:208)
	at org.springframework.web.filter.CharacterEncodingFilter.doFilterInternal(CharacterEncodingFilter.java:85)
	at org.springframework.web.filter.OncePerRequestFilter.doFilter(OncePerRequestFilter.java:107)
	at org.springframework.web.filter.DelegatingFilterProxy.invokeDelegate(DelegatingFilterProxy.java:344)
	at org.springframework.web.filter.DelegatingFilterProxy.doFilter(DelegatingFilterProxy.java:261)
	at org.apache.catalina.core.ApplicationFilterChain.internalDoFilter(ApplicationFilterChain.java:241)
	at org.apache.catalina.core.ApplicationFilterChain.doFilter(ApplicationFilterChain.java:208)
	at org.apache.catalina.core.StandardWrapperValve.invoke(StandardWrapperValve.java:218)
	at org.apache.catalina.core.StandardContextValve.invoke(StandardContextValve.java:122)
	at org.apache.catalina.core.StandardHostValve.invoke(StandardHostValve.java:169)
	at org.apache.catalina.valves.ErrorReportValve.invoke(ErrorReportValve.java:103)
	at org.apache.catalina.core.StandardEngineValve.invoke(StandardEngineValve.java:116)
	at org.apache.catalina.connector.CoyoteAdapter.service(CoyoteAdapter.java:442)
	at org.apache.coyote.http11.AbstractHttp11Processor.process(AbstractHttp11Processor.java:1082)
	at org.apache.coyote.AbstractProtocol$AbstractConnectionHandler.process(AbstractProtocol.java:623)
	at org.apache.tomcat.util.net.JIoEndpoint$SocketProcessor.run(JIoEndpoint.java:318)
	at java.util.concurrent.ThreadPoolExecutor.runWorker(ThreadPoolExecutor.java:1149)
	at java.util.concurrent.ThreadPoolExecutor$Worker.run(ThreadPoolExecutor.java:624)
	at org.apache.tomcat.util.threads.TaskThread$WrappingRunnable.run(TaskThread.java:61)
	at java.lang.Thread.run(Thread.java:748)
Caused by: org.codehaus.groovy.grails.web.taglib.exceptions.GrailsTagException: Expecting '=' after attribute name (code="tekEvent.venue.label" default="Volunters" </span).
	at org.codehaus.groovy.grails.web.pages.GroovyPageParser.populateMapWithAttributes(GroovyPageParser.java:1197)
	at org.codehaus.groovy.grails.web.pages.GroovyPageParser.startTag(GroovyPageParser.java:1079)
	at org.codehaus.groovy.grails.web.pages.GroovyPageParser.page(GroovyPageParser.java:831)
	at org.codehaus.groovy.grails.web.pages.GroovyPageParser.generateGsp(GroovyPageParser.java:393)
	at org.codehaus.groovy.grails.web.pages.GroovyPageParser.parse(GroovyPageParser.java:349)
	at org.codehaus.groovy.grails.web.pages.GroovyPagesTemplateEngine.buildPageMetaInfo(GroovyPagesTemplateEngine.java:596)
	at org.codehaus.groovy.grails.web.pages.GroovyPagesTemplateEngine.buildPageMetaInfo(GroovyPagesTemplateEngine.java:493)
	at org.codehaus.groovy.grails.web.pages.GroovyPagesTemplateEngine$GroovyPagesTemplateEngineCacheEntry.updateValue(GroovyPagesTemplateEngine.java:159)
	at org.codehaus.groovy.grails.web.pages.GroovyPagesTemplateEngine$GroovyPagesTemplateEngineCacheEntry.updateValue(GroovyPagesTemplateEngine.java:138)
	at grails.util.CacheEntry.getValue(CacheEntry.java:144)
	at grails.util.CacheEntry.getValue(CacheEntry.java:84)
	at org.codehaus.groovy.grails.web.pages.GroovyPagesTemplateEngine.createTemplate(GroovyPagesTemplateEngine.java:316)
	at org.codehaus.groovy.grails.web.pages.GroovyPagesTemplateEngine.createTemplate(GroovyPagesTemplateEngine.java:306)
	at org.codehaus.groovy.grails.web.pages.GroovyPagesTemplateEngine.createTemplate(GroovyPagesTemplateEngine.java:408)
	at org.codehaus.groovy.grails.web.pages.GroovyPagesTemplateEngine.createTemplateForUri(GroovyPagesTemplateEngine.java:380)
	at org.codehaus.groovy.grails.web.pages.GroovyPagesTemplateEngine.createTemplateForUri(GroovyPagesTemplateEngine.java:373)
	at org.codehaus.groovy.grails.web.pages.GroovyPagesTemplateEngine.createTemplate(GroovyPagesTemplateEngine.java:344)
	at org.codehaus.groovy.grails.web.servlet.view.GroovyPageView.createGroovyPageException(GroovyPageView.java:108)
	at org.codehaus.groovy.grails.web.servlet.view.GroovyPageView.handleException(GroovyPageView.java:104)
	at org.codehaus.groovy.grails.web.servlet.view.GroovyPageView.afterPropertiesSet(GroovyPageView.java:161)
	at org.codehaus.groovy.grails.web.servlet.view.GroovyPageViewResolver.createGroovyPageView(GroovyPageViewResolver.java:208)
	... 74 more
2025-05-16 16:10:46,756 [http-bio-8080-exec-34] ERROR StackTrace  - Full Stack Trace:
org.codehaus.groovy.grails.web.taglib.exceptions.GrailsTagException: Expecting '=' after attribute name (code="tekEvent.venue.label" default="Volunters" </span).
	at org.codehaus.groovy.grails.web.pages.GroovyPageParser.populateMapWithAttributes(GroovyPageParser.java:1197)
	at org.codehaus.groovy.grails.web.pages.GroovyPageParser.startTag(GroovyPageParser.java:1079)
	at org.codehaus.groovy.grails.web.pages.GroovyPageParser.page(GroovyPageParser.java:831)
	at org.codehaus.groovy.grails.web.pages.GroovyPageParser.generateGsp(GroovyPageParser.java:393)
	at org.codehaus.groovy.grails.web.pages.GroovyPageParser.parse(GroovyPageParser.java:349)
	at org.codehaus.groovy.grails.web.pages.GroovyPagesTemplateEngine.buildPageMetaInfo(GroovyPagesTemplateEngine.java:596)
	at org.codehaus.groovy.grails.web.pages.GroovyPagesTemplateEngine.buildPageMetaInfo(GroovyPagesTemplateEngine.java:493)
	at org.codehaus.groovy.grails.web.pages.GroovyPagesTemplateEngine$GroovyPagesTemplateEngineCacheEntry.updateValue(GroovyPagesTemplateEngine.java:159)
	at org.codehaus.groovy.grails.web.pages.GroovyPagesTemplateEngine$GroovyPagesTemplateEngineCacheEntry.updateValue(GroovyPagesTemplateEngine.java:138)
	at grails.util.CacheEntry.getValue(CacheEntry.java:144)
	at grails.util.CacheEntry.getValue(CacheEntry.java:84)
	at org.codehaus.groovy.grails.web.pages.GroovyPagesTemplateEngine.createTemplate(GroovyPagesTemplateEngine.java:316)
	at org.codehaus.groovy.grails.web.pages.GroovyPagesTemplateEngine.createTemplate(GroovyPagesTemplateEngine.java:306)
	at org.codehaus.groovy.grails.web.pages.GroovyPagesTemplateEngine.createTemplate(GroovyPagesTemplateEngine.java:408)
	at org.codehaus.groovy.grails.web.pages.GroovyPagesTemplateEngine.createTemplateForUri(GroovyPagesTemplateEngine.java:380)
	at org.codehaus.groovy.grails.web.pages.GroovyPagesTemplateEngine.createTemplateForUri(GroovyPagesTemplateEngine.java:373)
	at org.codehaus.groovy.grails.web.pages.GroovyPagesTemplateEngine.createTemplate(GroovyPagesTemplateEngine.java:344)
	at org.codehaus.groovy.grails.web.servlet.view.GroovyPageView.createGroovyPageException(GroovyPageView.java:108)
	at org.codehaus.groovy.grails.web.servlet.view.GroovyPageView.handleException(GroovyPageView.java:104)
	at org.codehaus.groovy.grails.web.servlet.view.GroovyPageView.afterPropertiesSet(GroovyPageView.java:161)
	at org.codehaus.groovy.grails.web.servlet.view.GroovyPageViewResolver.createGroovyPageView(GroovyPageViewResolver.java:208)
	at org.codehaus.groovy.grails.web.servlet.view.GroovyPageViewResolver.createGrailsView(GroovyPageViewResolver.java:191)
	at org.codehaus.groovy.grails.web.servlet.view.GroovyPageViewResolver.loadView(GroovyPageViewResolver.java:96)
	at org.springframework.web.servlet.view.AbstractCachingViewResolver.createView(AbstractCachingViewResolver.java:244)
	at org.springframework.web.servlet.view.UrlBasedViewResolver.createView(UrlBasedViewResolver.java:446)
	at org.springframework.web.servlet.view.AbstractCachingViewResolver.resolveViewName(AbstractCachingViewResolver.java:146)
	at org.codehaus.groovy.grails.web.servlet.view.GroovyPageViewResolver.resolveViewName(GroovyPageViewResolver.java:85)
	at org.codehaus.groovy.grails.web.servlet.view.GrailsLayoutViewResolver.resolveViewName(GrailsLayoutViewResolver.java:50)
	at org.springframework.web.servlet.DispatcherServlet.resolveViewName(DispatcherServlet.java:1282)
	at org.springframework.web.servlet.DispatcherServlet.render(DispatcherServlet.java:1223)
	at org.codehaus.groovy.grails.web.servlet.GrailsDispatcherServlet.doDispatch(GrailsDispatcherServlet.java:388)
	at org.springframework.web.servlet.DispatcherServlet.doService(DispatcherServlet.java:893)
	at org.springframework.web.servlet.FrameworkServlet.processRequest(FrameworkServlet.java:965)
	at org.springframework.web.servlet.FrameworkServlet.doGet(FrameworkServlet.java:856)
	at javax.servlet.http.HttpServlet.service(HttpServlet.java:624)
	at org.springframework.web.servlet.FrameworkServlet.service(FrameworkServlet.java:841)
	at javax.servlet.http.HttpServlet.service(HttpServlet.java:731)
	at org.apache.catalina.core.ApplicationFilterChain.internalDoFilter(ApplicationFilterChain.java:303)
	at org.apache.catalina.core.ApplicationFilterChain.doFilter(ApplicationFilterChain.java:208)
	at org.apache.tomcat.websocket.server.WsFilter.doFilter(WsFilter.java:52)
	at org.apache.catalina.core.ApplicationFilterChain.internalDoFilter(ApplicationFilterChain.java:241)
	at org.apache.catalina.core.ApplicationFilterChain.doFilter(ApplicationFilterChain.java:208)
	at grails.plugin.cache.web.filter.PageFragmentCachingFilter.doFilter(PageFragmentCachingFilter.java:198)
	at grails.plugin.cache.web.filter.AbstractFilter.doFilter(AbstractFilter.java:63)
	at org.springframework.web.filter.DelegatingFilterProxy.invokeDelegate(DelegatingFilterProxy.java:344)
	at org.springframework.web.filter.DelegatingFilterProxy.doFilter(DelegatingFilterProxy.java:261)
	at org.apache.catalina.core.ApplicationFilterChain.internalDoFilter(ApplicationFilterChain.java:241)
	at org.apache.catalina.core.ApplicationFilterChain.doFilter(ApplicationFilterChain.java:208)
	at org.springframework.web.filter.OncePerRequestFilter.doFilter(OncePerRequestFilter.java:101)
	at org.apache.catalina.core.ApplicationFilterChain.internalDoFilter(ApplicationFilterChain.java:241)
	at org.apache.catalina.core.ApplicationFilterChain.doFilter(ApplicationFilterChain.java:208)
	at org.springframework.web.filter.OncePerRequestFilter.doFilter(OncePerRequestFilter.java:101)
	at org.apache.catalina.core.ApplicationFilterChain.internalDoFilter(ApplicationFilterChain.java:241)
	at org.apache.catalina.core.ApplicationFilterChain.doFilter(ApplicationFilterChain.java:208)
	at org.springframework.web.filter.OncePerRequestFilter.doFilter(OncePerRequestFilter.java:101)
	at org.apache.catalina.core.ApplicationFilterChain.internalDoFilter(ApplicationFilterChain.java:241)
	at org.apache.catalina.core.ApplicationFilterChain.doFilter(ApplicationFilterChain.java:208)
	at org.apache.catalina.core.ApplicationDispatcher.invoke(ApplicationDispatcher.java:747)
	at org.apache.catalina.core.ApplicationDispatcher.processRequest(ApplicationDispatcher.java:485)
	at org.apache.catalina.core.ApplicationDispatcher.doForward(ApplicationDispatcher.java:410)
	at org.apache.catalina.core.ApplicationDispatcher.forward(ApplicationDispatcher.java:337)
	at org.codehaus.groovy.grails.web.mapping.UrlMappingUtils.forwardRequestForUrlMappingInfo(UrlMappingUtils.java:178)
	at org.codehaus.groovy.grails.web.mapping.UrlMappingUtils.forwardRequestForUrlMappingInfo(UrlMappingUtils.java:144)
	at org.codehaus.groovy.grails.web.mapping.UrlMappingUtils.forwardRequestForUrlMappingInfo(UrlMappingUtils.java:135)
	at org.codehaus.groovy.grails.web.mapping.filter.UrlMappingsFilter.doFilterInternal(UrlMappingsFilter.java:216)
	at org.springframework.web.filter.OncePerRequestFilter.doFilter(OncePerRequestFilter.java:107)
	at org.apache.catalina.core.ApplicationFilterChain.internalDoFilter(ApplicationFilterChain.java:241)
	at org.apache.catalina.core.ApplicationFilterChain.doFilter(ApplicationFilterChain.java:208)
	at org.codehaus.groovy.grails.web.servlet.mvc.GrailsWebRequestFilter.doFilterInternal(GrailsWebRequestFilter.java:69)
	at org.springframework.web.filter.OncePerRequestFilter.doFilter(OncePerRequestFilter.java:107)
	at org.apache.catalina.core.ApplicationFilterChain.internalDoFilter(ApplicationFilterChain.java:241)
	at org.apache.catalina.core.ApplicationFilterChain.doFilter(ApplicationFilterChain.java:208)
	at org.codehaus.groovy.grails.web.filters.HiddenHttpMethodFilter.doFilterInternal(HiddenHttpMethodFilter.java:67)
	at org.springframework.web.filter.OncePerRequestFilter.doFilter(OncePerRequestFilter.java:107)
	at org.apache.catalina.core.ApplicationFilterChain.internalDoFilter(ApplicationFilterChain.java:241)
	at org.apache.catalina.core.ApplicationFilterChain.doFilter(ApplicationFilterChain.java:208)
	at org.springframework.web.filter.CharacterEncodingFilter.doFilterInternal(CharacterEncodingFilter.java:85)
	at org.springframework.web.filter.OncePerRequestFilter.doFilter(OncePerRequestFilter.java:107)
	at org.springframework.web.filter.DelegatingFilterProxy.invokeDelegate(DelegatingFilterProxy.java:344)
	at org.springframework.web.filter.DelegatingFilterProxy.doFilter(DelegatingFilterProxy.java:261)
	at org.apache.catalina.core.ApplicationFilterChain.internalDoFilter(ApplicationFilterChain.java:241)
	at org.apache.catalina.core.ApplicationFilterChain.doFilter(ApplicationFilterChain.java:208)
	at org.apache.catalina.core.StandardWrapperValve.invoke(StandardWrapperValve.java:218)
	at org.apache.catalina.core.StandardContextValve.invoke(StandardContextValve.java:122)
	at org.apache.catalina.core.StandardHostValve.invoke(StandardHostValve.java:169)
	at org.apache.catalina.valves.ErrorReportValve.invoke(ErrorReportValve.java:103)
	at org.apache.catalina.core.StandardEngineValve.invoke(StandardEngineValve.java:116)
	at org.apache.catalina.connector.CoyoteAdapter.service(CoyoteAdapter.java:442)
	at org.apache.coyote.http11.AbstractHttp11Processor.process(AbstractHttp11Processor.java:1082)
	at org.apache.coyote.AbstractProtocol$AbstractConnectionHandler.process(AbstractProtocol.java:623)
	at org.apache.tomcat.util.net.JIoEndpoint$SocketProcessor.run(JIoEndpoint.java:318)
	at java.util.concurrent.ThreadPoolExecutor.runWorker(ThreadPoolExecutor.java:1149)
	at java.util.concurrent.ThreadPoolExecutor$Worker.run(ThreadPoolExecutor.java:624)
	at org.apache.tomcat.util.threads.TaskThread$WrappingRunnable.run(TaskThread.java:61)
	at java.lang.Thread.run(Thread.java:748)
2025-05-16 16:10:46,756 [http-bio-8080-exec-34] ERROR StackTrace  - Full Stack Trace:
java.lang.RuntimeException: Error initializing GroovyPageView
	at grails.plugin.cache.web.filter.PageFragmentCachingFilter.doFilter(PageFragmentCachingFilter.java:198)
	at grails.plugin.cache.web.filter.AbstractFilter.doFilter(AbstractFilter.java:63)
	at java.util.concurrent.ThreadPoolExecutor.runWorker(ThreadPoolExecutor.java:1149)
	at java.util.concurrent.ThreadPoolExecutor$Worker.run(ThreadPoolExecutor.java:624)
	at java.lang.Thread.run(Thread.java:748)
Caused by: org.codehaus.groovy.grails.web.taglib.exceptions.GrailsTagException: Expecting '=' after attribute name (code="tekEvent.venue.label" default="Volunters" </span).
	at grails.util.CacheEntry.getValue(CacheEntry.java:144)
	at grails.util.CacheEntry.getValue(CacheEntry.java:84)
	... 5 more
2025-05-16 16:10:46,757 [http-bio-8080-exec-34] ERROR StackTrace  - Full Stack Trace:
java.lang.RuntimeException: Error initializing GroovyPageView
	at grails.plugin.cache.web.filter.PageFragmentCachingFilter.doFilter(PageFragmentCachingFilter.java:198)
	at grails.plugin.cache.web.filter.AbstractFilter.doFilter(AbstractFilter.java:63)
	at java.util.concurrent.ThreadPoolExecutor.runWorker(ThreadPoolExecutor.java:1149)
	at java.util.concurrent.ThreadPoolExecutor$Worker.run(ThreadPoolExecutor.java:624)
	at java.lang.Thread.run(Thread.java:748)
Caused by: org.codehaus.groovy.grails.web.taglib.exceptions.GrailsTagException: Expecting '=' after attribute name (code="tekEvent.venue.label" default="Volunters" </span).
	at grails.util.CacheEntry.getValue(CacheEntry.java:144)
	at grails.util.CacheEntry.getValue(CacheEntry.java:84)
	... 5 more
2025-05-16 16:10:46,757 [http-bio-8080-exec-34] ERROR StackTrace  - Full Stack Trace:
org.codehaus.groovy.grails.web.taglib.exceptions.GrailsTagException: Expecting '=' after attribute name (code="tekEvent.venue.label" default="Volunters" </span).
	at grails.util.CacheEntry.getValue(CacheEntry.java:144)
	at grails.util.CacheEntry.getValue(CacheEntry.java:84)
	at grails.plugin.cache.web.filter.PageFragmentCachingFilter.doFilter(PageFragmentCachingFilter.java:198)
	at grails.plugin.cache.web.filter.AbstractFilter.doFilter(AbstractFilter.java:63)
	at java.util.concurrent.ThreadPoolExecutor.runWorker(ThreadPoolExecutor.java:1149)
	at java.util.concurrent.ThreadPoolExecutor$Worker.run(ThreadPoolExecutor.java:624)
	at java.lang.Thread.run(Thread.java:748)
2025-05-16 16:10:46,757 [http-bio-8080-exec-34] ERROR StackTrace  - Full Stack Trace:
java.lang.RuntimeException: Error initializing GroovyPageView
	at grails.plugin.cache.web.filter.PageFragmentCachingFilter.doFilter(PageFragmentCachingFilter.java:198)
	at grails.plugin.cache.web.filter.AbstractFilter.doFilter(AbstractFilter.java:63)
	at java.util.concurrent.ThreadPoolExecutor.runWorker(ThreadPoolExecutor.java:1149)
	at java.util.concurrent.ThreadPoolExecutor$Worker.run(ThreadPoolExecutor.java:624)
	at java.lang.Thread.run(Thread.java:748)
Caused by: org.codehaus.groovy.grails.web.taglib.exceptions.GrailsTagException: Expecting '=' after attribute name (code="tekEvent.venue.label" default="Volunters" </span).
	at grails.util.CacheEntry.getValue(CacheEntry.java:144)
	at grails.util.CacheEntry.getValue(CacheEntry.java:84)
	... 5 more
2025-05-16 16:10:46,757 [http-bio-8080-exec-34] ERROR StackTrace  - Full Stack Trace:
java.lang.RuntimeException: Error initializing GroovyPageView
	at grails.plugin.cache.web.filter.PageFragmentCachingFilter.doFilter(PageFragmentCachingFilter.java:198)
	at grails.plugin.cache.web.filter.AbstractFilter.doFilter(AbstractFilter.java:63)
	at java.util.concurrent.ThreadPoolExecutor.runWorker(ThreadPoolExecutor.java:1149)
	at java.util.concurrent.ThreadPoolExecutor$Worker.run(ThreadPoolExecutor.java:624)
	at java.lang.Thread.run(Thread.java:748)
Caused by: org.codehaus.groovy.grails.web.taglib.exceptions.GrailsTagException: Expecting '=' after attribute name (code="tekEvent.venue.label" default="Volunters" </span).
	at grails.util.CacheEntry.getValue(CacheEntry.java:144)
	at grails.util.CacheEntry.getValue(CacheEntry.java:84)
	... 5 more
2025-05-16 16:10:46,757 [http-bio-8080-exec-34] ERROR StackTrace  - Full Stack Trace:
org.codehaus.groovy.grails.web.taglib.exceptions.GrailsTagException: Expecting '=' after attribute name (code="tekEvent.venue.label" default="Volunters" </span).
	at grails.util.CacheEntry.getValue(CacheEntry.java:144)
	at grails.util.CacheEntry.getValue(CacheEntry.java:84)
	at grails.plugin.cache.web.filter.PageFragmentCachingFilter.doFilter(PageFragmentCachingFilter.java:198)
	at grails.plugin.cache.web.filter.AbstractFilter.doFilter(AbstractFilter.java:63)
	at java.util.concurrent.ThreadPoolExecutor.runWorker(ThreadPoolExecutor.java:1149)
	at java.util.concurrent.ThreadPoolExecutor$Worker.run(ThreadPoolExecutor.java:624)
	at java.lang.Thread.run(Thread.java:748)
2025-05-16 16:10:46,757 [http-bio-8080-exec-34] ERROR StackTrace  - Full Stack Trace:
java.lang.RuntimeException: Error initializing GroovyPageView
	at grails.plugin.cache.web.filter.PageFragmentCachingFilter.doFilter(PageFragmentCachingFilter.java:198)
	at grails.plugin.cache.web.filter.AbstractFilter.doFilter(AbstractFilter.java:63)
	at java.util.concurrent.ThreadPoolExecutor.runWorker(ThreadPoolExecutor.java:1149)
	at java.util.concurrent.ThreadPoolExecutor$Worker.run(ThreadPoolExecutor.java:624)
	at java.lang.Thread.run(Thread.java:748)
Caused by: org.codehaus.groovy.grails.web.taglib.exceptions.GrailsTagException: Expecting '=' after attribute name (code="tekEvent.venue.label" default="Volunters" </span).
	at grails.util.CacheEntry.getValue(CacheEntry.java:144)
	at grails.util.CacheEntry.getValue(CacheEntry.java:84)
	... 5 more
2025-05-19 16:02:06,153 [FileSystemWatcher: files=#8 cl=groovy.lang.GroovyClassLoader@3df16ff4] ERROR StackTrace  - Full Stack Trace:
groovy.lang.GroovyRuntimeException: Ambiguous method overloading for method grails.spring.BeanBuilder#registerBeans.
Cannot resolve which method to invoke for [null] due to overlapping prototypes between:
	[interface org.codehaus.groovy.grails.commons.spring.RuntimeSpringConfiguration]
	[interface org.springframework.beans.factory.support.BeanDefinitionRegistry]
	at groovy.lang.MetaClassImpl.chooseMostSpecificParams(MetaClassImpl.java:3268)
	at groovy.lang.MetaClassImpl.chooseMethodInternal(MetaClassImpl.java:3221)
	at groovy.lang.MetaClassImpl.chooseMethod(MetaClassImpl.java:3164)
	at groovy.lang.MetaClassImpl.getMethodWithCachingInternal(MetaClassImpl.java:1336)
	at groovy.lang.MetaClassImpl.createPogoCallSite(MetaClassImpl.java:3431)
	at groovy.lang.ExpandoMetaClass.createPogoCallSite(ExpandoMetaClass.java:1316)
	at org.codehaus.groovy.runtime.callsite.CallSiteArray.createPogoSite(CallSiteArray.java:150)
	at org.codehaus.groovy.runtime.callsite.CallSiteArray.createCallSite(CallSiteArray.java:164)
	at org.codehaus.groovy.runtime.callsite.CallSiteArray.defaultCall(CallSiteArray.java:48)
	at org.codehaus.groovy.runtime.callsite.AbstractCallSite.call(AbstractCallSite.java:113)
	at org.codehaus.groovy.runtime.callsite.AbstractCallSite.call(AbstractCallSite.java:125)
	at org.codehaus.groovy.grails.plugins.DomainClassGrailsPlugin$_closure3.doCall(DomainClassGrailsPlugin.groovy:154)
	at sun.reflect.NativeMethodAccessorImpl.invoke0(Native Method)
	at sun.reflect.NativeMethodAccessorImpl.invoke(NativeMethodAccessorImpl.java:62)
	at sun.reflect.DelegatingMethodAccessorImpl.invoke(DelegatingMethodAccessorImpl.java:43)
	at java.lang.reflect.Method.invoke(Method.java:498)
	at org.springsource.loaded.ri.ReflectiveInterceptor.jlrMethodInvoke(ReflectiveInterceptor.java:1432)
	at org.codehaus.groovy.reflection.CachedMethod.invoke(CachedMethod.java:93)
	at groovy.lang.MetaMethod.doMethodInvoke(MetaMethod.java:325)
	at groovy.lang.MetaClassImpl.invokeMethod(MetaClassImpl.java:1218)
	at groovy.lang.ExpandoMetaClass.invokeMethod(ExpandoMetaClass.java:1125)
	at groovy.lang.MetaClassImpl.invokeMethod(MetaClassImpl.java:1027)
	at groovy.lang.Closure.call(Closure.java:414)
	at org.codehaus.groovy.grails.plugins.DefaultGrailsPlugin.invokeOnChangeListener(DefaultGrailsPlugin.java:767)
	at org.codehaus.groovy.grails.plugins.DefaultGrailsPlugin.notifyOfEvent(DefaultGrailsPlugin.java:716)
	at org.codehaus.groovy.grails.plugins.DefaultGrailsPlugin.notifyOfEvent(DefaultGrailsPlugin.java:731)
	at org.codehaus.groovy.grails.plugins.AbstractGrailsPluginManager.informOfClassChange(AbstractGrailsPluginManager.java:408)
	at org.codehaus.groovy.grails.project.compiler.GrailsProjectWatcher$2.run(GrailsProjectWatcher.java:246)
	at org.codehaus.groovy.grails.project.compiler.GrailsProjectWatcher.firePendingClassChangeEvents(GrailsProjectWatcher.java:107)
	at org.codehaus.groovy.grails.cli.agent.GrailsPluginManagerReloadPlugin.reloadEvent(GrailsPluginManagerReloadPlugin.java:42)
	at org.springsource.loaded.TypeRegistry.fireReloadEvent(TypeRegistry.java:2026)
	at org.springsource.loaded.ReloadableType.loadNewVersion(ReloadableType.java:444)
	at org.springsource.loaded.TypeRegistry.loadNewVersion(TypeRegistry.java:1018)
	at org.springsource.loaded.agent.ReloadableFileChangeListener.fileChanged(ReloadableFileChangeListener.java:104)
	at org.springsource.loaded.agent.Watcher.determineChangesSince(FileSystemWatcher.java:251)
	at org.springsource.loaded.agent.Watcher.run(FileSystemWatcher.java:235)
	at java.lang.Thread.run(Thread.java:748)
2025-05-19 16:02:06,154 [FileSystemWatcher: files=#8 cl=groovy.lang.GroovyClassLoader@3df16ff4] ERROR StackTrace  - Full Stack Trace:
groovy.lang.GroovyRuntimeException: Ambiguous method overloading for method grails.spring.BeanBuilder#registerBeans.
Cannot resolve which method to invoke for [null] due to overlapping prototypes between:
	[interface org.codehaus.groovy.grails.commons.spring.RuntimeSpringConfiguration]
	[interface org.springframework.beans.factory.support.BeanDefinitionRegistry]
	at java.lang.Thread.run(Thread.java:748)
2025-05-19 16:02:06,154 [FileSystemWatcher: files=#8 cl=groovy.lang.GroovyClassLoader@3df16ff4] ERROR StackTrace  - Full Stack Trace:
groovy.lang.GroovyRuntimeException: Ambiguous method overloading for method grails.spring.BeanBuilder#registerBeans.
Cannot resolve which method to invoke for [null] due to overlapping prototypes between:
	[interface org.codehaus.groovy.grails.commons.spring.RuntimeSpringConfiguration]
	[interface org.springframework.beans.factory.support.BeanDefinitionRegistry]
	at java.lang.Thread.run(Thread.java:748)
2025-05-19 16:02:06,154 [FileSystemWatcher: files=#8 cl=groovy.lang.GroovyClassLoader@3df16ff4] ERROR StackTrace  - Full Stack Trace:
groovy.lang.GroovyRuntimeException: Ambiguous method overloading for method grails.spring.BeanBuilder#registerBeans.
Cannot resolve which method to invoke for [null] due to overlapping prototypes between:
	[interface org.codehaus.groovy.grails.commons.spring.RuntimeSpringConfiguration]
	[interface org.springframework.beans.factory.support.BeanDefinitionRegistry]
	at java.lang.Thread.run(Thread.java:748)
2025-05-19 16:04:02,983 [FileSystemWatcher: files=#8 cl=groovy.lang.GroovyClassLoader@2acc95b2] ERROR StackTrace  - Full Stack Trace:
groovy.lang.GroovyRuntimeException: Ambiguous method overloading for method grails.spring.BeanBuilder#registerBeans.
Cannot resolve which method to invoke for [null] due to overlapping prototypes between:
	[interface org.codehaus.groovy.grails.commons.spring.RuntimeSpringConfiguration]
	[interface org.springframework.beans.factory.support.BeanDefinitionRegistry]
	at groovy.lang.MetaClassImpl.chooseMostSpecificParams(MetaClassImpl.java:3268)
	at groovy.lang.MetaClassImpl.chooseMethodInternal(MetaClassImpl.java:3221)
	at groovy.lang.MetaClassImpl.chooseMethod(MetaClassImpl.java:3164)
	at groovy.lang.MetaClassImpl.getMethodWithCachingInternal(MetaClassImpl.java:1336)
	at groovy.lang.MetaClassImpl.createPogoCallSite(MetaClassImpl.java:3431)
	at groovy.lang.ExpandoMetaClass.createPogoCallSite(ExpandoMetaClass.java:1316)
	at org.codehaus.groovy.runtime.callsite.CallSiteArray.createPogoSite(CallSiteArray.java:150)
	at org.codehaus.groovy.runtime.callsite.CallSiteArray.createCallSite(CallSiteArray.java:164)
	at org.codehaus.groovy.runtime.callsite.CallSiteArray.defaultCall(CallSiteArray.java:48)
	at org.codehaus.groovy.runtime.callsite.AbstractCallSite.call(AbstractCallSite.java:113)
	at org.codehaus.groovy.runtime.callsite.AbstractCallSite.call(AbstractCallSite.java:125)
	at org.codehaus.groovy.grails.plugins.DomainClassGrailsPlugin$_closure3.doCall(DomainClassGrailsPlugin.groovy:154)
	at sun.reflect.NativeMethodAccessorImpl.invoke0(Native Method)
	at sun.reflect.NativeMethodAccessorImpl.invoke(NativeMethodAccessorImpl.java:62)
	at sun.reflect.DelegatingMethodAccessorImpl.invoke(DelegatingMethodAccessorImpl.java:43)
	at java.lang.reflect.Method.invoke(Method.java:498)
	at org.springsource.loaded.ri.ReflectiveInterceptor.jlrMethodInvoke(ReflectiveInterceptor.java:1432)
	at org.codehaus.groovy.reflection.CachedMethod.invoke(CachedMethod.java:93)
	at groovy.lang.MetaMethod.doMethodInvoke(MetaMethod.java:325)
	at groovy.lang.MetaClassImpl.invokeMethod(MetaClassImpl.java:1218)
	at groovy.lang.ExpandoMetaClass.invokeMethod(ExpandoMetaClass.java:1125)
	at groovy.lang.MetaClassImpl.invokeMethod(MetaClassImpl.java:1027)
	at groovy.lang.Closure.call(Closure.java:414)
	at org.codehaus.groovy.grails.plugins.DefaultGrailsPlugin.invokeOnChangeListener(DefaultGrailsPlugin.java:767)
	at org.codehaus.groovy.grails.plugins.DefaultGrailsPlugin.notifyOfEvent(DefaultGrailsPlugin.java:716)
	at org.codehaus.groovy.grails.plugins.DefaultGrailsPlugin.notifyOfEvent(DefaultGrailsPlugin.java:731)
	at org.codehaus.groovy.grails.plugins.AbstractGrailsPluginManager.informOfClassChange(AbstractGrailsPluginManager.java:408)
	at org.codehaus.groovy.grails.project.compiler.GrailsProjectWatcher$2.run(GrailsProjectWatcher.java:246)
	at org.codehaus.groovy.grails.project.compiler.GrailsProjectWatcher.firePendingClassChangeEvents(GrailsProjectWatcher.java:107)
	at org.codehaus.groovy.grails.cli.agent.GrailsPluginManagerReloadPlugin.reloadEvent(GrailsPluginManagerReloadPlugin.java:42)
	at org.springsource.loaded.TypeRegistry.fireReloadEvent(TypeRegistry.java:2026)
	at org.springsource.loaded.ReloadableType.loadNewVersion(ReloadableType.java:444)
	at org.springsource.loaded.TypeRegistry.loadNewVersion(TypeRegistry.java:1018)
	at org.springsource.loaded.agent.ReloadableFileChangeListener.fileChanged(ReloadableFileChangeListener.java:104)
	at org.springsource.loaded.agent.Watcher.determineChangesSince(FileSystemWatcher.java:251)
	at org.springsource.loaded.agent.Watcher.run(FileSystemWatcher.java:235)
	at java.lang.Thread.run(Thread.java:748)
2025-05-19 16:04:02,985 [FileSystemWatcher: files=#8 cl=groovy.lang.GroovyClassLoader@2acc95b2] ERROR StackTrace  - Full Stack Trace:
groovy.lang.GroovyRuntimeException: Ambiguous method overloading for method grails.spring.BeanBuilder#registerBeans.
Cannot resolve which method to invoke for [null] due to overlapping prototypes between:
	[interface org.codehaus.groovy.grails.commons.spring.RuntimeSpringConfiguration]
	[interface org.springframework.beans.factory.support.BeanDefinitionRegistry]
	at java.lang.Thread.run(Thread.java:748)
2025-05-19 16:04:02,985 [FileSystemWatcher: files=#8 cl=groovy.lang.GroovyClassLoader@2acc95b2] ERROR StackTrace  - Full Stack Trace:
groovy.lang.GroovyRuntimeException: Ambiguous method overloading for method grails.spring.BeanBuilder#registerBeans.
Cannot resolve which method to invoke for [null] due to overlapping prototypes between:
	[interface org.codehaus.groovy.grails.commons.spring.RuntimeSpringConfiguration]
	[interface org.springframework.beans.factory.support.BeanDefinitionRegistry]
	at java.lang.Thread.run(Thread.java:748)
2025-05-19 16:04:02,985 [FileSystemWatcher: files=#8 cl=groovy.lang.GroovyClassLoader@2acc95b2] ERROR StackTrace  - Full Stack Trace:
groovy.lang.GroovyRuntimeException: Ambiguous method overloading for method grails.spring.BeanBuilder#registerBeans.
Cannot resolve which method to invoke for [null] due to overlapping prototypes between:
	[interface org.codehaus.groovy.grails.commons.spring.RuntimeSpringConfiguration]
	[interface org.springframework.beans.factory.support.BeanDefinitionRegistry]
	at java.lang.Thread.run(Thread.java:748)
2025-05-19 17:09:54,298 [localhost-startStop-1] ERROR StackTrace  - Full Stack Trace:
groovy.lang.MissingMethodException: No signature of method: com.tekdays.TekEvent.addToSponsorships() is applicable for argument types: (null) values: [null]
Possible solutions: addToSponsorships(java.lang.Object), getSponsorships()
	at sun.reflect.NativeConstructorAccessorImpl.newInstance0(Native Method)
	at sun.reflect.NativeConstructorAccessorImpl.newInstance(NativeConstructorAccessorImpl.java:62)
	at sun.reflect.DelegatingConstructorAccessorImpl.newInstance(DelegatingConstructorAccessorImpl.java:45)
	at java.lang.reflect.Constructor.newInstance(Constructor.java:423)
	at org.springsource.loaded.ri.ReflectiveInterceptor.jlrConstructorNewInstance(ReflectiveInterceptor.java:1075)
	at org.codehaus.groovy.reflection.CachedConstructor.invoke(CachedConstructor.java:83)
	at org.codehaus.groovy.reflection.CachedConstructor.doConstructorInvoke(CachedConstructor.java:77)
	at org.codehaus.groovy.runtime.callsite.ConstructorSite.callConstructor(ConstructorSite.java:45)
	at org.codehaus.groovy.runtime.callsite.CallSiteArray.defaultCallConstructor(CallSiteArray.java:60)
	at org.codehaus.groovy.runtime.callsite.AbstractCallSite.callConstructor(AbstractCallSite.java:235)
	at org.codehaus.groovy.runtime.callsite.AbstractCallSite.callConstructor(AbstractCallSite.java:263)
	at org.codehaus.groovy.grails.orm.hibernate.AbstractHibernateGormEnhancer$_addRelationshipManagementMethods_closure4.doCall(AbstractHibernateGormEnhancer.groovy:141)
	at sun.reflect.NativeMethodAccessorImpl.invoke0(Native Method)
	at sun.reflect.NativeMethodAccessorImpl.invoke(NativeMethodAccessorImpl.java:62)
	at sun.reflect.DelegatingMethodAccessorImpl.invoke(DelegatingMethodAccessorImpl.java:43)
	at java.lang.reflect.Method.invoke(Method.java:498)
	at org.springsource.loaded.ri.ReflectiveInterceptor.jlrMethodInvoke(ReflectiveInterceptor.java:1426)
	at org.codehaus.groovy.reflection.CachedMethod.invoke(CachedMethod.java:93)
	at org.codehaus.groovy.runtime.metaclass.ClosureMetaMethod.invoke(ClosureMetaMethod.java:84)
	at org.codehaus.groovy.runtime.callsite.PogoMetaMethodSite$PogoMetaMethodSiteNoUnwrapNoCoerce.invoke(PogoMetaMethodSite.java:251)
	at org.codehaus.groovy.runtime.callsite.PogoMetaMethodSite.call(PogoMetaMethodSite.java:71)
	at org.codehaus.groovy.runtime.callsite.CallSiteArray.defaultCall(CallSiteArray.java:48)
	at org.codehaus.groovy.runtime.callsite.AbstractCallSite.call(AbstractCallSite.java:113)
	at org.codehaus.groovy.runtime.callsite.AbstractCallSite.call(AbstractCallSite.java:125)
	at BootStrap$_closure1.doCall(BootStrap.groovy:57)
	at sun.reflect.NativeMethodAccessorImpl.invoke0(Native Method)
	at sun.reflect.NativeMethodAccessorImpl.invoke(NativeMethodAccessorImpl.java:62)
	at sun.reflect.DelegatingMethodAccessorImpl.invoke(DelegatingMethodAccessorImpl.java:43)
	at java.lang.reflect.Method.invoke(Method.java:498)
	at org.springsource.loaded.ri.ReflectiveInterceptor.jlrMethodInvoke(ReflectiveInterceptor.java:1426)
	at org.codehaus.groovy.reflection.CachedMethod.invoke(CachedMethod.java:93)
	at groovy.lang.MetaMethod.doMethodInvoke(MetaMethod.java:325)
	at groovy.lang.MetaClassImpl.invokeMethod(MetaClassImpl.java:1218)
	at groovy.lang.ExpandoMetaClass.invokeMethod(ExpandoMetaClass.java:1125)
	at groovy.lang.MetaClassImpl.invokeMethod(MetaClassImpl.java:1027)
	at groovy.lang.MetaClassImpl.invokeMethod(MetaClassImpl.java:1092)
	at groovy.lang.ExpandoMetaClass.invokeMethod(ExpandoMetaClass.java:1125)
	at groovy.lang.MetaClassImpl.invokeMethod(MetaClassImpl.java:1027)
	at groovy.lang.Closure.call(Closure.java:414)
	at groovy.lang.Closure.call(Closure.java:408)
	at grails.util.Environment.evaluateEnvironmentSpecificBlock(Environment.java:327)
	at grails.util.Environment.executeForEnvironment(Environment.java:320)
	at grails.util.Environment.executeForCurrentEnvironment(Environment.java:296)
	at org.codehaus.groovy.grails.commons.DefaultGrailsBootstrapClass.callInit(DefaultGrailsBootstrapClass.java:60)
	at org.codehaus.groovy.grails.web.context.GrailsConfigUtils.executeGrailsBootstraps(GrailsConfigUtils.java:78)
	at org.codehaus.groovy.grails.web.context.GrailsContextLoaderListener.initWebApplicationContext(GrailsContextLoaderListener.java:110)
	at org.springframework.web.context.ContextLoaderListener.contextInitialized(ContextLoaderListener.java:106)
	at org.apache.catalina.core.StandardContext.listenerStart(StandardContext.java:5099)
	at org.apache.catalina.core.StandardContext.startInternal(StandardContext.java:5615)
	at org.apache.catalina.util.LifecycleBase.start(LifecycleBase.java:147)
	at org.apache.catalina.core.ContainerBase$StartChild.call(ContainerBase.java:1571)
	at org.apache.catalina.core.ContainerBase$StartChild.call(ContainerBase.java:1561)
	at java.util.concurrent.FutureTask.run(FutureTask.java:266)
	at java.util.concurrent.ThreadPoolExecutor.runWorker(ThreadPoolExecutor.java:1149)
	at java.util.concurrent.ThreadPoolExecutor$Worker.run(ThreadPoolExecutor.java:624)
	at java.lang.Thread.run(Thread.java:748)
2025-05-19 17:09:54,313 [localhost-startStop-1] ERROR StackTrace  - Full Stack Trace:
groovy.lang.MissingMethodException: No signature of method: com.tekdays.TekEvent.addToSponsorships() is applicable for argument types: (null) values: [null]
Possible solutions: addToSponsorships(java.lang.Object), getSponsorships()
	at BootStrap$_closure1.doCall(BootStrap.groovy:57)
	at grails.util.Environment.evaluateEnvironmentSpecificBlock(Environment.java:327)
	at grails.util.Environment.executeForEnvironment(Environment.java:320)
	at grails.util.Environment.executeForCurrentEnvironment(Environment.java:296)
	at java.util.concurrent.FutureTask.run(FutureTask.java:266)
	at java.util.concurrent.ThreadPoolExecutor.runWorker(ThreadPoolExecutor.java:1149)
	at java.util.concurrent.ThreadPoolExecutor$Worker.run(ThreadPoolExecutor.java:624)
	at java.lang.Thread.run(Thread.java:748)
2025-05-19 17:09:54,321 [localhost-startStop-1] ERROR StackTrace  - Full Stack Trace:
groovy.lang.MissingMethodException: No signature of method: com.tekdays.TekEvent.addToSponsorships() is applicable for argument types: (null) values: [null]
Possible solutions: addToSponsorships(java.lang.Object), getSponsorships()
	at BootStrap$_closure1.doCall(BootStrap.groovy:57)
	at grails.util.Environment.evaluateEnvironmentSpecificBlock(Environment.java:327)
	at grails.util.Environment.executeForEnvironment(Environment.java:320)
	at grails.util.Environment.executeForCurrentEnvironment(Environment.java:296)
	at java.util.concurrent.FutureTask.run(FutureTask.java:266)
	at java.util.concurrent.ThreadPoolExecutor.runWorker(ThreadPoolExecutor.java:1149)
	at java.util.concurrent.ThreadPoolExecutor$Worker.run(ThreadPoolExecutor.java:624)
	at java.lang.Thread.run(Thread.java:748)
2025-05-19 17:09:54,325 [localhost-startStop-1] ERROR StackTrace  - Full Stack Trace:
groovy.lang.MissingMethodException: No signature of method: com.tekdays.TekEvent.addToSponsorships() is applicable for argument types: (null) values: [null]
Possible solutions: addToSponsorships(java.lang.Object), getSponsorships()
	at BootStrap$_closure1.doCall(BootStrap.groovy:57)
	at grails.util.Environment.evaluateEnvironmentSpecificBlock(Environment.java:327)
	at grails.util.Environment.executeForEnvironment(Environment.java:320)
	at grails.util.Environment.executeForCurrentEnvironment(Environment.java:296)
	at java.util.concurrent.FutureTask.run(FutureTask.java:266)
	at java.util.concurrent.ThreadPoolExecutor.runWorker(ThreadPoolExecutor.java:1149)
	at java.util.concurrent.ThreadPoolExecutor$Worker.run(ThreadPoolExecutor.java:624)
	at java.lang.Thread.run(Thread.java:748)
2025-05-19 17:09:54,333 [localhost-startStop-1] ERROR StackTrace  - Full Stack Trace:
groovy.lang.MissingMethodException: No signature of method: com.tekdays.TekEvent.addToSponsorships() is applicable for argument types: (null) values: [null]
Possible solutions: addToSponsorships(java.lang.Object), getSponsorships()
	at BootStrap$_closure1.doCall(BootStrap.groovy:57)
	at grails.util.Environment.evaluateEnvironmentSpecificBlock(Environment.java:327)
	at grails.util.Environment.executeForEnvironment(Environment.java:320)
	at grails.util.Environment.executeForCurrentEnvironment(Environment.java:296)
	at java.util.concurrent.FutureTask.run(FutureTask.java:266)
	at java.util.concurrent.ThreadPoolExecutor.runWorker(ThreadPoolExecutor.java:1149)
	at java.util.concurrent.ThreadPoolExecutor$Worker.run(ThreadPoolExecutor.java:624)
	at java.lang.Thread.run(Thread.java:748)
2025-05-19 17:09:54,337 [localhost-startStop-1] ERROR StackTrace  - Full Stack Trace:
groovy.lang.MissingMethodException: No signature of method: com.tekdays.TekEvent.addToSponsorships() is applicable for argument types: (null) values: [null]
Possible solutions: addToSponsorships(java.lang.Object), getSponsorships()
	at BootStrap$_closure1.doCall(BootStrap.groovy:57)
	at grails.util.Environment.evaluateEnvironmentSpecificBlock(Environment.java:327)
	at grails.util.Environment.executeForEnvironment(Environment.java:320)
	at grails.util.Environment.executeForCurrentEnvironment(Environment.java:296)
	at java.util.concurrent.FutureTask.run(FutureTask.java:266)
	at java.util.concurrent.ThreadPoolExecutor.runWorker(ThreadPoolExecutor.java:1149)
	at java.util.concurrent.ThreadPoolExecutor$Worker.run(ThreadPoolExecutor.java:624)
	at java.lang.Thread.run(Thread.java:748)
2025-05-19 17:10:19,664 [localhost-startStop-1] ERROR StackTrace  - Full Stack Trace:
groovy.lang.MissingMethodException: No signature of method: com.tekdays.TekEvent.addToSponsorships() is applicable for argument types: (null) values: [null]
Possible solutions: addToSponsorships(java.lang.Object), getSponsorships()
	at sun.reflect.NativeConstructorAccessorImpl.newInstance0(Native Method)
	at sun.reflect.NativeConstructorAccessorImpl.newInstance(NativeConstructorAccessorImpl.java:62)
	at sun.reflect.DelegatingConstructorAccessorImpl.newInstance(DelegatingConstructorAccessorImpl.java:45)
	at java.lang.reflect.Constructor.newInstance(Constructor.java:423)
	at org.springsource.loaded.ri.ReflectiveInterceptor.jlrConstructorNewInstance(ReflectiveInterceptor.java:1075)
	at org.codehaus.groovy.reflection.CachedConstructor.invoke(CachedConstructor.java:83)
	at org.codehaus.groovy.reflection.CachedConstructor.doConstructorInvoke(CachedConstructor.java:77)
	at org.codehaus.groovy.runtime.callsite.ConstructorSite.callConstructor(ConstructorSite.java:45)
	at org.codehaus.groovy.runtime.callsite.CallSiteArray.defaultCallConstructor(CallSiteArray.java:60)
	at org.codehaus.groovy.runtime.callsite.AbstractCallSite.callConstructor(AbstractCallSite.java:235)
	at org.codehaus.groovy.runtime.callsite.AbstractCallSite.callConstructor(AbstractCallSite.java:263)
	at org.codehaus.groovy.grails.orm.hibernate.AbstractHibernateGormEnhancer$_addRelationshipManagementMethods_closure4.doCall(AbstractHibernateGormEnhancer.groovy:141)
	at sun.reflect.NativeMethodAccessorImpl.invoke0(Native Method)
	at sun.reflect.NativeMethodAccessorImpl.invoke(NativeMethodAccessorImpl.java:62)
	at sun.reflect.DelegatingMethodAccessorImpl.invoke(DelegatingMethodAccessorImpl.java:43)
	at java.lang.reflect.Method.invoke(Method.java:498)
	at org.springsource.loaded.ri.ReflectiveInterceptor.jlrMethodInvoke(ReflectiveInterceptor.java:1426)
	at org.codehaus.groovy.reflection.CachedMethod.invoke(CachedMethod.java:93)
	at org.codehaus.groovy.runtime.metaclass.ClosureMetaMethod.invoke(ClosureMetaMethod.java:84)
	at org.codehaus.groovy.runtime.callsite.PogoMetaMethodSite$PogoMetaMethodSiteNoUnwrapNoCoerce.invoke(PogoMetaMethodSite.java:251)
	at org.codehaus.groovy.runtime.callsite.PogoMetaMethodSite.call(PogoMetaMethodSite.java:71)
	at org.codehaus.groovy.runtime.callsite.CallSiteArray.defaultCall(CallSiteArray.java:48)
	at org.codehaus.groovy.runtime.callsite.AbstractCallSite.call(AbstractCallSite.java:113)
	at org.codehaus.groovy.runtime.callsite.AbstractCallSite.call(AbstractCallSite.java:125)
	at BootStrap$_closure1.doCall(BootStrap.groovy:57)
	at sun.reflect.NativeMethodAccessorImpl.invoke0(Native Method)
	at sun.reflect.NativeMethodAccessorImpl.invoke(NativeMethodAccessorImpl.java:62)
	at sun.reflect.DelegatingMethodAccessorImpl.invoke(DelegatingMethodAccessorImpl.java:43)
	at java.lang.reflect.Method.invoke(Method.java:498)
	at org.springsource.loaded.ri.ReflectiveInterceptor.jlrMethodInvoke(ReflectiveInterceptor.java:1426)
	at org.codehaus.groovy.reflection.CachedMethod.invoke(CachedMethod.java:93)
	at groovy.lang.MetaMethod.doMethodInvoke(MetaMethod.java:325)
	at groovy.lang.MetaClassImpl.invokeMethod(MetaClassImpl.java:1218)
	at groovy.lang.ExpandoMetaClass.invokeMethod(ExpandoMetaClass.java:1125)
	at groovy.lang.MetaClassImpl.invokeMethod(MetaClassImpl.java:1027)
	at groovy.lang.MetaClassImpl.invokeMethod(MetaClassImpl.java:1092)
	at groovy.lang.ExpandoMetaClass.invokeMethod(ExpandoMetaClass.java:1125)
	at groovy.lang.MetaClassImpl.invokeMethod(MetaClassImpl.java:1027)
	at groovy.lang.Closure.call(Closure.java:414)
	at groovy.lang.Closure.call(Closure.java:408)
	at grails.util.Environment.evaluateEnvironmentSpecificBlock(Environment.java:327)
	at grails.util.Environment.executeForEnvironment(Environment.java:320)
	at grails.util.Environment.executeForCurrentEnvironment(Environment.java:296)
	at org.codehaus.groovy.grails.commons.DefaultGrailsBootstrapClass.callInit(DefaultGrailsBootstrapClass.java:60)
	at org.codehaus.groovy.grails.web.context.GrailsConfigUtils.executeGrailsBootstraps(GrailsConfigUtils.java:78)
	at org.codehaus.groovy.grails.web.context.GrailsContextLoaderListener.initWebApplicationContext(GrailsContextLoaderListener.java:110)
	at org.springframework.web.context.ContextLoaderListener.contextInitialized(ContextLoaderListener.java:106)
	at org.apache.catalina.core.StandardContext.listenerStart(StandardContext.java:5099)
	at org.apache.catalina.core.StandardContext.startInternal(StandardContext.java:5615)
	at org.apache.catalina.util.LifecycleBase.start(LifecycleBase.java:147)
	at org.apache.catalina.core.ContainerBase$StartChild.call(ContainerBase.java:1571)
	at org.apache.catalina.core.ContainerBase$StartChild.call(ContainerBase.java:1561)
	at java.util.concurrent.FutureTask.run(FutureTask.java:266)
	at java.util.concurrent.ThreadPoolExecutor.runWorker(ThreadPoolExecutor.java:1149)
	at java.util.concurrent.ThreadPoolExecutor$Worker.run(ThreadPoolExecutor.java:624)
	at java.lang.Thread.run(Thread.java:748)
2025-05-19 17:10:19,677 [localhost-startStop-1] ERROR StackTrace  - Full Stack Trace:
groovy.lang.MissingMethodException: No signature of method: com.tekdays.TekEvent.addToSponsorships() is applicable for argument types: (null) values: [null]
Possible solutions: addToSponsorships(java.lang.Object), getSponsorships()
	at BootStrap$_closure1.doCall(BootStrap.groovy:57)
	at grails.util.Environment.evaluateEnvironmentSpecificBlock(Environment.java:327)
	at grails.util.Environment.executeForEnvironment(Environment.java:320)
	at grails.util.Environment.executeForCurrentEnvironment(Environment.java:296)
	at java.util.concurrent.FutureTask.run(FutureTask.java:266)
	at java.util.concurrent.ThreadPoolExecutor.runWorker(ThreadPoolExecutor.java:1149)
	at java.util.concurrent.ThreadPoolExecutor$Worker.run(ThreadPoolExecutor.java:624)
	at java.lang.Thread.run(Thread.java:748)
2025-05-19 17:10:19,685 [localhost-startStop-1] ERROR StackTrace  - Full Stack Trace:
groovy.lang.MissingMethodException: No signature of method: com.tekdays.TekEvent.addToSponsorships() is applicable for argument types: (null) values: [null]
Possible solutions: addToSponsorships(java.lang.Object), getSponsorships()
	at BootStrap$_closure1.doCall(BootStrap.groovy:57)
	at grails.util.Environment.evaluateEnvironmentSpecificBlock(Environment.java:327)
	at grails.util.Environment.executeForEnvironment(Environment.java:320)
	at grails.util.Environment.executeForCurrentEnvironment(Environment.java:296)
	at java.util.concurrent.FutureTask.run(FutureTask.java:266)
	at java.util.concurrent.ThreadPoolExecutor.runWorker(ThreadPoolExecutor.java:1149)
	at java.util.concurrent.ThreadPoolExecutor$Worker.run(ThreadPoolExecutor.java:624)
	at java.lang.Thread.run(Thread.java:748)
2025-05-19 17:10:19,689 [localhost-startStop-1] ERROR StackTrace  - Full Stack Trace:
groovy.lang.MissingMethodException: No signature of method: com.tekdays.TekEvent.addToSponsorships() is applicable for argument types: (null) values: [null]
Possible solutions: addToSponsorships(java.lang.Object), getSponsorships()
	at BootStrap$_closure1.doCall(BootStrap.groovy:57)
	at grails.util.Environment.evaluateEnvironmentSpecificBlock(Environment.java:327)
	at grails.util.Environment.executeForEnvironment(Environment.java:320)
	at grails.util.Environment.executeForCurrentEnvironment(Environment.java:296)
	at java.util.concurrent.FutureTask.run(FutureTask.java:266)
	at java.util.concurrent.ThreadPoolExecutor.runWorker(ThreadPoolExecutor.java:1149)
	at java.util.concurrent.ThreadPoolExecutor$Worker.run(ThreadPoolExecutor.java:624)
	at java.lang.Thread.run(Thread.java:748)
2025-05-19 17:10:19,697 [localhost-startStop-1] ERROR StackTrace  - Full Stack Trace:
groovy.lang.MissingMethodException: No signature of method: com.tekdays.TekEvent.addToSponsorships() is applicable for argument types: (null) values: [null]
Possible solutions: addToSponsorships(java.lang.Object), getSponsorships()
	at BootStrap$_closure1.doCall(BootStrap.groovy:57)
	at grails.util.Environment.evaluateEnvironmentSpecificBlock(Environment.java:327)
	at grails.util.Environment.executeForEnvironment(Environment.java:320)
	at grails.util.Environment.executeForCurrentEnvironment(Environment.java:296)
	at java.util.concurrent.FutureTask.run(FutureTask.java:266)
	at java.util.concurrent.ThreadPoolExecutor.runWorker(ThreadPoolExecutor.java:1149)
	at java.util.concurrent.ThreadPoolExecutor$Worker.run(ThreadPoolExecutor.java:624)
	at java.lang.Thread.run(Thread.java:748)
2025-05-19 17:10:19,701 [localhost-startStop-1] ERROR StackTrace  - Full Stack Trace:
groovy.lang.MissingMethodException: No signature of method: com.tekdays.TekEvent.addToSponsorships() is applicable for argument types: (null) values: [null]
Possible solutions: addToSponsorships(java.lang.Object), getSponsorships()
	at BootStrap$_closure1.doCall(BootStrap.groovy:57)
	at grails.util.Environment.evaluateEnvironmentSpecificBlock(Environment.java:327)
	at grails.util.Environment.executeForEnvironment(Environment.java:320)
	at grails.util.Environment.executeForCurrentEnvironment(Environment.java:296)
	at java.util.concurrent.FutureTask.run(FutureTask.java:266)
	at java.util.concurrent.ThreadPoolExecutor.runWorker(ThreadPoolExecutor.java:1149)
	at java.util.concurrent.ThreadPoolExecutor$Worker.run(ThreadPoolExecutor.java:624)
	at java.lang.Thread.run(Thread.java:748)
